Labor Group,AG_MIA,UTILA,CONSTA,MANUA,WHOLEA,RETAILA,TRANSA,INFOA,FINANCEA,REALEA,PRO_MANA,ADMINA,EDUA,HEALTHA,ARTA,ACCOA,OTHERA,AG_MIB,UTILB,CONSTB,MANUB,WHOLEB,RETAILB,TRANSB,INFOB,FINANCEB,REALEB,PRO_MANB,ADMINB,EDUB,HEALTHB,ARTB,ACCOB,OTHERB,L1WA,L2WA,L3WA,L4WA,L1BA,L2BA,L3BA,L4BA,L1IA,L2IA,L3IA,L4IA,L1WB,L2WB,L3WB,L4WB,L1BB,L2BB,L3BB,L4BB,L1IB,L2IB,L3IB,L4IB,KAP,INVES,HS1A,HS2A,HS3A,HS4A,HS1B,HS2B,HS3B,HS4B,HH1WA,HH2WA,HH3WA,HH4WA,HH5WA,HH1BA,HH2BA,HH3BA,HH4BA,HH5BA,HH1IA,HH2IA,HH3IA,HH4IA,HH5IA,HH1WB,HH2WB,HH3WB,HH4WB,HH5WB,HH1BB,HH2BB,HH3BB,HH4BB,HH5BB,HH1IB,HH2IB,HH3IB,HH4IB,HH5IB,USSOC1WA,USSOC2WA,USSOC3WA,USSOC4WA,USSOC1BA,USSOC2BA,USSOC3BA,USSOC4BA,USSOC1IA,USSOC2IA,USSOC3IA,USSOC4IA,USSOC1WB,USSOC2WB,USSOC3WB,USSOC4WB,USSOC1BB,USSOC2BB,USSOC3BB,USSOC4BB,USSOC1IB,USSOC2IB,USSOC3IB,USSOC4IB,PROTAX,LOCSTX,NCSTX,COUNTYSTX,NCITX,USPIT,OTX,CYGF,COUNTY,STATE,FED,OUT1,OUT2,OUT3,OUT4,ROW
L1WA,9.05850777477942e-09,9.05850777477942e-09,17.783574803084953,70.9326649561317,11.97716582274929,275.8399912984476,10.03063258238867,21.02980286015508,21.006355576949034,1.9523447034461368,44.89013583231042,23.90688327219529,162.77513759342378,233.3778377328,17.112195670727445,469.6784157613277,19.04551624483753,9.05850777477942e-09,9.05850777477942e-09,9.05850777477942e-09,9.05850777477942e-09,9.05850777477942e-09,9.05850777477942e-09,9.05850777477942e-09,9.05850777477942e-09,9.05850777477942e-09,9.05850777477942e-09,9.05850777477942e-09,9.05850777477942e-09,9.05850777477942e-09,9.05850777477942e-09,9.05850777477942e-09,9.05850777477942e-09,9.05850777477942e-09,-1.4255174223586405e-09,-1.425517422358641e-09,-1.4255174223586405e-09,-1.4255174223586405e-09,-1.4255174223586405e-09,-1.4255174223586405e-09,-1.425517422358641e-09,-1.425517422358641e-09,-1.425517422358641e-09,-1.425517422358641e-09,-1.4255174223586405e-09,-1.4255174223586405e-09,-1.4255174223586405e-09,-1.4255174223586405e-09,-1.425517422358641e-09,-1.425517422358641e-09,-1.425517422358641e-09,-1.425517422358641e-09,-1.4255174223586405e-09,-1.4255174223586405e-09,-1.4255174223586405e-09,-1.4255174223586405e-09,-1.425517422358641e-09,-1.425517422358641e-09,-1.425517422358641e-09,-1.425517422358641e-09,9.05850777477942e-09,9.05850777477942e-09,9.05850777477942e-09,9.05850777477942e-09,9.05850777477942e-09,9.05850777477942e-09,9.05850777477942e-09,9.05850777477942e-09,-1.4255174223586405e-09,-1.4255174223586405e-09,-1.4255174223586405e-09,-1.4255174223586405e-09,-1.425517422358641e-09,-1.425517422358641e-09,-1.425517422358641e-09,-1.425517422358641e-09,-1.4255174223586405e-09,-1.4255174223586405e-09,-1.4255174223586405e-09,-1.4255174223586405e-09,-1.425517422358641e-09,-1.425517422358641e-09,-1.425517422358641e-09,-1.425517422358641e-09,-1.4255174223586405e-09,-1.4255174223586405e-09,-1.4255174223586405e-09,-1.4255174223586405e-09,-1.425517422358641e-09,-1.425517422358641e-09,-1.425517422358641e-09,-1.425517422358641e-09,-1.4255174223586405e-09,-1.4255174223586405e-09,-1.4255174223586405e-09,-1.4255174223586405e-09,-1.425517422358641e-09,-1.425517422358641e-09,-1.425517422358641e-09,-1.425517422358641e-09,-1.4255174223586405e-09,-1.4255174223586405e-09,-1.4255174223586405e-09,-1.4255174223586405e-09,-1.425517422358641e-09,-1.425517422358641e-09,-1.425517422358641e-09,-1.425517422358641e-09,-1.4255174223586405e-09,-1.4255174223586405e-09,-1.4255174223586405e-09,-1.4255174223586405e-09,-1.425517422358641e-09,-1.425517422358641e-09,-1.425517422358641e-09,-1.425517422358641e-09,-1.4255174223586405e-09,-1.4255174223586405e-09,-1.4255174223586405e-09,-1.4255174223586405e-09,-1.425517422358641e-09,-1.425517422358641e-09,-1.425517422358641e-09,-1.425517422358641e-09,-1.4255174223586405e-09,-1.4255174223586405e-09,-1.4255174223586405e-09,-1.4255174223586405e-09,-1.425517422358641e-09,-1.425517422358641e-09,5.022761628968167,1.9902215656876452,5.546601777546017e-23,-1.425517422358641e-09,-1.425517422358641e-09,-1.4255174223586405e-09,-1.4255174223586405e-09,-1.4255174223586405e-09
L2WA,1.031196755676301,8.999802030447874e-09,41.55515487031436,305.15242192056996,127.94161834206531,302.26241310660254,23.10389555421925,28.080380734066946,116.20329983523695,24.439682828401413,19.980090695691892,335.1815080521152,318.0216163657749,530.3558080696924,3.0241764337324017,246.23505883480513,28.107759787017287,8.999802030447874e-09,8.999802030447874e-09,8.999802030447874e-09,8.999802030447874e-09,8.999802030447874e-09,8.999802030447874e-09,8.999802030447874e-09,8.999802030447874e-09,8.999802030447874e-09,8.999802030447874e-09,8.999802030447874e-09,8.999802030447874e-09,8.999802030447874e-09,8.999802030447874e-09,8.999802030447874e-09,8.999802030447874e-09,8.999802030447874e-09,-4.4798477139969e-09,-4.4798477139969e-09,-4.4798477139969e-09,-4.4798477139969e-09,-4.4798477139969e-09,-4.4798477139969e-09,-4.4798477139969e-09,-4.4798477139969e-09,-4.4798477139969e-09,-4.4798477139969e-09,-4.4798477139969e-09,-4.4798477139969e-09,-4.4798477139969e-09,-4.4798477139969e-09,-4.4798477139969e-09,-4.4798477139969e-09,-4.4798477139969e-09,-4.4798477139969e-09,-4.4798477139969e-09,-4.4798477139969e-09,-4.4798477139969e-09,-4.4798477139969e-09,-4.4798477139969e-09,-4.4798477139969e-09,-4.4798477139969e-09,-4.4798477139969e-09,8.999802030447874e-09,8.999802030447874e-09,8.999802030447874e-09,8.999802030447874e-09,8.999802030447874e-09,8.999802030447874e-09,8.999802030447874e-09,8.999802030447874e-09,-4.4798477139969e-09,-4.4798477139969e-09,-4.4798477139969e-09,-4.4798477139969e-09,-4.4798477139969e-09,-4.4798477139969e-09,-4.4798477139969e-09,-4.4798477139969e-09,-4.4798477139969e-09,-4.4798477139969e-09,-4.4798477139969e-09,-4.4798477139969e-09,-4.4798477139969e-09,-4.4798477139969e-09,-4.4798477139969e-09,-4.4798477139969e-09,-4.4798477139969e-09,-4.4798477139969e-09,-4.4798477139969e-09,-4.4798477139969e-09,-4.4798477139969e-09,-4.4798477139969e-09,-4.4798477139969e-09,-4.4798477139969e-09,-4.4798477139969e-09,-4.4798477139969e-09,-4.4798477139969e-09,-4.4798477139969e-09,-4.4798477139969e-09,-4.4798477139969e-09,-4.4798477139969e-09,-4.4798477139969e-09,-4.4798477139969e-09,-4.4798477139969e-09,-4.4798477139969e-09,-4.4798477139969e-09,-4.4798477139969e-09,-4.4798477139969e-09,-4.4798477139969e-09,-4.4798477139969e-09,-4.4798477139969e-09,-4.4798477139969e-09,-4.4798477139969e-09,-4.4798477139969e-09,-4.4798477139969e-09,-4.4798477139969e-09,-4.4798477139969e-09,-4.4798477139969e-09,-4.4798477139969e-09,-4.4798477139969e-09,-4.4798477139969e-09,-4.4798477139969e-09,-4.4798477139969e-09,-4.4798477139969e-09,-4.4798477139969e-09,-4.4798477139969e-09,-4.4798477139969e-09,-4.4798477139969e-09,-4.4798477139969e-09,-4.4798477139969e-09,-4.4798477139969e-09,-4.4798477139969e-09,105.70627013598605,49.86322029349556,4.993249358814205,-4.4798477139969e-09,-4.4798477139969e-09,-4.4798477139969e-09,-4.4798477139969e-09,-4.4798477139969e-09
L3WA,8.936484087823174e-09,0.9852378480666715,63.31782053865454,192.08284491081992,63.96644469887382,238.19055048572176,16.071178621174145,10.02802318647446,112.18863479251308,8.936484087823174e-09,4.994681883526921,71.8197085628463,239.99993888626983,593.2389014422426,2.0159800708557913,8.936484087823174e-09,9.034020677287176,8.936484087823174e-09,8.936484087823174e-09,8.936484087823174e-09,8.936484087823174e-09,8.936484087823174e-09,8.936484087823174e-09,8.936484087823174e-09,8.936484087823174e-09,8.936484087823174e-09,8.936484087823174e-09,8.936484087823174e-09,8.936484087823174e-09,8.936484087823174e-09,8.936484087823174e-09,8.936484087823174e-09,8.936484087823174e-09,8.936484087823174e-09,-6.2226942339184656e-09,-6.2226942339184656e-09,-6.2226942339184656e-09,-6.2226942339184656e-09,-6.2226942339184656e-09,-6.2226942339184656e-09,-6.2226942339184656e-09,-6.2226942339184656e-09,-6.2226942339184656e-09,-6.2226942339184656e-09,-6.2226942339184656e-09,-6.2226942339184656e-09,-6.2226942339184656e-09,-6.2226942339184656e-09,-6.2226942339184656e-09,-6.2226942339184656e-09,-6.2226942339184656e-09,-6.2226942339184656e-09,-6.2226942339184656e-09,-6.2226942339184656e-09,-6.2226942339184656e-09,-6.2226942339184656e-09,-6.2226942339184656e-09,-6.2226942339184656e-09,-6.2226942339184656e-09,-6.2226942339184656e-09,8.936484087823174e-09,8.936484087823174e-09,8.936484087823174e-09,8.936484087823174e-09,8.936484087823174e-09,8.936484087823174e-09,8.936484087823174e-09,8.936484087823174e-09,-6.2226942339184656e-09,-6.2226942339184656e-09,-6.2226942339184656e-09,-6.2226942339184656e-09,-6.2226942339184656e-09,-6.2226942339184656e-09,-6.2226942339184656e-09,-6.2226942339184656e-09,-6.2226942339184656e-09,-6.2226942339184656e-09,-6.2226942339184656e-09,-6.2226942339184656e-09,-6.2226942339184656e-09,-6.2226942339184656e-09,-6.2226942339184656e-09,-6.2226942339184656e-09,-6.2226942339184656e-09,-6.2226942339184656e-09,-6.2226942339184656e-09,-6.2226942339184656e-09,-6.2226942339184656e-09,-6.2226942339184656e-09,-6.2226942339184656e-09,-6.2226942339184656e-09,-6.2226942339184656e-09,-6.2226942339184656e-09,-6.2226942339184656e-09,-6.2226942339184656e-09,-6.2226942339184656e-09,-6.2226942339184656e-09,-6.2226942339184656e-09,-6.2226942339184656e-09,-6.2226942339184656e-09,-6.2226942339184656e-09,-6.2226942339184656e-09,-6.2226942339184656e-09,-6.2226942339184656e-09,-6.2226942339184656e-09,-6.2226942339184656e-09,-6.2226942339184656e-09,-6.2226942339184656e-09,-6.2226942339184656e-09,-6.2226942339184656e-09,-6.2226942339184656e-09,-6.2226942339184656e-09,-6.2226942339184656e-09,-6.2226942339184656e-09,-6.2226942339184656e-09,-6.2226942339184656e-09,-6.2226942339184656e-09,-6.2226942339184656e-09,-6.2226942339184656e-09,-6.2226942339184656e-09,-6.2226942339184656e-09,-6.2226942339184656e-09,-6.2226942339184656e-09,-6.2226942339184656e-09,-6.2226942339184656e-09,-6.2226942339184656e-09,-6.2226942339184656e-09,-6.2226942339184656e-09,-6.2226942339184656e-09,290.9142981927197,135.61414845636355,13.979674535544662,-6.2226942339184656e-09,-6.2226942339184656e-09,-6.2226942339184656e-09,-6.2226942339184656e-09,-6.2226942339184656e-09
L4WA,8.915317487875962e-09,8.915317487875962e-09,8.915317487875962e-09,74.06404396664382,8.915317487875962e-09,8.915317487875962e-09,1.004884381525705,8.915317487875962e-09,2.004237515494346,8.915317487875962e-09,39.97478812976443,119.75143847540994,8.915317487875962e-09,31.972861484968373,8.915317487875962e-09,8.915317487875962e-09,8.915317487875962e-09,8.915317487875962e-09,8.915317487875962e-09,8.915317487875962e-09,8.915317487875962e-09,8.915317487875962e-09,8.915317487875962e-09,8.915317487875962e-09,8.915317487875962e-09,8.915317487875962e-09,8.915317487875962e-09,8.915317487875962e-09,8.915317487875962e-09,8.915317487875962e-09,8.915317487875962e-09,8.915317487875962e-09,8.915317487875962e-09,8.915317487875962e-09,-5.196158831764705e-09,-5.196158831764705e-09,-5.196158831764705e-09,-5.196158831764705e-09,-5.196158831764705e-09,-5.196158831764705e-09,-5.196158831764705e-09,-5.196158831764705e-09,-5.196158831764705e-09,-5.196158831764705e-09,-5.196158831764705e-09,-5.196158831764705e-09,-5.196158831764705e-09,-5.196158831764705e-09,-5.196158831764705e-09,-5.196158831764705e-09,-5.196158831764705e-09,-5.196158831764705e-09,-5.196158831764705e-09,-5.196158831764705e-09,-5.196158831764705e-09,-5.196158831764705e-09,-5.196158831764705e-09,-5.196158831764705e-09,-5.196158831764705e-09,-5.196158831764705e-09,8.915317487875962e-09,8.915317487875962e-09,8.915317487875962e-09,8.915317487875962e-09,8.915317487875962e-09,8.915317487875962e-09,8.915317487875962e-09,8.915317487875962e-09,-5.196158831764705e-09,-5.196158831764705e-09,-5.196158831764705e-09,-5.196158831764705e-09,-5.196158831764705e-09,-5.196158831764705e-09,-5.196158831764705e-09,-5.196158831764705e-09,-5.196158831764705e-09,-5.196158831764705e-09,-5.196158831764705e-09,-5.196158831764705e-09,-5.196158831764705e-09,-5.196158831764705e-09,-5.196158831764705e-09,-5.196158831764705e-09,-5.196158831764705e-09,-5.196158831764705e-09,-5.196158831764705e-09,-5.196158831764705e-09,-5.196158831764705e-09,-5.196158831764705e-09,-5.196158831764705e-09,-5.196158831764705e-09,-5.196158831764705e-09,-5.196158831764705e-09,-5.196158831764705e-09,-5.196158831764705e-09,-5.196158831764705e-09,-5.196158831764705e-09,-5.196158831764705e-09,-5.196158831764705e-09,-5.196158831764705e-09,-5.196158831764705e-09,-5.196158831764705e-09,-5.196158831764705e-09,-5.196158831764705e-09,-5.196158831764705e-09,-5.196158831764705e-09,-5.196158831764705e-09,-5.196158831764705e-09,-5.196158831764705e-09,-5.196158831764705e-09,-5.196158831764705e-09,-5.196158831764705e-09,-5.196158831764705e-09,-5.196158831764705e-09,-5.196158831764705e-09,-5.196158831764705e-09,-5.196158831764705e-09,-5.196158831764705e-09,-5.196158831764705e-09,-5.196158831764705e-09,-5.196158831764705e-09,-5.196158831764705e-09,-5.196158831764705e-09,-5.196158831764705e-09,-5.196158831764705e-09,-5.196158831764705e-09,-5.196158831764705e-09,-5.196158831764705e-09,-5.196158831764705e-09,2.014551344102856,0.9978085330326025,-1.3733760394710192e-20,-5.196158831764705e-09,-5.196158831764705e-09,-5.196158831764705e-09,-5.196158831764705e-09,-5.196158831764705e-09
L1BA,9.015652243847237e-09,9.015652243847237e-09,26.711649014475213,119.048866255427,164.9100544119994,335.2612268003071,9.015652243847237e-09,48.133508454939786,9.015652243847237e-09,19.550005009745018,17.980480165428222,170.56825412341306,370.99217607216826,609.2057079423216,17.135473592339846,360.7776060282742,12.0451099485668,9.015652243847237e-09,9.015652243847237e-09,9.015652243847237e-09,9.015652243847237e-09,9.015652243847237e-09,9.015652243847237e-09,9.015652243847237e-09,9.015652243847237e-09,9.015652243847237e-09,9.015652243847237e-09,9.015652243847237e-09,9.015652243847237e-09,9.015652243847237e-09,9.015652243847237e-09,9.015652243847237e-09,9.015652243847237e-09,9.015652243847237e-09,1.3094618807475393e-10,1.3094618807475393e-10,1.3094618807475393e-10,1.3094618807475393e-10,1.3094618807475393e-10,1.3094618807475393e-10,1.3094618807475393e-10,1.3094618807475393e-10,1.3094618807475393e-10,1.3094618807475393e-10,1.3094618807475393e-10,1.3094618807475393e-10,1.3094618807475393e-10,1.3094618807475393e-10,1.3094618807475393e-10,1.3094618807475393e-10,1.3094618807475393e-10,1.3094618807475393e-10,1.3094618807475393e-10,1.3094618807475393e-10,1.3094618807475393e-10,1.3094618807475393e-10,1.3094618807475393e-10,1.3094618807475393e-10,1.3094618807475393e-10,1.3094618807475393e-10,9.015652243847237e-09,9.015652243847237e-09,9.015652243847237e-09,9.015652243847237e-09,9.015652243847237e-09,9.015652243847237e-09,9.015652243847237e-09,9.015652243847237e-09,1.3094618807475393e-10,1.3094618807475393e-10,1.3094618807475393e-10,1.3094618807475393e-10,1.3094618807475393e-10,1.3094618807475393e-10,1.3094618807475393e-10,1.3094618807475393e-10,1.3094618807475393e-10,1.3094618807475393e-10,1.3094618807475393e-10,1.3094618807475393e-10,1.3094618807475393e-10,1.3094618807475393e-10,1.3094618807475393e-10,1.3094618807475393e-10,1.3094618807475393e-10,1.3094618807475393e-10,1.3094618807475393e-10,1.3094618807475393e-10,1.3094618807475393e-10,1.3094618807475393e-10,1.3094618807475393e-10,1.3094618807475393e-10,1.3094618807475393e-10,1.3094618807475393e-10,1.3094618807475393e-10,1.3094618807475393e-10,1.3094618807475393e-10,1.3094618807475393e-10,1.3094618807475393e-10,1.3094618807475393e-10,1.3094618807475393e-10,1.3094618807475393e-10,1.3094618807475393e-10,1.3094618807475393e-10,1.3094618807475393e-10,1.3094618807475393e-10,1.3094618807475393e-10,1.3094618807475393e-10,1.3094618807475393e-10,1.3094618807475393e-10,1.3094618807475393e-10,1.3094618807475393e-10,1.3094618807475393e-10,1.3094618807475393e-10,1.3094618807475393e-10,1.3094618807475393e-10,1.3094618807475393e-10,1.3094618807475393e-10,1.3094618807475393e-10,1.3094618807475393e-10,1.3094618807475393e-10,1.3094618807475393e-10,1.3094618807475393e-10,1.3094618807475393e-10,1.3094618807475393e-10,1.3094618807475393e-10,1.3094618807475393e-10,1.3094618807475393e-10,1.3094618807475393e-10,1.3094618807475393e-10,99.65266419890521,45.868065053026555,4.992585653574675,1.3094618807475393e-10,1.3094618807475393e-10,1.3094618807475393e-10,1.3094618807475393e-10,1.3094618807475393e-10
L2BA,9.008837684941133e-09,0.9856549833305599,73.24222655951723,271.23171907496135,9.008837684941133e-09,296.36240955702453,5.024369663325419,9.008837684941133e-09,165.34787571121183,9.008837684941133e-09,9.008837684941133e-09,262.45250696337655,381.1612127564242,557.5209749403564,9.008837684941133e-09,216.16056508988152,12.050460732302758,9.008837684941133e-09,9.008837684941133e-09,9.008837684941133e-09,9.008837684941133e-09,9.008837684941133e-09,9.008837684941133e-09,9.008837684941133e-09,9.008837684941133e-09,9.008837684941133e-09,9.008837684941133e-09,9.008837684941133e-09,9.008837684941133e-09,9.008837684941133e-09,9.008837684941133e-09,9.008837684941133e-09,9.008837684941133e-09,9.008837684941133e-09,2.470824529063747e-10,2.470824529063747e-10,2.470824529063747e-10,2.470824529063747e-10,2.470824529063747e-10,2.470824529063747e-10,2.470824529063747e-10,2.470824529063747e-10,2.470824529063747e-10,2.470824529063747e-10,2.470824529063747e-10,2.470824529063747e-10,2.470824529063747e-10,2.470824529063747e-10,2.470824529063747e-10,2.470824529063747e-10,2.470824529063747e-10,2.470824529063747e-10,2.470824529063747e-10,2.470824529063747e-10,2.470824529063747e-10,2.470824529063747e-10,2.470824529063747e-10,2.470824529063747e-10,2.470824529063747e-10,2.470824529063747e-10,9.008837684941133e-09,9.008837684941133e-09,9.008837684941133e-09,9.008837684941133e-09,9.008837684941133e-09,9.008837684941133e-09,9.008837684941133e-09,9.008837684941133e-09,2.470824529063747e-10,2.470824529063747e-10,2.470824529063747e-10,2.470824529063747e-10,2.470824529063747e-10,2.470824529063747e-10,2.470824529063747e-10,2.470824529063747e-10,2.470824529063747e-10,2.470824529063747e-10,2.470824529063747e-10,2.470824529063747e-10,2.470824529063747e-10,2.470824529063747e-10,2.470824529063747e-10,2.470824529063747e-10,2.470824529063747e-10,2.470824529063747e-10,2.470824529063747e-10,2.470824529063747e-10,2.470824529063747e-10,2.470824529063747e-10,2.470824529063747e-10,2.470824529063747e-10,2.470824529063747e-10,2.470824529063747e-10,2.470824529063747e-10,2.470824529063747e-10,2.470824529063747e-10,2.470824529063747e-10,2.470824529063747e-10,2.470824529063747e-10,2.470824529063747e-10,2.470824529063747e-10,2.470824529063747e-10,2.470824529063747e-10,2.470824529063747e-10,2.470824529063747e-10,2.470824529063747e-10,2.470824529063747e-10,2.470824529063747e-10,2.470824529063747e-10,2.470824529063747e-10,2.470824529063747e-10,2.470824529063747e-10,2.470824529063747e-10,2.470824529063747e-10,2.470824529063747e-10,2.470824529063747e-10,2.470824529063747e-10,2.470824529063747e-10,2.470824529063747e-10,2.470824529063747e-10,2.470824529063747e-10,2.470824529063747e-10,2.470824529063747e-10,2.470824529063747e-10,2.470824529063747e-10,2.470824529063747e-10,2.470824529063747e-10,2.470824529063747e-10,2.470824529063747e-10,172.24146678279004,79.82344380572853,8.992613230998002,2.470824529063747e-10,2.470824529063747e-10,2.470824529063747e-10,2.470824529063747e-10,2.470824529063747e-10
L3BA,9.036025581387454e-09,9.036025581387454e-09,9.036025581387454e-09,128.1400864358917,9.036025581387454e-09,33.04830600327357,35.17899935197931,9.036025581387454e-09,39.09157241862115,2.934505126880452,69.97188291340359,13.974197277398499,35.02318402224038,208.87052359584737,9.036025581387456e-09,6.033830622190078,21.093349947312298,9.036025581387454e-09,9.036025581387456e-09,9.036025581387456e-09,9.036025581387454e-09,9.036025581387454e-09,9.036025581387456e-09,9.036025581387456e-09,9.036025581387456e-09,9.036025581387456e-09,9.036025581387456e-09,9.036025581387456e-09,9.036025581387456e-09,9.036025581387456e-09,9.036025581387456e-09,9.036025581387456e-09,9.036025581387456e-09,9.036025581387456e-09,1.4773127752306008e-09,1.4773127752306008e-09,1.4773127752306008e-09,1.4773127752306008e-09,1.4773127752306008e-09,1.4773127752306008e-09,1.4773127752306008e-09,1.4773127752306008e-09,1.4773127752306008e-09,1.4773127752306008e-09,1.4773127752306008e-09,1.4773127752306008e-09,1.4773127752306008e-09,1.4773127752306008e-09,1.4773127752306008e-09,1.4773127752306008e-09,1.4773127752306008e-09,1.4773127752306008e-09,1.4773127752306008e-09,1.4773127752306008e-09,1.4773127752306008e-09,1.4773127752306008e-09,1.4773127752306008e-09,1.4773127752306008e-09,1.4773127752306008e-09,1.4773127752306008e-09,9.036025581387456e-09,9.036025581387456e-09,9.036025581387456e-09,9.036025581387456e-09,9.036025581387456e-09,9.036025581387456e-09,9.036025581387456e-09,9.036025581387456e-09,1.4773127752306008e-09,1.4773127752306008e-09,1.4773127752306008e-09,1.4773127752306008e-09,1.4773127752306008e-09,1.4773127752306008e-09,1.4773127752306008e-09,1.4773127752306008e-09,1.4773127752306008e-09,1.4773127752306008e-09,1.4773127752306008e-09,1.4773127752306008e-09,1.4773127752306008e-09,1.4773127752306008e-09,1.4773127752306008e-09,1.4773127752306008e-09,1.4773127752306008e-09,1.4773127752306008e-09,1.4773127752306008e-09,1.4773127752306008e-09,1.4773127752306008e-09,1.4773127752306008e-09,1.4773127752306008e-09,1.4773127752306008e-09,1.4773127752306008e-09,1.4773127752306008e-09,1.4773127752306008e-09,1.4773127752306008e-09,1.4773127752306008e-09,1.4773127752306008e-09,1.4773127752306008e-09,1.4773127752306008e-09,1.4773127752306008e-09,1.4773127752306008e-09,1.4773127752306008e-09,1.4773127752306008e-09,1.4773127752306008e-09,1.4773127752306008e-09,1.4773127752306008e-09,1.4773127752306008e-09,1.4773127752306008e-09,1.4773127752306008e-09,1.4773127752306008e-09,1.4773127752306008e-09,1.4773127752306008e-09,1.4773127752306008e-09,1.4773127752306008e-09,1.4773127752306008e-09,1.4773127752306008e-09,1.4773127752306008e-09,1.4773127752306008e-09,1.4773127752306008e-09,1.4773127752306008e-09,1.4773127752306008e-09,1.4773127752306008e-09,1.4773127752306008e-09,1.4773127752306008e-09,1.4773127752306008e-09,1.4773127752306008e-09,1.4773127752306008e-09,1.4773127752306008e-09,1.4773127752306008e-09,57.43431838945457,25.951880478096093,2.998607833000451,1.4773127752306008e-09,1.4773127752306008e-09,1.4773127752306008e-09,1.4773127752306008e-09,1.4773127752306008e-09
L4BA,9.463434166180204e-09,9.463434166180204e-09,9.463434166180204e-09,4.004711848986039,9.463434166180204e-09,9.463434166180204e-09,9.463434166180204e-09,9.463434166180204e-09,9.463434166180204e-09,9.463434166180204e-09,1.999363478915182,9.463434166180204e-09,9.463434166180204e-09,4.997319448100312,9.463434166180204e-09,9.463434166180204e-09,9.463434166180204e-09,9.463434166180204e-09,9.463434166180204e-09,9.463434166180204e-09,9.463434166180204e-09,9.463434166180204e-09,9.463434166180204e-09,9.463434166180204e-09,9.463434166180204e-09,9.463434166180204e-09,9.463434166180204e-09,9.463434166180204e-09,9.463434166180204e-09,9.463434166180204e-09,9.463434166180204e-09,9.463434166180204e-09,9.463434166180204e-09,9.463434166180204e-09,8.852992330920096e-09,8.852992330920096e-09,8.852992330920096e-09,8.852992330920096e-09,8.852992330920096e-09,8.852992330920096e-09,8.852992330920096e-09,8.852992330920096e-09,8.852992330920096e-09,8.852992330920096e-09,8.852992330920096e-09,8.852992330920096e-09,8.852992330920096e-09,8.852992330920096e-09,8.852992330920096e-09,8.852992330920096e-09,8.852992330920096e-09,8.852992330920096e-09,8.852992330920096e-09,8.852992330920096e-09,8.852992330920096e-09,8.852992330920096e-09,8.852992330920096e-09,8.852992330920096e-09,8.852992330920096e-09,8.852992330920096e-09,9.463434166180204e-09,9.463434166180204e-09,9.463434166180204e-09,9.463434166180204e-09,9.463434166180204e-09,9.463434166180204e-09,9.463434166180204e-09,9.463434166180204e-09,8.852992330920096e-09,8.852992330920096e-09,8.852992330920096e-09,8.852992330920096e-09,8.852992330920096e-09,8.852992330920096e-09,8.852992330920096e-09,8.852992330920096e-09,8.852992330920096e-09,8.852992330920096e-09,8.852992330920096e-09,8.852992330920096e-09,8.852992330920096e-09,8.852992330920096e-09,8.852992330920096e-09,8.852992330920096e-09,8.852992330920096e-09,8.852992330920096e-09,8.852992330920096e-09,8.852992330920096e-09,8.852992330920096e-09,8.852992330920096e-09,8.852992330920096e-09,8.852992330920096e-09,8.852992330920096e-09,8.852992330920096e-09,8.852992330920096e-09,8.852992330920096e-09,8.852992330920096e-09,8.852992330920096e-09,8.852992330920096e-09,8.852992330920096e-09,8.852992330920096e-09,8.852992330920096e-09,8.852992330920096e-09,8.852992330920096e-09,8.852992330920096e-09,8.852992330920096e-09,8.852992330920096e-09,8.852992330920096e-09,8.852992330920096e-09,8.852992330920096e-09,8.852992330920096e-09,8.852992330920096e-09,8.852992330920096e-09,8.852992330920096e-09,8.852992330920096e-09,8.852992330920096e-09,8.852992330920096e-09,8.852992330920096e-09,8.852992330920096e-09,8.852992330920096e-09,8.852992330920096e-09,8.852992330920096e-09,8.852992330920096e-09,8.852992330920096e-09,8.852992330920096e-09,8.852992330920096e-09,8.852992330920096e-09,8.852992330920096e-09,8.852992330920096e-09,8.852992330920096e-09,5.660545210775781e-19,5.660545210775773e-19,5.660545210775776e-19,8.852992330920096e-09,8.852992330920096e-09,8.852992330920096e-09,8.852992330920096e-09,8.852992330920096e-09
L1IA,9.061850376967992e-09,9.061850376967992e-09,40.54288890535288,228.98534263190498,5.99388409147774,707.2156064215142,37.14619382002957,9.061850376967992e-09,9.061850376967992e-09,9.061850376967992e-09,9.061850376967992e-09,463.60589106830474,52.97373687314083,432.23101266204367,32.239705663124205,639.8504142253424,21.068941464729136,9.061850376967992e-09,9.061850376967992e-09,9.061850376967992e-09,9.061850376967992e-09,9.061850376967992e-09,9.061850376967992e-09,9.061850376967992e-09,9.061850376967992e-09,9.061850376967992e-09,9.061850376967992e-09,9.061850376967992e-09,9.061850376967992e-09,9.061850376967992e-09,9.061850376967992e-09,9.061850376967992e-09,9.061850376967992e-09,9.061850376967992e-09,1.2953794917552832e-10,1.2953794917552832e-10,1.2953794917552832e-10,1.2953794917552832e-10,1.2953794917552832e-10,1.2953794917552832e-10,1.2953794917552832e-10,1.2953794917552832e-10,1.2953794917552832e-10,1.2953794917552832e-10,1.2953794917552832e-10,1.2953794917552832e-10,1.2953794917552832e-10,1.2953794917552832e-10,1.2953794917552832e-10,1.2953794917552832e-10,1.2953794917552832e-10,1.2953794917552832e-10,1.2953794917552832e-10,1.2953794917552832e-10,1.2953794917552832e-10,1.2953794917552832e-10,1.2953794917552832e-10,1.2953794917552832e-10,1.2953794917552832e-10,1.2953794917552832e-10,9.061850376967992e-09,9.061850376967992e-09,9.061850376967992e-09,9.061850376967992e-09,9.061850376967992e-09,9.061850376967992e-09,9.061850376967992e-09,9.061850376967992e-09,1.2953794917552832e-10,1.2953794917552832e-10,1.2953794917552832e-10,1.2953794917552832e-10,1.2953794917552832e-10,1.2953794917552832e-10,1.2953794917552832e-10,1.2953794917552832e-10,1.2953794917552832e-10,1.2953794917552832e-10,1.2953794917552832e-10,1.2953794917552832e-10,1.2953794917552832e-10,1.2953794917552832e-10,1.2953794917552832e-10,1.2953794917552832e-10,1.2953794917552832e-10,1.2953794917552832e-10,1.2953794917552832e-10,1.2953794917552832e-10,1.2953794917552832e-10,1.2953794917552832e-10,1.2953794917552832e-10,1.2953794917552832e-10,1.2953794917552832e-10,1.2953794917552832e-10,1.2953794917552832e-10,1.2953794917552832e-10,1.2953794917552832e-10,1.2953794917552832e-10,1.2953794917552832e-10,1.2953794917552832e-10,1.2953794917552832e-10,1.2953794917552832e-10,1.2953794917552832e-10,1.2953794917552832e-10,1.2953794917552832e-10,1.2953794917552832e-10,1.2953794917552832e-10,1.2953794917552832e-10,1.2953794917552832e-10,1.2953794917552832e-10,1.2953794917552832e-10,1.2953794917552832e-10,1.2953794917552832e-10,1.2953794917552832e-10,1.2953794917552832e-10,1.2953794917552832e-10,1.2953794917552832e-10,1.2953794917552832e-10,1.2953794917552832e-10,1.2953794917552832e-10,1.2953794917552832e-10,1.2953794917552832e-10,1.2953794917552832e-10,1.2953794917552832e-10,1.2953794917552832e-10,1.2953794917552832e-10,1.2953794917552832e-10,1.2953794917552832e-10,1.2953794917552832e-10,1.2953794917552832e-10,-7.88817245130401e-23,-7.888092718399213e-23,-7.888092718349288e-23,1.2953794917552832e-10,1.2953794917552832e-10,1.2953794917552832e-10,1.2953794917552832e-10,1.2953794917552832e-10
L2IA,1.0310986682658285,9.05322174827337e-09,88.04897597390233,315.12744159447755,117.93496037135726,415.3210917018788,20.08843296715881,90.24978127156176,379.62811598174807,22.482369476252643,52.942204003361944,144.63302295029746,308.99161051135246,1165.4733632101768,9.05322174827337e-09,216.0632732523332,41.15387618860778,9.05322174827337e-09,9.05322174827337e-09,9.05322174827337e-09,9.05322174827337e-09,9.05322174827337e-09,9.05322174827337e-09,9.05322174827337e-09,9.05322174827337e-09,9.05322174827337e-09,9.05322174827337e-09,9.05322174827337e-09,9.05322174827337e-09,9.05322174827337e-09,9.05322174827337e-09,9.05322174827337e-09,9.05322174827337e-09,9.05322174827337e-09,1.898147104316994e-10,1.898147104316994e-10,1.898147104316994e-10,1.898147104316994e-10,1.898147104316994e-10,1.898147104316994e-10,1.898147104316994e-10,1.898147104316994e-10,1.898147104316994e-10,1.898147104316994e-10,1.898147104316994e-10,1.898147104316994e-10,1.898147104316994e-10,1.898147104316994e-10,1.898147104316994e-10,1.898147104316994e-10,1.898147104316994e-10,1.898147104316994e-10,1.898147104316994e-10,1.898147104316994e-10,1.898147104316994e-10,1.898147104316994e-10,1.898147104316994e-10,1.898147104316994e-10,1.898147104316994e-10,1.898147104316994e-10,9.05322174827337e-09,9.05322174827337e-09,9.05322174827337e-09,9.05322174827337e-09,9.05322174827337e-09,9.05322174827337e-09,9.05322174827337e-09,9.05322174827337e-09,1.898147104316994e-10,1.898147104316994e-10,1.898147104316994e-10,1.898147104316994e-10,1.898147104316994e-10,1.898147104316994e-10,1.898147104316994e-10,1.898147104316994e-10,1.898147104316994e-10,1.898147104316994e-10,1.898147104316994e-10,1.898147104316994e-10,1.898147104316994e-10,1.898147104316994e-10,1.898147104316994e-10,1.898147104316994e-10,1.898147104316994e-10,1.898147104316994e-10,1.898147104316994e-10,1.898147104316994e-10,1.898147104316994e-10,1.898147104316994e-10,1.898147104316994e-10,1.898147104316994e-10,1.898147104316994e-10,1.898147104316994e-10,1.898147104316994e-10,1.898147104316994e-10,1.898147104316994e-10,1.898147104316994e-10,1.898147104316994e-10,1.898147104316994e-10,1.898147104316994e-10,1.898147104316994e-10,1.898147104316994e-10,1.898147104316994e-10,1.898147104316994e-10,1.898147104316994e-10,1.898147104316994e-10,1.898147104316994e-10,1.898147104316994e-10,1.898147104316994e-10,1.898147104316994e-10,1.898147104316994e-10,1.898147104316994e-10,1.898147104316994e-10,1.898147104316994e-10,1.898147104316994e-10,1.898147104316994e-10,1.898147104316994e-10,1.898147104316994e-10,1.898147104316994e-10,1.898147104316994e-10,1.898147104316994e-10,1.898147104316994e-10,1.898147104316994e-10,1.898147104316994e-10,1.898147104316994e-10,1.898147104316994e-10,1.898147104316994e-10,1.898147104316994e-10,1.898147104316994e-10,517.3838987160948,239.30947858703144,25.961210512867464,1.898147104316994e-10,1.898147104316994e-10,1.898147104316994e-10,1.898147104316994e-10,1.898147104316994e-10
L3IA,9.063995098164803e-09,1.9714430549828013,56.420118460671716,407.37550727389623,182.99384526777823,112.14469861299685,18.088951938259548,9.063995098164803e-09,9.063995098164803e-09,18.582009634877437,112.93522626448264,222.55079984192824,493.2419011932598,252.79987366657483,9.063995098164803e-09,226.22981720051942,23.09827572366414,9.063995098164803e-09,9.063995098164803e-09,9.063995098164803e-09,9.063995098164803e-09,9.063995098164803e-09,9.063995098164803e-09,9.063995098164803e-09,9.063995098164803e-09,9.063995098164803e-09,9.063995098164803e-09,9.063995098164803e-09,9.063995098164803e-09,9.063995098164803e-09,9.063995098164803e-09,9.063995098164803e-09,9.063995098164803e-09,9.063995098164803e-09,8.810311232645858e-10,8.810311232645858e-10,8.810311232645858e-10,8.810311232645858e-10,8.810311232645858e-10,8.810311232645858e-10,8.810311232645858e-10,8.810311232645858e-10,8.810311232645858e-10,8.810311232645858e-10,8.810311232645858e-10,8.810311232645858e-10,8.810311232645858e-10,8.810311232645858e-10,8.810311232645858e-10,8.810311232645858e-10,8.810311232645858e-10,8.810311232645858e-10,8.810311232645858e-10,8.810311232645858e-10,8.810311232645858e-10,8.810311232645858e-10,8.810311232645858e-10,8.810311232645858e-10,8.810311232645858e-10,8.810311232645858e-10,9.063995098164803e-09,9.063995098164803e-09,9.063995098164803e-09,9.063995098164803e-09,9.063995098164803e-09,9.063995098164803e-09,9.063995098164803e-09,9.063995098164803e-09,8.810311232645858e-10,8.810311232645858e-10,8.810311232645858e-10,8.810311232645858e-10,8.810311232645858e-10,8.810311232645858e-10,8.810311232645858e-10,8.810311232645858e-10,8.810311232645858e-10,8.810311232645858e-10,8.810311232645858e-10,8.810311232645858e-10,8.810311232645858e-10,8.810311232645858e-10,8.810311232645858e-10,8.810311232645858e-10,8.810311232645858e-10,8.810311232645858e-10,8.810311232645858e-10,8.810311232645858e-10,8.810311232645858e-10,8.810311232645858e-10,8.810311232645858e-10,8.810311232645858e-10,8.810311232645858e-10,8.810311232645858e-10,8.810311232645858e-10,8.810311232645858e-10,8.810311232645858e-10,8.810311232645858e-10,8.810311232645858e-10,8.810311232645858e-10,8.810311232645858e-10,8.810311232645858e-10,8.810311232645858e-10,8.810311232645858e-10,8.810311232645858e-10,8.810311232645858e-10,8.810311232645858e-10,8.810311232645858e-10,8.810311232645858e-10,8.810311232645858e-10,8.810311232645858e-10,8.810311232645858e-10,8.810311232645858e-10,8.810311232645858e-10,8.810311232645858e-10,8.810311232645858e-10,8.810311232645858e-10,8.810311232645858e-10,8.810311232645858e-10,8.810311232645858e-10,8.810311232645858e-10,8.810311232645858e-10,8.810311232645858e-10,8.810311232645858e-10,8.810311232645858e-10,8.810311232645858e-10,8.810311232645858e-10,8.810311232645858e-10,8.810311232645858e-10,8.810311232645858e-10,93.68462303698315,42.90942445513082,4.996399659899054,8.810311232645858e-10,8.810311232645858e-10,8.810311232645858e-10,8.810311232645858e-10,8.810311232645858e-10
L4IA,9.20075619929327e-09,9.20075619929327e-09,9.20075619929327e-09,20.00375303834457,9.20075619929327e-09,9.20075619929327e-09,9.20075619929327e-09,9.20075619929327e-09,9.20075619929327e-09,9.20075619929327e-09,9.20075619929327e-09,9.20075619929327e-09,34.99146065073517,9.20075619929327e-09,9.20075619929327e-09,9.20075619929327e-09,9.20075619929327e-09,9.20075619929327e-09,9.20075619929327e-09,9.20075619929327e-09,9.20075619929327e-09,9.20075619929327e-09,9.20075619929327e-09,9.20075619929327e-09,9.20075619929327e-09,9.20075619929327e-09,9.20075619929327e-09,9.20075619929327e-09,9.20075619929327e-09,9.20075619929327e-09,9.20075619929327e-09,9.20075619929327e-09,9.20075619929327e-09,9.20075619929327e-09,7.289332310265242e-09,7.289332310265242e-09,7.289332310265242e-09,7.289332310265242e-09,7.289332310265242e-09,7.289332310265242e-09,7.289332310265242e-09,7.289332310265242e-09,7.289332310265242e-09,7.289332310265242e-09,7.289332310265242e-09,7.289332310265242e-09,7.289332310265242e-09,7.289332310265242e-09,7.289332310265242e-09,7.289332310265242e-09,7.289332310265242e-09,7.289332310265242e-09,7.289332310265242e-09,7.289332310265242e-09,7.289332310265242e-09,7.289332310265242e-09,7.289332310265242e-09,7.289332310265242e-09,7.289332310265242e-09,7.289332310265242e-09,9.20075619929327e-09,9.20075619929327e-09,9.20075619929327e-09,9.20075619929327e-09,9.20075619929327e-09,9.20075619929327e-09,9.20075619929327e-09,9.20075619929327e-09,7.289332310265242e-09,7.289332310265242e-09,7.289332310265242e-09,7.289332310265242e-09,7.289332310265242e-09,7.289332310265242e-09,7.289332310265242e-09,7.289332310265242e-09,7.289332310265242e-09,7.289332310265242e-09,7.289332310265242e-09,7.289332310265242e-09,7.289332310265242e-09,7.289332310265242e-09,7.289332310265242e-09,7.289332310265242e-09,7.289332310265242e-09,7.289332310265242e-09,7.289332310265242e-09,7.289332310265242e-09,7.289332310265242e-09,7.289332310265242e-09,7.289332310265242e-09,7.289332310265242e-09,7.289332310265242e-09,7.289332310265242e-09,7.289332310265242e-09,7.289332310265242e-09,7.289332310265242e-09,7.289332310265242e-09,7.289332310265242e-09,7.289332310265242e-09,7.289332310265242e-09,7.289332310265242e-09,7.289332310265242e-09,7.289332310265242e-09,7.289332310265242e-09,7.289332310265242e-09,7.289332310265242e-09,7.289332310265242e-09,7.289332310265242e-09,7.289332310265242e-09,7.289332310265242e-09,7.289332310265242e-09,7.289332310265242e-09,7.289332310265242e-09,7.289332310265242e-09,7.289332310265242e-09,7.289332310265242e-09,7.289332310265242e-09,7.289332310265242e-09,7.289332310265242e-09,7.289332310265242e-09,7.289332310265242e-09,7.289332310265242e-09,7.289332310265242e-09,7.289332310265242e-09,7.289332310265242e-09,7.289332310265242e-09,7.289332310265242e-09,7.289332310265242e-09,7.289332310265242e-09,2.4688422397285374e-19,2.4688422477078125e-19,2.4688422397285297e-19,7.289332310265242e-09,7.289332310265242e-09,7.289332310265242e-09,7.289332310265242e-09,7.289332310265242e-09
L1WB,9.120414550225738e-09,9.120414550225738e-09,9.120414550225738e-09,9.120414550225738e-09,9.120414550225738e-09,9.120414550225738e-09,9.120414550225738e-09,9.120414550225738e-09,9.120414550225738e-09,9.120414550225738e-09,9.120414550225738e-09,9.120414550225738e-09,9.120414550225738e-09,9.120414550225738e-09,9.120414550225738e-09,9.120414550225738e-09,9.120414550225738e-09,12.292661597947705,9.120414550225738e-09,67.75849405260452,119.62992336783489,4.957920537010271,247.17928117151476,23.06546537228964,9.120414550225738e-09,6.0237196714974965,0.964048937352614,48.93651113205148,13.958136867806934,186.1728100951681,176.8447524056533,7.0559469105446855,239.24986058209998,24.051470066318664,1.5724026024633336e-10,1.5724026024633336e-10,1.5724026024633336e-10,1.5724026024633336e-10,1.5724026024633336e-10,1.5724026024633336e-10,1.5724026024633336e-10,1.5724026024633336e-10,1.5724026024633336e-10,1.5724026024633336e-10,1.5724026024633336e-10,1.5724026024633336e-10,1.5724026024633336e-10,1.5724026024633336e-10,1.5724026024633336e-10,1.5724026024633336e-10,1.5724026024633336e-10,1.5724026024633336e-10,1.5724026024633336e-10,1.5724026024633336e-10,1.5724026024633336e-10,1.5724026024633336e-10,1.5724026024633336e-10,1.5724026024633336e-10,1.5724026024633336e-10,1.5724026024633336e-10,9.120414550225738e-09,9.120414550225738e-09,9.120414550225738e-09,9.120414550225738e-09,9.120414550225738e-09,9.120414550225738e-09,9.120414550225738e-09,9.120414550225738e-09,1.5724026024633336e-10,1.5724026024633336e-10,1.5724026024633336e-10,1.5724026024633336e-10,1.5724026024633336e-10,1.5724026024633336e-10,1.5724026024633336e-10,1.5724026024633336e-10,1.5724026024633336e-10,1.5724026024633336e-10,1.5724026024633336e-10,1.5724026024633336e-10,1.5724026024633336e-10,1.5724026024633336e-10,1.5724026024633336e-10,1.5724026024633336e-10,1.5724026024633336e-10,1.5724026024633336e-10,1.5724026024633336e-10,1.5724026024633336e-10,1.5724026024633336e-10,1.5724026024633336e-10,1.5724026024633336e-10,1.5724026024633336e-10,1.5724026024633336e-10,1.5724026024633336e-10,1.5724026024633336e-10,1.5724026024633336e-10,1.5724026024633336e-10,1.5724026024633336e-10,1.5724026024633336e-10,1.5724026024633336e-10,1.5724026024633336e-10,1.5724026024633336e-10,1.5724026024633336e-10,1.5724026024633336e-10,1.5724026024633336e-10,1.5724026024633336e-10,1.5724026024633336e-10,1.5724026024633336e-10,1.5724026024633336e-10,1.5724026024633336e-10,1.5724026024633336e-10,1.5724026024633336e-10,1.5724026024633336e-10,1.5724026024633336e-10,1.5724026024633336e-10,1.5724026024633336e-10,1.5724026024633336e-10,1.5724026024633336e-10,1.5724026024633336e-10,1.5724026024633336e-10,1.5724026024633336e-10,1.5724026024633336e-10,1.5724026024633336e-10,1.5724026024633336e-10,1.5724026024633336e-10,1.5724026024633336e-10,1.5724026024633336e-10,1.5724026024633336e-10,1.5724026024633336e-10,1.5724026024633336e-10,1.0082500316443683,1.2162094500699298e-21,1.2162094500697218e-21,1.5724026024633336e-10,1.5724026024633336e-10,1.5724026024633336e-10,1.5724026024633336e-10,1.5724026024633336e-10
L2WB,9.13251398128022e-09,9.13251398128022e-09,9.13251398128022e-09,9.13251398128022e-09,9.13251398128022e-09,9.13251398128022e-09,9.13251398128022e-09,9.13251398128022e-09,9.13251398128022e-09,9.13251398128022e-09,9.13251398128022e-09,9.13251398128022e-09,9.13251398128022e-09,9.13251398128022e-09,9.13251398128022e-09,9.13251398128022e-09,9.13251398128022e-09,63.51959478214591,2.9918945158772567,119.58795180030455,705.9000057358354,93.21992739641581,266.07180822816883,52.15417480474018,0.9708296001999068,29.118087681863646,10.605792223295333,23.97173756664752,130.62372420647068,364.38126793813785,399.6964136940038,2.016223207677322,126.146639856085,35.079207893738804,-1.9519709324455983e-10,-1.9519709324455983e-10,-1.9519709324455983e-10,-1.9519709324455983e-10,-1.9519709324455983e-10,-1.9519709324455983e-10,-1.9519709324455983e-10,-1.9519709324455983e-10,-1.9519709324455983e-10,-1.9519709324455983e-10,-1.9519709324455983e-10,-1.9519709324455983e-10,-1.9519709324455983e-10,-1.9519709324455983e-10,-1.9519709324455983e-10,-1.9519709324455983e-10,-1.9519709324455983e-10,-1.9519709324455983e-10,-1.9519709324455983e-10,-1.9519709324455983e-10,-1.9519709324455983e-10,-1.9519709324455983e-10,-1.9519709324455983e-10,-1.9519709324455983e-10,-1.9519709324455983e-10,-1.9519709324455983e-10,9.13251398128022e-09,9.13251398128022e-09,9.13251398128022e-09,9.13251398128022e-09,9.13251398128022e-09,9.13251398128022e-09,9.13251398128022e-09,9.13251398128022e-09,-1.9519709324455983e-10,-1.9519709324455983e-10,-1.9519709324455983e-10,-1.9519709324455983e-10,-1.9519709324455983e-10,-1.9519709324455983e-10,-1.9519709324455983e-10,-1.9519709324455983e-10,-1.9519709324455983e-10,-1.9519709324455983e-10,-1.9519709324455983e-10,-1.9519709324455983e-10,-1.9519709324455983e-10,-1.9519709324455983e-10,-1.9519709324455983e-10,-1.9519709324455983e-10,-1.9519709324455983e-10,-1.9519709324455983e-10,-1.9519709324455983e-10,-1.9519709324455983e-10,-1.9519709324455983e-10,-1.9519709324455983e-10,-1.9519709324455983e-10,-1.9519709324455983e-10,-1.9519709324455983e-10,-1.9519709324455983e-10,-1.9519709324455983e-10,-1.9519709324455983e-10,-1.9519709324455983e-10,-1.9519709324455983e-10,-1.9519709324455983e-10,-1.9519709324455983e-10,-1.9519709324455983e-10,-1.9519709324455983e-10,-1.9519709324455983e-10,-1.9519709324455983e-10,-1.9519709324455983e-10,-1.9519709324455983e-10,-1.9519709324455983e-10,-1.9519709324455983e-10,-1.9519709324455983e-10,-1.9519709324455983e-10,-1.9519709324455983e-10,-1.9519709324455983e-10,-1.9519709324455983e-10,-1.9519709324455983e-10,-1.9519709324455983e-10,-1.9519709324455983e-10,-1.9519709324455983e-10,-1.9519709324455983e-10,-1.9519709324455983e-10,-1.9519709324455983e-10,-1.9519709324455983e-10,-1.9519709324455983e-10,-1.9519709324455983e-10,-1.9519709324455983e-10,-1.9519709324455983e-10,-1.9519709324455983e-10,-1.9519709324455983e-10,-1.9519709324455983e-10,-1.9519709324455983e-10,-1.9519709324455983e-10,17.14327557325129,7.991600045313309,1.000337813304184,-1.9519709324455983e-10,-1.9519709324455983e-10,-1.9519709324455983e-10,-1.9519709324455983e-10,-1.9519709324455983e-10
L3WB,9.126709012580348e-09,9.126709012580348e-09,9.126709012580348e-09,9.126709012580348e-09,9.126709012580348e-09,9.126709012580348e-09,9.126709012580348e-09,9.126709012580348e-09,9.126709012580348e-09,9.126709012580348e-09,9.126709012580348e-09,9.126709012580348e-09,9.126709012580348e-09,9.126709012580348e-09,9.126709012580348e-09,9.126709012580348e-09,9.126709012580348e-09,9.222158367203424,41.89366450148298,100.67035323828561,513.5600042815319,89.26833883777131,173.7705408315613,37.1160281769756,9.126709012580348e-09,28.118808882148464,0.9643273105838787,10.988919578280152,31.913525346740037,275.3349799927027,447.73630537794014,1.0082834778896763,9.126709012580348e-09,10.024339596084914,-3.469804978388811e-10,-3.469804978388811e-10,-3.469804978388811e-10,-3.469804978388811e-10,-3.469804978388811e-10,-3.469804978388811e-10,-3.469804978388811e-10,-3.469804978388811e-10,-3.469804978388811e-10,-3.469804978388811e-10,-3.469804978388811e-10,-3.469804978388811e-10,-3.469804978388811e-10,-3.469804978388811e-10,-3.469804978388811e-10,-3.469804978388811e-10,-3.469804978388811e-10,-3.469804978388811e-10,-3.469804978388811e-10,-3.469804978388811e-10,-3.469804978388811e-10,-3.469804978388811e-10,-3.469804978388811e-10,-3.469804978388811e-10,-3.469804978388811e-10,-3.469804978388811e-10,9.126709012580348e-09,9.126709012580348e-09,9.126709012580348e-09,9.126709012580348e-09,9.126709012580348e-09,9.126709012580348e-09,9.126709012580348e-09,9.126709012580348e-09,-3.469804978388811e-10,-3.469804978388811e-10,-3.469804978388811e-10,-3.469804978388811e-10,-3.469804978388811e-10,-3.469804978388811e-10,-3.469804978388811e-10,-3.469804978388811e-10,-3.469804978388811e-10,-3.469804978388811e-10,-3.469804978388811e-10,-3.469804978388811e-10,-3.469804978388811e-10,-3.469804978388811e-10,-3.469804978388811e-10,-3.469804978388811e-10,-3.469804978388811e-10,-3.469804978388811e-10,-3.469804978388811e-10,-3.469804978388811e-10,-3.469804978388811e-10,-3.469804978388811e-10,-3.469804978388811e-10,-3.469804978388811e-10,-3.469804978388811e-10,-3.469804978388811e-10,-3.469804978388811e-10,-3.469804978388811e-10,-3.469804978388811e-10,-3.469804978388811e-10,-3.469804978388811e-10,-3.469804978388811e-10,-3.469804978388811e-10,-3.469804978388811e-10,-3.469804978388811e-10,-3.469804978388811e-10,-3.469804978388811e-10,-3.469804978388811e-10,-3.469804978388811e-10,-3.469804978388811e-10,-3.469804978388811e-10,-3.469804978388811e-10,-3.469804978388811e-10,-3.469804978388811e-10,-3.469804978388811e-10,-3.469804978388811e-10,-3.469804978388811e-10,-3.469804978388811e-10,-3.469804978388811e-10,-3.469804978388811e-10,-3.469804978388811e-10,-3.469804978388811e-10,-3.469804978388811e-10,-3.469804978388811e-10,-3.469804978388811e-10,-3.469804978388811e-10,-3.469804978388811e-10,-3.469804978388811e-10,-3.469804978388811e-10,-3.469804978388811e-10,-3.469804978388811e-10,-3.469804978388811e-10,49.425545135912635,22.98169690983826,2.0011847485472094,-3.469804978388811e-10,-3.469804978388811e-10,-3.469804978388811e-10,-3.469804978388811e-10,-3.469804978388811e-10
L4WB,9.003358638163408e-09,9.003358638163408e-09,9.003358638163408e-09,9.003358638163408e-09,9.003358638163408e-09,9.003358638163408e-09,9.003358638163408e-09,9.003358638163408e-09,9.003358638163408e-09,9.003358638163408e-09,9.003358638163408e-09,9.003358638163408e-09,9.003358638163408e-09,9.003358638163408e-09,9.003358638163408e-09,9.003358638163408e-09,9.003358638163408e-09,23.54058372662758,9.003358638163408e-09,9.003358638163408e-09,125.50292136429248,9.003358638163408e-09,9.003358638163408e-09,2.003960203159586,9.003358638163408e-09,9.003358638163408e-09,9.003358638163408e-09,41.90935003788117,44.826686941197686,9.003358638163408e-09,24.95649730350717,9.003358638163408e-09,9.003358638163408e-09,9.003358638163408e-09,-1.2246532935702653e-09,-1.2246532935702653e-09,-1.2246532935702653e-09,-1.2246532935702653e-09,-1.2246532935702653e-09,-1.2246532935702653e-09,-1.2246532935702653e-09,-1.2246532935702653e-09,-1.2246532935702653e-09,-1.2246532935702653e-09,-1.2246532935702653e-09,-1.2246532935702653e-09,-1.2246532935702653e-09,-1.2246532935702653e-09,-1.2246532935702653e-09,-1.2246532935702653e-09,-1.2246532935702653e-09,-1.2246532935702653e-09,-1.2246532935702653e-09,-1.2246532935702653e-09,-1.2246532935702653e-09,-1.2246532935702653e-09,-1.2246532935702653e-09,-1.2246532935702653e-09,-1.2246532935702653e-09,-1.2246532935702653e-09,9.003358638163408e-09,9.003358638163408e-09,9.003358638163408e-09,9.003358638163408e-09,9.003358638163408e-09,9.003358638163408e-09,9.003358638163408e-09,9.003358638163408e-09,-1.2246532935702653e-09,-1.2246532935702653e-09,-1.2246532935702653e-09,-1.2246532935702653e-09,-1.2246532935702653e-09,-1.2246532935702653e-09,-1.2246532935702653e-09,-1.2246532935702653e-09,-1.2246532935702653e-09,-1.2246532935702653e-09,-1.2246532935702653e-09,-1.2246532935702653e-09,-1.2246532935702653e-09,-1.2246532935702653e-09,-1.2246532935702653e-09,-1.2246532935702653e-09,-1.2246532935702653e-09,-1.2246532935702653e-09,-1.2246532935702653e-09,-1.2246532935702653e-09,-1.2246532935702653e-09,-1.2246532935702653e-09,-1.2246532935702653e-09,-1.2246532935702653e-09,-1.2246532935702653e-09,-1.2246532935702653e-09,-1.2246532935702653e-09,-1.2246532935702653e-09,-1.2246532935702653e-09,-1.2246532935702653e-09,-1.2246532935702653e-09,-1.2246532935702653e-09,-1.2246532935702653e-09,-1.2246532935702653e-09,-1.2246532935702653e-09,-1.2246532935702653e-09,-1.2246532935702653e-09,-1.2246532935702653e-09,-1.2246532935702653e-09,-1.2246532935702653e-09,-1.2246532935702653e-09,-1.2246532935702653e-09,-1.2246532935702653e-09,-1.2246532935702653e-09,-1.2246532935702653e-09,-1.2246532935702653e-09,-1.2246532935702653e-09,-1.2246532935702653e-09,-1.2246532935702653e-09,-1.2246532935702653e-09,-1.2246532935702653e-09,-1.2246532935702653e-09,-1.2246532935702653e-09,-1.2246532935702653e-09,-1.2246532935702653e-09,-1.2246532935702653e-09,-1.2246532935702653e-09,-1.2246532935702653e-09,-1.2246532935702653e-09,-1.2246532935702653e-09,-1.2246532935702653e-09,-1.2246532935702653e-09,-6.781169601676061e-22,-6.781216304143031e-22,-6.781169601685006e-22,-1.2246532935702653e-09,-1.2246532935702653e-09,-1.2246532935702653e-09,-1.2246532935702653e-09,-1.2246532935702653e-09
L1BB,9.103325925464861e-09,9.103325925464861e-09,9.103325925464861e-09,9.103325925464861e-09,9.103325925464861e-09,9.103325925464861e-09,9.103325925464861e-09,9.103325925464861e-09,9.103325925464861e-09,9.103325925464861e-09,9.103325925464861e-09,9.103325925464861e-09,9.103325925464861e-09,9.103325925464861e-09,9.103325925464861e-09,9.103325925464861e-09,9.103325925464861e-09,54.302845743737,9.103325925464861e-09,58.80156483726908,240.30215235282782,124.963201267797,249.21172940279004,9.103325925464861e-09,0.9708982085491059,9.103325925464861e-09,8.678079599465562,26.970110600546477,59.831887951613886,373.4170823443509,333.7700912386181,9.103325925464861e-09,164.20246791277285,13.030340861536354,5.570157319817623e-11,5.570157319817623e-11,5.570157319817623e-11,5.570157319817623e-11,5.570157319817623e-11,5.570157319817623e-11,5.570157319817623e-11,5.570157319817623e-11,5.570157319817623e-11,5.570157319817623e-11,5.570157319817623e-11,5.570157319817623e-11,5.570157319817623e-11,5.570157319817623e-11,5.570157319817623e-11,5.570157319817623e-11,5.570157319817623e-11,5.570157319817623e-11,5.570157319817623e-11,5.570157319817623e-11,5.570157319817623e-11,5.570157319817623e-11,5.570157319817623e-11,5.570157319817623e-11,5.570157319817623e-11,5.570157319817623e-11,9.103325925464861e-09,9.103325925464861e-09,9.103325925464861e-09,9.103325925464861e-09,9.103325925464861e-09,9.103325925464861e-09,9.103325925464861e-09,9.103325925464861e-09,5.570157319817623e-11,5.570157319817623e-11,5.570157319817623e-11,5.570157319817623e-11,5.570157319817623e-11,5.570157319817623e-11,5.570157319817623e-11,5.570157319817623e-11,5.570157319817623e-11,5.570157319817623e-11,5.570157319817623e-11,5.570157319817623e-11,5.570157319817623e-11,5.570157319817623e-11,5.570157319817623e-11,5.570157319817623e-11,5.570157319817623e-11,5.570157319817623e-11,5.570157319817623e-11,5.570157319817623e-11,5.570157319817623e-11,5.570157319817623e-11,5.570157319817623e-11,5.570157319817623e-11,5.570157319817623e-11,5.570157319817623e-11,5.570157319817623e-11,5.570157319817623e-11,5.570157319817623e-11,5.570157319817623e-11,5.570157319817623e-11,5.570157319817623e-11,5.570157319817623e-11,5.570157319817623e-11,5.570157319817623e-11,5.570157319817623e-11,5.570157319817623e-11,5.570157319817623e-11,5.570157319817623e-11,5.570157319817623e-11,5.570157319817623e-11,5.570157319817623e-11,5.570157319817623e-11,5.570157319817623e-11,5.570157319817623e-11,5.570157319817623e-11,5.570157319817623e-11,5.570157319817623e-11,5.570157319817623e-11,5.570157319817623e-11,5.570157319817623e-11,5.570157319817623e-11,5.570157319817623e-11,5.570157319817623e-11,5.570157319817623e-11,5.570157319817623e-11,5.570157319817623e-11,5.570157319817623e-11,5.570157319817623e-11,5.570157319817623e-11,5.570157319817623e-11,5.570157319817623e-11,14.119480802643006,6.99338761859221,1.000443328109424,5.570157319817623e-11,5.570157319817623e-11,5.570157319817623e-11,5.570157319817623e-11,5.570157319817623e-11
L2BB,9.101439874686066e-09,9.101439874686066e-09,9.101439874686066e-09,9.101439874686066e-09,9.101439874686066e-09,9.101439874686066e-09,9.101439874686066e-09,9.101439874686066e-09,9.101439874686066e-09,9.101439874686066e-09,9.101439874686066e-09,9.101439874686066e-09,9.101439874686066e-09,9.101439874686066e-09,9.101439874686066e-09,9.101439874686066e-09,9.101439874686066e-09,24.591391328220478,31.917644342748282,147.51076892961657,547.441985315057,10.910117344498886,219.43816884914426,10.030938423637675,9.101439874686066e-09,36.15123865071474,9.101439874686066e-09,9.101439874686066e-09,94.73930646530962,407.47868700696114,310.80391380439335,7.057688454440231,97.12537435307854,14.03348708614219,-1.5699466106304317e-10,-1.5699466106304317e-10,-1.5699466106304317e-10,-1.5699466106304317e-10,-1.5699466106304317e-10,-1.5699466106304317e-10,-1.5699466106304317e-10,-1.5699466106304317e-10,-1.5699466106304317e-10,-1.5699466106304317e-10,-1.5699466106304317e-10,-1.5699466106304317e-10,-1.5699466106304317e-10,-1.5699466106304317e-10,-1.5699466106304317e-10,-1.5699466106304317e-10,-1.5699466106304317e-10,-1.5699466106304317e-10,-1.5699466106304317e-10,-1.5699466106304317e-10,-1.5699466106304317e-10,-1.5699466106304317e-10,-1.5699466106304317e-10,-1.5699466106304317e-10,-1.5699466106304317e-10,-1.5699466106304317e-10,9.101439874686066e-09,9.101439874686066e-09,9.101439874686066e-09,9.101439874686066e-09,9.101439874686066e-09,9.101439874686066e-09,9.101439874686066e-09,9.101439874686066e-09,-1.5699466106304317e-10,-1.5699466106304317e-10,-1.5699466106304317e-10,-1.5699466106304317e-10,-1.5699466106304317e-10,-1.5699466106304317e-10,-1.5699466106304317e-10,-1.5699466106304317e-10,-1.5699466106304317e-10,-1.5699466106304317e-10,-1.5699466106304317e-10,-1.5699466106304317e-10,-1.5699466106304317e-10,-1.5699466106304317e-10,-1.5699466106304317e-10,-1.5699466106304317e-10,-1.5699466106304317e-10,-1.5699466106304317e-10,-1.5699466106304317e-10,-1.5699466106304317e-10,-1.5699466106304317e-10,-1.5699466106304317e-10,-1.5699466106304317e-10,-1.5699466106304317e-10,-1.5699466106304317e-10,-1.5699466106304317e-10,-1.5699466106304317e-10,-1.5699466106304317e-10,-1.5699466106304317e-10,-1.5699466106304317e-10,-1.5699466106304317e-10,-1.5699466106304317e-10,-1.5699466106304317e-10,-1.5699466106304317e-10,-1.5699466106304317e-10,-1.5699466106304317e-10,-1.5699466106304317e-10,-1.5699466106304317e-10,-1.5699466106304317e-10,-1.5699466106304317e-10,-1.5699466106304317e-10,-1.5699466106304317e-10,-1.5699466106304317e-10,-1.5699466106304317e-10,-1.5699466106304317e-10,-1.5699466106304317e-10,-1.5699466106304317e-10,-1.5699466106304317e-10,-1.5699466106304317e-10,-1.5699466106304317e-10,-1.5699466106304317e-10,-1.5699466106304317e-10,-1.5699466106304317e-10,-1.5699466106304317e-10,-1.5699466106304317e-10,-1.5699466106304317e-10,-1.5699466106304317e-10,-1.5699466106304317e-10,-1.5699466106304317e-10,-1.5699466106304317e-10,-1.5699466106304317e-10,-1.5699466106304317e-10,25.21553701108731,11.989700309987542,1.0005297664430537,-1.5699466106304317e-10,-1.5699466106304317e-10,-1.5699466106304317e-10,-1.5699466106304317e-10,-1.5699466106304317e-10
L3BB,9.104333892096473e-09,9.104333892096473e-09,9.104333892096473e-09,9.104333892096473e-09,9.104333892096473e-09,9.104333892096473e-09,9.104333892096473e-09,9.104333892096473e-09,9.104333892096473e-09,9.104333892096473e-09,9.104333892096473e-09,9.104333892096473e-09,9.104333892096473e-09,9.104333892096473e-09,9.104333892096473e-09,9.104333892096473e-09,9.104333892096473e-09,9.104333892096473e-09,9.104333892096473e-09,0.9967199714996858,260.2659857930605,9.104333892096473e-09,25.816917905903207,72.22461073119692,9.104333892096473e-09,10.042268531805536,0.9643116381234219,63.934492997421884,4.986407293918265,15.018027555697671,109.93346686059547,9.104333892096473e-09,3.0039546719578483,22.05318869226787,-1.565761538878505e-11,-1.565761538878505e-11,-1.565761538878505e-11,-1.565761538878505e-11,-1.565761538878505e-11,-1.565761538878505e-11,-1.565761538878505e-11,-1.565761538878505e-11,-1.565761538878505e-11,-1.565761538878505e-11,-1.565761538878505e-11,-1.565761538878505e-11,-1.565761538878505e-11,-1.565761538878505e-11,-1.565761538878505e-11,-1.565761538878505e-11,-1.565761538878505e-11,-1.565761538878505e-11,-1.565761538878505e-11,-1.565761538878505e-11,-1.565761538878505e-11,-1.565761538878505e-11,-1.565761538878505e-11,-1.565761538878505e-11,-1.565761538878505e-11,-1.565761538878505e-11,9.104333892096473e-09,9.104333892096473e-09,9.104333892096473e-09,9.104333892096473e-09,9.104333892096473e-09,9.104333892096473e-09,9.104333892096473e-09,9.104333892096473e-09,-1.565761538878505e-11,-1.565761538878505e-11,-1.565761538878505e-11,-1.565761538878505e-11,-1.565761538878505e-11,-1.565761538878505e-11,-1.565761538878505e-11,-1.565761538878505e-11,-1.565761538878505e-11,-1.565761538878505e-11,-1.565761538878505e-11,-1.565761538878505e-11,-1.565761538878505e-11,-1.565761538878505e-11,-1.565761538878505e-11,-1.565761538878505e-11,-1.565761538878505e-11,-1.565761538878505e-11,-1.565761538878505e-11,-1.565761538878505e-11,-1.565761538878505e-11,-1.565761538878505e-11,-1.565761538878505e-11,-1.565761538878505e-11,-1.565761538878505e-11,-1.565761538878505e-11,-1.565761538878505e-11,-1.565761538878505e-11,-1.565761538878505e-11,-1.565761538878505e-11,-1.565761538878505e-11,-1.565761538878505e-11,-1.565761538878505e-11,-1.565761538878505e-11,-1.565761538878505e-11,-1.565761538878505e-11,-1.565761538878505e-11,-1.565761538878505e-11,-1.565761538878505e-11,-1.565761538878505e-11,-1.565761538878505e-11,-1.565761538878505e-11,-1.565761538878505e-11,-1.565761538878505e-11,-1.565761538878505e-11,-1.565761538878505e-11,-1.565761538878505e-11,-1.565761538878505e-11,-1.565761538878505e-11,-1.565761538878505e-11,-1.565761538878505e-11,-1.565761538878505e-11,-1.565761538878505e-11,-1.565761538878505e-11,-1.565761538878505e-11,-1.565761538878505e-11,-1.565761538878505e-11,-1.565761538878505e-11,-1.565761538878505e-11,-1.565761538878505e-11,-1.565761538878505e-11,-1.565761538878505e-11,9.077941142997158,3.9967199033022913,-2.5317943853100325e-21,-1.565761538878505e-11,-1.565761538878505e-11,-1.565761538878505e-11,-1.565761538878505e-11,-1.565761538878505e-11
L4BB,9.475410701846119e-09,9.475410701846119e-09,9.475410701846119e-09,9.475410701846119e-09,9.475410701846119e-09,9.475410701846119e-09,9.475410701846119e-09,9.475410701846119e-09,9.475410701846119e-09,9.475410701846119e-09,9.475410701846119e-09,9.475410701846119e-09,9.475410701846119e-09,9.475410701846119e-09,9.475410701846119e-09,9.475410701846119e-09,9.475410701846119e-09,9.475410701846119e-09,9.475410701846119e-09,9.475410701846119e-09,7.993585356675622,9.475410701846119e-09,9.475410701846119e-09,9.475410701846119e-09,9.475410701846119e-09,9.475410701846119e-09,9.475410701846119e-09,9.475410701846119e-09,9.475410701846119e-09,9.475410701846119e-09,2.0028201768580103,9.475410701846119e-09,9.475410701846119e-09,9.475410701846119e-09,8.927713799048324e-09,8.927713799048324e-09,8.927713799048324e-09,8.927713799048324e-09,8.927713799048324e-09,8.927713799048324e-09,8.927713799048324e-09,8.927713799048324e-09,8.927713799048324e-09,8.927713799048324e-09,8.927713799048324e-09,8.927713799048324e-09,8.927713799048324e-09,8.927713799048324e-09,8.927713799048324e-09,8.927713799048324e-09,8.927713799048324e-09,8.927713799048324e-09,8.927713799048324e-09,8.927713799048324e-09,8.927713799048324e-09,8.927713799048324e-09,8.927713799048324e-09,8.927713799048324e-09,8.927713799048324e-09,8.927713799048324e-09,9.475410701846119e-09,9.475410701846119e-09,9.475410701846119e-09,9.475410701846119e-09,9.475410701846119e-09,9.475410701846119e-09,9.475410701846119e-09,9.475410701846119e-09,8.927713799048324e-09,8.927713799048324e-09,8.927713799048324e-09,8.927713799048324e-09,8.927713799048324e-09,8.927713799048324e-09,8.927713799048324e-09,8.927713799048324e-09,8.927713799048324e-09,8.927713799048324e-09,8.927713799048324e-09,8.927713799048324e-09,8.927713799048324e-09,8.927713799048324e-09,8.927713799048324e-09,8.927713799048324e-09,8.927713799048324e-09,8.927713799048324e-09,8.927713799048324e-09,8.927713799048324e-09,8.927713799048324e-09,8.927713799048324e-09,8.927713799048324e-09,8.927713799048324e-09,8.927713799048324e-09,8.927713799048324e-09,8.927713799048324e-09,8.927713799048324e-09,8.927713799048324e-09,8.927713799048324e-09,8.927713799048324e-09,8.927713799048324e-09,8.927713799048324e-09,8.927713799048324e-09,8.927713799048324e-09,8.927713799048324e-09,8.927713799048324e-09,8.927713799048324e-09,8.927713799048324e-09,8.927713799048324e-09,8.927713799048324e-09,8.927713799048324e-09,8.927713799048324e-09,8.927713799048324e-09,8.927713799048324e-09,8.927713799048324e-09,8.927713799048324e-09,8.927713799048324e-09,8.927713799048324e-09,8.927713799048324e-09,8.927713799048324e-09,8.927713799048324e-09,8.927713799048324e-09,8.927713799048324e-09,8.927713799048324e-09,8.927713799048324e-09,8.927713799048324e-09,8.927713799048324e-09,8.927713799048324e-09,8.927713799048324e-09,8.927713799048324e-09,8.927713799048324e-09,4.2709685583419657e-19,4.270968558341958e-19,4.270968688611357e-19,8.927713799048324e-09,8.927713799048324e-09,8.927713799048324e-09,8.927713799048324e-09,8.927713799048324e-09
L1IB,9.121169885097488e-09,9.121169885097488e-09,9.121169885097488e-09,9.121169885097488e-09,9.121169885097488e-09,9.121169885097488e-09,9.121169885097488e-09,9.121169885097488e-09,9.121169885097488e-09,9.121169885097488e-09,9.121169885097488e-09,9.121169885097488e-09,9.121169885097488e-09,9.121169885097488e-09,9.121169885097488e-09,9.121169885097488e-09,9.121169885097488e-09,22.561689953975588,9.121169885097488e-09,73.81945218979516,468.07525981239274,230.3041735221924,504.84806490696405,68.26963233041691,9.121169885097488e-09,9.121169885097488e-09,9.121169885097488e-09,9.121169885097488e-09,150.71644092350317,47.09615299004807,300.071280471513,9.121169885097488e-09,264.57084544378034,21.068515943521508,1.5556237468171552e-11,1.5556237468171552e-11,1.5556237468171552e-11,1.5556237468171552e-11,1.5556237468171552e-11,1.5556237468171552e-11,1.5556237468171552e-11,1.5556237468171552e-11,1.5556237468171552e-11,1.5556237468171552e-11,1.5556237468171552e-11,1.5556237468171552e-11,1.5556237468171552e-11,1.5556237468171552e-11,1.5556237468171552e-11,1.5556237468171552e-11,1.5556237468171552e-11,1.5556237468171552e-11,1.5556237468171552e-11,1.5556237468171552e-11,1.5556237468171552e-11,1.5556237468171552e-11,1.5556237468171552e-11,1.5556237468171552e-11,1.5556237468171552e-11,1.5556237468171552e-11,9.121169885097488e-09,9.121169885097488e-09,9.121169885097488e-09,9.121169885097488e-09,9.121169885097488e-09,9.121169885097488e-09,9.121169885097488e-09,9.121169885097488e-09,1.5556237468171552e-11,1.5556237468171552e-11,1.5556237468171552e-11,1.5556237468171552e-11,1.5556237468171552e-11,1.5556237468171552e-11,1.5556237468171552e-11,1.5556237468171552e-11,1.5556237468171552e-11,1.5556237468171552e-11,1.5556237468171552e-11,1.5556237468171552e-11,1.5556237468171552e-11,1.5556237468171552e-11,1.5556237468171552e-11,1.5556237468171552e-11,1.5556237468171552e-11,1.5556237468171552e-11,1.5556237468171552e-11,1.5556237468171552e-11,1.5556237468171552e-11,1.5556237468171552e-11,1.5556237468171552e-11,1.5556237468171552e-11,1.5556237468171552e-11,1.5556237468171552e-11,1.5556237468171552e-11,1.5556237468171552e-11,1.5556237468171552e-11,1.5556237468171552e-11,1.5556237468171552e-11,1.5556237468171552e-11,1.5556237468171552e-11,1.5556237468171552e-11,1.5556237468171552e-11,1.5556237468171552e-11,1.5556237468171552e-11,1.5556237468171552e-11,1.5556237468171552e-11,1.5556237468171552e-11,1.5556237468171552e-11,1.5556237468171552e-11,1.5556237468171552e-11,1.5556237468171552e-11,1.5556237468171552e-11,1.5556237468171552e-11,1.5556237468171552e-11,1.5556237468171552e-11,1.5556237468171552e-11,1.5556237468171552e-11,1.5556237468171552e-11,1.5556237468171552e-11,1.5556237468171552e-11,1.5556237468171552e-11,1.5556237468171552e-11,1.5556237468171552e-11,1.5556237468171552e-11,1.5556237468171552e-11,1.5556237468171552e-11,1.5556237468171552e-11,1.5556237468171552e-11,1.5556237468171552e-11,4.233148716349278e-21,4.233148716348469e-21,4.2331487163487016e-21,1.5556237468171552e-11,1.5556237468171552e-11,1.5556237468171552e-11,1.5556237468171552e-11,1.5556237468171552e-11
L2IB,9.11750613466276e-09,9.11750613466276e-09,9.11750613466276e-09,9.11750613466276e-09,9.11750613466276e-09,9.11750613466276e-09,9.11750613466276e-09,9.11750613466276e-09,9.11750613466276e-09,9.11750613466276e-09,9.11750613466276e-09,9.11750613466276e-09,9.11750613466276e-09,9.11750613466276e-09,9.11750613466276e-09,9.11750613466276e-09,9.11750613466276e-09,75.83109070953236,7.980214474745014,150.51600492338216,645.2288266342265,9.11750613466276e-09,246.2721497598592,37.11820895461205,1.9421043389679578,77.33126781052164,9.64383970294964,48.953517886250005,46.875744407650856,282.36009604211876,808.5713246800465,12.100112643305446,89.12400654702905,40.09971433207276,-1.5836047597915536e-10,-1.5836047597915507e-10,-1.583604759791539e-10,-1.5836047597915507e-10,-1.5836047597915515e-10,-1.583604759791538e-10,-1.583604759791538e-10,-1.5836047597915389e-10,-1.5836047597915546e-10,-1.5836047597915376e-10,-1.5836047597915526e-10,-1.583604759791551e-10,-1.583604759791552e-10,-1.5836047597915396e-10,-1.583604759791555e-10,-1.583604759791555e-10,-1.5836047597915577e-10,-1.583604759791541e-10,-1.5836047597915551e-10,-1.583604759791551e-10,-1.5836047597915414e-10,-1.5836047597915557e-10,-1.5836047597915526e-10,-1.583604759791554e-10,-1.5836047597915551e-10,-1.583604759791537e-10,9.11750613466276e-09,9.11750613466276e-09,9.11750613466276e-09,9.11750613466276e-09,9.11750613466276e-09,9.11750613466276e-09,9.11750613466276e-09,9.11750613466276e-09,-1.5836047597915507e-10,-1.5836047597915551e-10,-1.583604759791537e-10,-1.58360475979155e-10,-1.5836047597915386e-10,-1.5836047597915414e-10,-1.5836047597915513e-10,-1.5836047597915407e-10,-1.583604759791538e-10,-1.5836047597915383e-10,-1.5836047597915551e-10,-1.5836047597915575e-10,-1.5836047597915396e-10,-1.5836047597915383e-10,-1.583604759791537e-10,-1.5836047597915505e-10,-1.583604759791538e-10,-1.5836047597915396e-10,-1.5836047597915386e-10,-1.5836047597915557e-10,-1.5836047597915536e-10,-1.583604759791551e-10,-1.5836047597915513e-10,-1.5836047597915507e-10,-1.583604759791551e-10,-1.5836047597915401e-10,-1.5836047597915383e-10,-1.5836047597915386e-10,-1.583604759791551e-10,-1.5836047597915396e-10,-1.5836047597915404e-10,-1.5836047597915546e-10,-1.5836047597915515e-10,-1.583604759791555e-10,-1.5836047597915417e-10,-1.5836047597915407e-10,-1.5836047597915401e-10,-1.5836047597915389e-10,-1.5836047597915505e-10,-1.5836047597915396e-10,-1.5836047597915386e-10,-1.583604759791551e-10,-1.583604759791538e-10,-1.5836047597915376e-10,-1.5836047597915554e-10,-1.5836047597915513e-10,-1.5836047597915396e-10,-1.5836047597915389e-10,-1.5836047597915407e-10,-1.583604759791541e-10,-1.5836047597915412e-10,-1.583604759791538e-10,-1.5836047597915378e-10,-1.58360475979154e-10,-1.5836047597915482e-10,-1.583604759791538e-10,-1.5836047597915513e-10,-1.5836047597915389e-10,-1.583604759791552e-10,-1.5836047597915394e-10,-1.5836047597915412e-10,-1.5836047597915407e-10,69.60534062509787,31.977338880124048,3.0020403676285405,-1.583604759791538e-10,-1.5836047597915572e-10,-1.5836047597915414e-10,-1.5836047597915536e-10,-1.5836047597915562e-10
L3IB,9.100410292201479e-09,9.100410292201479e-09,9.100410292201479e-09,9.100410292201479e-09,9.100410292201479e-09,9.100410292201479e-09,9.100410292201479e-09,9.100410292201479e-09,9.100410292201479e-09,9.100410292201479e-09,9.100410292201479e-09,9.100410292201479e-09,9.100410292201479e-09,9.100410292201479e-09,9.100410292201479e-09,9.100410292201479e-09,9.100410292201479e-09,34.84457977432131,46.88815734778757,128.5985811137673,637.3104956125768,9.100410292201479e-09,89.38134001787215,35.11511247943717,9.100410292201479e-09,9.100410292201479e-09,6.7513209507079175,104.91023425942804,72.81383596615629,448.6141398185122,175.9232391942689,9.100410292201479e-09,95.14128916758675,23.059498328201464,-3.891629237123681e-10,-3.8916292371236824e-10,-3.891629237123678e-10,-3.89162923712368e-10,-3.8916292371236685e-10,-3.891629237123683e-10,-3.891629237123684e-10,-3.891629237123681e-10,-3.891629237123669e-10,-3.891629237123678e-10,-3.8916292371236675e-10,-3.8916292371236675e-10,-3.8916292371236835e-10,-3.8916292371236835e-10,-3.8916292371236664e-10,-3.8916292371236804e-10,-3.89162923712367e-10,-3.8916292371236695e-10,-3.8916292371236695e-10,-3.891629237123679e-10,-3.8916292371236675e-10,-3.8916292371236814e-10,-3.8916292371236675e-10,-3.8916292371236695e-10,-3.8916292371236804e-10,-3.8916292371236695e-10,9.100410292201479e-09,9.100410292201479e-09,9.100410292201479e-09,9.100410292201479e-09,9.100410292201479e-09,9.100410292201479e-09,9.100410292201479e-09,9.100410292201479e-09,-3.8916292371236814e-10,-3.89162923712367e-10,-3.8916292371236695e-10,-3.891629237123677e-10,-3.8916292371236664e-10,-3.8916292371236695e-10,-3.891629237123679e-10,-3.891629237123679e-10,-3.891629237123679e-10,-3.891629237123669e-10,-3.8916292371236675e-10,-3.891629237123685e-10,-3.891629237123683e-10,-3.8916292371236824e-10,-3.8916292371236804e-10,-3.891629237123678e-10,-3.8916292371236835e-10,-3.891629237123685e-10,-3.8916292371236695e-10,-3.8916292371236675e-10,-3.8916292371236695e-10,-3.8916292371236783e-10,-3.89162923712368e-10,-3.8916292371236814e-10,-3.8916292371236824e-10,-3.8916292371236804e-10,-3.8916292371236845e-10,-3.8916292371236685e-10,-3.89162923712367e-10,-3.891629237123669e-10,-3.8916292371236675e-10,-3.8916292371236773e-10,-3.8916292371236695e-10,-3.8916292371236835e-10,-3.891629237123681e-10,-3.8916292371236783e-10,-3.891629237123683e-10,-3.8916292371236814e-10,-3.891629237123669e-10,-3.89162923712368e-10,-3.891629237123684e-10,-3.8916292371236804e-10,-3.891629237123681e-10,-3.8916292371236685e-10,-3.891629237123681e-10,-3.8916292371236804e-10,-3.8916292371236783e-10,-3.8916292371236783e-10,-3.89162923712368e-10,-3.891629237123679e-10,-3.8916292371236804e-10,-3.8916292371236675e-10,-3.891629237123679e-10,-3.891629237123681e-10,-3.8916292371236793e-10,-3.8916292371236783e-10,-3.89162923712367e-10,-3.8916292371236856e-10,-3.891629237123683e-10,-3.891629237123683e-10,-3.891629237123681e-10,-3.8916292371236783e-10,13.115885530351084,4.9971586587420225,1.000820208634269,-3.891629237123678e-10,-3.89162923712367e-10,-3.8916292371236685e-10,-3.8916292371236695e-10,-3.891629237123678e-10
L4IB,9.026559197650051e-09,9.026559197650051e-09,9.026559197650051e-09,9.026559197650051e-09,9.026559197650051e-09,9.026559197650051e-09,9.026559197650051e-09,9.026559197650051e-09,9.026559197650051e-09,9.026559197650051e-09,9.026559197650051e-09,9.026559197650051e-09,9.026559197650051e-09,9.026559197650051e-09,9.026559197650051e-09,9.026559197650051e-09,9.026559197650051e-09,9.026559197650051e-09,9.026559197650051e-09,9.026559197650051e-09,42.8719366069304,9.026559197650051e-09,9.026559197650051e-09,9.026559197650051e-09,9.026559197650051e-09,9.026559197650051e-09,9.026559197650051e-09,9.026559197650051e-09,9.026559197650051e-09,33.034163769162824,9.026559197650051e-09,9.026559197650051e-09,9.026559197650051e-09,9.026559197650051e-09,1.8743632566308625e-09,1.8743632566308617e-09,1.8743632566308617e-09,1.8743632566308617e-09,1.8743632566308617e-09,1.874363256630862e-09,1.874363256630862e-09,1.8743632566308617e-09,1.8743632566308617e-09,1.874363256630861e-09,1.8743632566308617e-09,1.8743632566308617e-09,1.874363256630862e-09,1.8743632566308613e-09,1.8743632566308617e-09,1.8743632566308617e-09,1.874363256630862e-09,1.8743632566308617e-09,1.874363256630861e-09,1.874363256630861e-09,1.8743632566308617e-09,1.8743632566308617e-09,1.8743632566308613e-09,1.8743632566308617e-09,1.8743632566308617e-09,1.874363256630861e-09,9.026559197650051e-09,9.026559197650051e-09,9.026559197650051e-09,9.026559197650051e-09,9.026559197650051e-09,9.026559197650051e-09,9.026559197650051e-09,9.026559197650051e-09,1.8743632566308617e-09,1.874363256630862e-09,1.8743632566308617e-09,1.874363256630862e-09,1.874363256630862e-09,1.874363256630862e-09,1.874363256630862e-09,1.874363256630861e-09,1.8743632566308617e-09,1.8743632566308617e-09,1.874363256630862e-09,1.874363256630861e-09,1.8743632566308617e-09,1.8743632566308613e-09,1.8743632566308617e-09,1.874363256630862e-09,1.874363256630862e-09,1.8743632566308617e-09,1.874363256630862e-09,1.8743632566308617e-09,1.8743632566308617e-09,1.8743632566308617e-09,1.8743632566308617e-09,1.8743632566308625e-09,1.8743632566308617e-09,1.874363256630862e-09,1.8743632566308617e-09,1.874363256630862e-09,1.874363256630862e-09,1.874363256630861e-09,1.8743632566308617e-09,1.874363256630861e-09,1.8743632566308617e-09,1.8743632566308617e-09,1.8743632566308617e-09,1.8743632566308617e-09,1.8743632566308617e-09,1.8743632566308617e-09,1.8743632566308617e-09,1.8743632566308617e-09,1.8743632566308617e-09,1.8743632566308617e-09,1.874363256630862e-09,1.8743632566308617e-09,1.8743632566308617e-09,1.874363256630862e-09,1.8743632566308617e-09,1.8743632566308617e-09,1.8743632566308617e-09,1.874363256630862e-09,1.8743632566308617e-09,1.874363256630862e-09,1.8743632566308617e-09,1.874363256630862e-09,1.8743632566308617e-09,1.8743632566308617e-09,1.8743632566308617e-09,1.874363256630862e-09,1.8743632566308617e-09,1.8743632566308617e-09,1.874363256630861e-09,1.874363256630862e-09,2.6466643309512554e-21,2.6466651322914453e-21,2.6466651322914757e-21,1.8743632566308617e-09,1.8743632566308617e-09,1.8743632566308617e-09,1.8743632566308617e-09,1.8743632566308617e-09
