dummy,GOODSA,TRADEA,OTHERA,GOODSB,TRADEB,OTHERB,GOODSC,TRADEC,OTHERC,GOODSD,TRADED,OTHERD,GOODSE,TRADEE,OTHERE,GOODSF,TRADEF,OTHERF,GOODSG,TRADEG,OTHERG,GOODSH,TRADEH,OTHERH,HS1A,HS2A,HS3A,HS1B,HS2B,HS3B,HS1C,HS2C,HS3C,HS1D,HS2D,HS3D,HS1E,HS2E,HS3E,HS1F,HS2F,HS3F,HS1G,HS2G,HS3G,HS1H,HS2H,HS3H,L1A,L2A,L3A,L1B,L2B,L3B,L1C,L2C,L3C,L1D,L2D,L3D,L1E,L2E,L3E,L1F,L2F,L3F,L1G,L2G,L3G,L1H,L2H,L3H,KAP,HH1A,HH2A,HH3A,HH4A,HH5A,HH1B,HH2B,HH3B,HH4B,HH5B,HH1C,HH2C,HH3C,HH4C,HH5C,HH1D,HH2D,HH3D,HH4D,HH5D,HH1E,HH2E,HH3E,HH4E,HH5E,HH1F,HH2F,HH3F,HH4F,HH5F,HH1G,HH2G,HH3G,HH4G,HH5G,HH1H,HH2H,HH3H,HH4H,HH5H,INVES,USSOCL1A,USSOCL2A,USSOCL3A,USSOCL1B,USSOCL2B,USSOCL3B,USSOCL1C,USSOCL2C,USSOCL3C,USSOCL1D,USSOCL2D,USSOCL3D,USSOCL1E,USSOCL2E,USSOCL3E,USSOCL1F,USSOCL2F,USSOCL3F,USSOCL1G,USSOCL2G,USSOCL3G,USSOCL1H,USSOCL2H,USSOCL3H,MEMPROPTAX,OTHERPROPTAX,MEMSALESTAX,OTHERSALESTAX,MEMFEE,OTHERFEE,TNSTX,TNITAX,USPIT,CYGFM,CYGFO,FED,STATE,MEMPHIS,OTHER,OUTCOM1,OUTCOM2,OUTCOM3,ROW
GOODSA,84.49752696,36.57743031,167.996294,20.29633729,21.19591707,41.31914705,21.22380222,18.86427997,19.69752803,32.36571815,13.39309366,10.61759302,19.21965646,12.47833606,22.51439397,30.28878755,18.29132851,32.00400072,50.06200251,24.86968082,71.83378363,123.7055432,105.9489678,24.99214972,0.135568764,4.300367986,0.1714961,0.104611128,0.755235953,4.707938648,0.094608572,0.155067949,2.077446868,1.102430372,2.366225854,3.036441499,2.169581475,0.342998143,2.780512212,2.133960696,0.07114063,4.288549845,2.818633219,0.158418576,0.170790012,0.343657083,1.518160867,0.656617508,0,0,0,0,0,0,0,0,0,0,0,0,0,0,0,0,0,0,0,0,0,0,0,0,0,7.674136961,11.30989225,11.84095226,9.280145611,18.05980352,0.140344936,0.625718571,0.546001651,0.097338371,0.869210602,0.093864651,0.200513377,0.804355305,0.370103522,0.365336463,0.037852219,0.179079443,0.59935371,0.78719114,0.659108586,1.534098218,0.251253453,0.224128197,0.73672708,1.032906632,1.004965175,0.145342529,0.435074832,0.830987512,2.971485787,0.063177786,0.687028087,0.585521106,0.21999063,0.594098344,0.082405003,0.185349507,0.610313148,0.236733765,0.211100965,612.0952571,0,0,0,0,0,0,0,0,0,0,0,0,0,0,0,0,0,0,0,0,0,0,0,0,0,0,0,0,0,0,0,0,0,0,0,28.8430179,17.65289999,40.65172722,10.1629318,0,0,0,982.9640202
TRADEA,15.39882061,21.82681254,47.89524148,3.698802417,12.64821789,11.77996537,3.86782353,11.25686248,5.615706389,5.898325142,7.992047068,3.027044045,3.502588213,7.446184701,6.418786452,5.519825522,10.91496574,9.124244982,9.12329418,14.84045917,20.47959708,22.54408545,63.2228191,7.125187213,0,0,0,0,0,0,0,0,0,0,0,0,0,0,0,0,0,0,0,0,0,0,0,0,0,0,0,0,0,0,0,0,0,0,0,0,0,0,0,0,0,0,0,0,0,0,0,0,0,176.2468433,209.8751624,217.2863348,164.1419862,308.2400573,3.223209605,11.61132076,10.01935444,1.721666253,14.83546183,2.155727543,3.720882271,14.76025004,6.546182541,6.235468297,0.869326956,3.323137506,10.99838662,13.92339329,11.24949494,2.283111293,4.662454613,4.112844423,13.03081345,17.62938335,1.114031902,2.697089079,7.983801771,14.69803885,50.71655118,1.450962547,12.74902785,10.74455265,3.8910703,10.13991694,1.892541362,3.439489695,11.19949681,4.187213434,3.603016689,338.9919098,0,0,0,0,0,0,0,0,0,0,0,0,0,0,0,0,0,0,0,0,0,0,0,0,0,0,0,0,0,0,0,0,0,0,0,4.38499286,2.68376356,6.180266372,1.545066593,0,0,0,1707.726015
OTHERA,136.2266726,393.3349847,3144.852465,32.72169725,227.9300553,773.4850474,34.21695356,202.8568221,368.7332506,52.17991874,144.0224817,198.7589295,30.98587547,134.1856462,421.4643411,48.83149712,196.695595,599.107624,80.70981804,267.4358324,1344.712113,199.4377248,1139.321032,467.847366,0.458541411,14.54536248,0.580060347,0.353831761,2.554474577,15.92391032,0.319999587,0.524494541,7.026658606,3.728808654,8.00341107,10.27031696,7.33829037,1.160140792,9.40467377,7.217808321,0.240622722,14.50538935,9.53361247,0.535827543,0.577672107,1.162369561,5.134955933,2.220912186,0,0,0,0,0,0,0,0,0,0,0,0,0,0,0,0,0,0,0,0,0,0,0,0,0,109.4235048,137.224757,178.1611536,176.469619,331.3899553,2.00114161,7.591944905,8.215241638,1.850969363,15.94965649,1.338391422,2.432861324,12.1024784,7.037823566,6.703773605,0.539724858,2.172799924,9.017986562,14.96908845,12.09437105,1.986197544,3.048498898,3.372274229,14.00947276,18.95341122,1.070797128,1.763464477,6.546216241,15.80191257,54.52554017,0.900835466,8.335823209,8.809858648,4.183303182,10.90145989,1.174991307,2.248875628,9.182884295,4.501687693,3.873615745,250.0968728,0,0,0,0,0,0,0,0,0,0,0,0,0,0,0,0,0,0,0,0,0,0,0,0,0,0,0,0,0,0,0,0,0,0,0,33.77281921,20.6701047,47.59985375,11.89996344,0,0,0,7968.699116
GOODSB,27.74135109,12.0087223,55.1547997,6.663482813,6.958823508,13.56547353,6.967978472,6.193324616,6.466887972,10.62597667,4.397081509,3.485857943,6.309998136,4.096757787,7.391692162,9.944100372,6.005219139,10.50722136,16.43583709,8.164955494,23.58372231,40.61372005,34.78406551,8.205163214,0.044508529,1.411852185,0.05630382,0.03434484,0.24795123,1.545661555,0.031060905,0.0509103,0.682045795,0.361938498,0.776854714,0.996892959,0.712294473,0.112609591,0.912868912,0.700599828,0.023356153,1.407972176,0.925384405,0.052010343,0.056072004,0.112825927,0.498426819,0.215573845,0,0,0,0,0,0,0,0,0,0,0,0,0,0,0,0,0,0,0,0,0,0,0,0,0,0.088426208,0.304330777,0.239116941,0.170988493,0.376076284,4.156302635,10.18198713,11.31386444,11.58713297,16.73470215,0.021978759,0.193127052,0.180858267,0.19376505,0.116259174,0.007134984,0.070464415,0.138915498,0.303936867,0.373226812,1.505611133,0.092247807,0.295769232,0.326954977,0.321559505,1.005641445,0.042718265,0.253328548,0.267682341,0.68060295,0.048471183,0.14711003,0.240517367,0.237663486,0.090949682,0.052671905,0.133936275,0.194255321,0.129440287,0.040688173,285.4104406,0,0,0,0,0,0,0,0,0,0,0,0,0,0,0,0,0,0,0,0,0,0,0,0,0,0,0,0,0,0,0,0,0,0,0,9.469440286,5.795616911,13.34635317,3.336588293,0,0,0,138.1112878
TRADEB,15.68464558,22.2319506,48.78424829,3.767457682,12.8829876,11.99861902,3.939616078,11.46580656,5.719942238,6.007806815,8.140391329,3.083230477,3.567601451,7.584396947,6.53792866,5.62228168,11.11756371,9.293604518,9.292636067,15.11592013,20.85972881,22.96253715,64.39632851,7.257441268,0,0,0,0,0,0,0,0,0,0,0,0,0,0,0,0,0,0,0,0,0,0,0,0,0,0,0,0,0,0,0,0,0,0,0,0,0,0,0,0,0,0,0,0,0,0,0,0,0,2.030826406,5.647398744,4.387894018,3.024348109,6.418772784,95.45506198,188.9448773,207.6140568,204.9466787,285.6235698,0.504771664,3.583815877,3.318823448,3.427207018,1.98428152,0.163864475,1.307592521,2.549156416,5.37586404,6.370138728,1.628867199,1.711822102,5.427486813,5.782995388,5.488294501,1.129563341,0.792713362,4.648682854,4.7346144,11.6163552,1.113205693,2.729888209,4.413592424,4.203657816,1.552305664,1.209680913,2.485425755,3.564664886,2.289466862,0.694455222,215.6709104,0,0,0,0,0,0,0,0,0,0,0,0,0,0,0,0,0,0,0,0,0,0,0,0,0,0,0,0,0,0,0,0,0,0,0,4.466384839,2.733578197,6.294981293,1.573745323,0,0,0,751.951721
OTHERB,39.47119566,113.967418,911.2098578,9.480995826,66.04192585,224.1145516,9.914241045,58.77704537,106.8391527,15.11894655,41.73000373,57.58969552,8.978047617,38.87981549,122.1177994,14.14875325,56.99185166,173.5893111,23.38538378,77.48858477,389.6255696,57.78637405,330.1142316,135.5571165,0.132860749,4.214467235,0.16807043,0.102521499,0.740149957,4.613896588,0.092718746,0.151970435,2.035949432,1.080409094,2.318959997,2.975787945,2.126243631,0.336146683,2.724970899,2.091334384,0.069719581,4.202885165,2.76233043,0.155254132,0.167378446,0.336792461,1.487835286,0.643501436,0,0,0,0,0,0,0,0,0,0,0,0,0,0,0,0,0,0,0,0,0,0,0,0,0,1.260846089,3.692494679,3.597797629,3.251487147,6.900844895,59.26362844,123.5397013,170.2304928,220.3388855,307.0748911,0.313389355,2.343241846,2.721226876,3.684602158,2.133307948,0.101735866,0.854956175,2.090148229,5.779610085,6.848558252,1.580007678,1.119257607,4.450198457,6.21731841,5.900484464,1.080439879,0.518307632,3.811628103,5.090200371,12.48878378,0.691137873,1.784909857,3.618868709,4.519367106,1.668889206,0.751034871,1.625070549,2.922801422,2.461413769,0.74661122,153.919442,0,0,0,0,0,0,0,0,0,0,0,0,0,0,0,0,0,0,0,0,0,0,0,0,0,0,0,0,0,0,0,0,0,0,0,11.08794149,6.786194248,15.62748997,3.906872491,0,0,0,1201.425176
GOODSC,34.51623117,14.94144368,68.62448086,8.29081152,8.658279121,16.87837837,8.669669872,7.705833198,8.046205085,13.22100954,5.470918895,4.337160012,7.851000251,5.097251334,9.196861198,12.37260818,7.471789366,13.07325228,20.44973047,10.15896776,29.34324318,50.5322378,43.27888871,10.20899485,0.055378222,1.756648992,0.07005411,0.042732397,0.308504872,1.923136742,0.038646473,0.063343406,0.848612248,0.450329648,0.966575017,1.240350108,0.886248136,0.140110647,1.13580605,0.871697473,0.029060098,1.751821422,1.151378026,0.064712097,0.069765681,0.140379817,0.620150593,0.268220414,0,0,0,0,0,0,0,0,0,0,0,0,0,0,0,0,0,0,0,0,0,0,0,0,0,0.040982929,0.112354903,0.317828253,0.138111429,0.194626024,0.021777511,0.069666828,0.260701107,0.129784488,0.162685712,3.162477484,7.719222075,12.07639661,7.854046199,6.186477581,0.003514921,0.081129154,0.164944573,0.126805683,0.174276049,1.502406217,0.110425484,0.21083917,0.147522953,0.162668141,1.001883918,0.050954669,0.203763874,0.11168929,0.397733727,0.021799372,0.175777522,0.18194467,0.11756232,0.057004291,0.022450636,0.157234625,0.146063606,0.070236997,0.024808723,199.9314701,0,0,0,0,0,0,0,0,0,0,0,0,0,0,0,0,0,0,0,0,0,0,0,0,0,0,0,0,0,0,0,0,0,0,0,11.78202853,7.210998933,16.60574534,4.151436334,0,0,0,166.8755027
TRADEC,13.22205169,18.74138618,41.12479616,3.175941716,10.86027268,10.11475586,3.321070096,9.665598509,4.821873184,5.064541103,6.862295635,2.599142743,3.007464245,6.393596076,5.511430285,4.739545984,9.372032109,7.834446667,7.83363027,12.74261992,17.58461236,19.35726577,54.28567573,6.117974619,0,0,0,0,0,0,0,0,0,0,0,0,0,0,0,0,0,0,0,0,0,0,0,0,0,0,0,0,0,0,0,0,0,0,0,0,0,0,0,0,0,0,0,0,0,0,0,0,0,0.941227906,2.084945027,5.832278921,2.442837137,3.321826656,0.500149732,1.292791877,4.783972323,2.29555489,2.776677678,72.63053506,143.2438923,221.6068352,138.9179434,105.5891999,0.080724868,1.505495717,3.026800632,2.242867464,2.974498553,1.555261997,2.049141222,3.868985322,2.609302863,2.776377781,1.043266694,0.945554487,3.739150738,1.975497218,6.788416419,0.500651793,3.261864503,3.33875938,2.079376071,0.972934494,0.515608945,2.917768077,2.680327128,1.242312424,0.423428878,159.0542846,0,0,0,0,0,0,0,0,0,0,0,0,0,0,0,0,0,0,0,0,0,0,0,0,0,0,0,0,0,0,0,0,0,0,0,3.765132651,2.304388201,5.306627274,1.326656819,0,0,0,801.7257047
OTHERC,22.00531097,63.53718026,508.0022519,5.285683851,36.81857342,124.9445404,5.527219371,32.76838058,59.56315081,8.428858434,23.2646033,32.10642945,5.005288703,21.67561474,68.08104252,7.887972735,31.77312969,96.77656599,13.03742219,43.20012039,217.2174336,32.21607832,184.0396827,75.57350246,0.074070269,2.349578231,0.093699773,0.057156046,0.41263584,2.572261304,0.051690982,0.084723977,1.135047967,0.602331338,1.292827213,1.65901078,1.185387256,0.187402793,1.519179519,1.165925245,0.038868877,2.343121192,1.54000757,0.086554648,0.09331399,0.187762816,0.829472672,0.358753997,0,0,0,0,0,0,0,0,0,0,0,0,0,0,0,0,0,0,0,0,0,0,0,0,0,0.584364828,1.363220266,4.782102573,2.626302684,3.571307366,0.310519812,0.845278923,3.922556974,2.467959029,2.985215807,45.09293644,93.65857344,181.7036927,149.351163,113.5193153,0.050118333,0.984353182,2.4817865,2.411314594,3.197893716,1.534309615,1.33981031,3.172325075,2.805270563,2.984893387,1.026862287,0.61824126,3.065868866,2.123863915,7.29825005,0.310831518,2.132737189,2.737573089,2.23554443,1.046005251,0.320117721,1.907753213,2.197699978,1.335614398,0.455229856,111.5591337,0,0,0,0,0,0,0,0,0,0,0,0,0,0,0,0,0,0,0,0,0,0,0,0,0,0,0,0,0,0,0,0,0,0,0,13.79579352,8.443491043,19.44397209,4.860993023,0,0,0,270.4044794
GOODSD,47.38340944,20.51140926,94.20674748,11.38151251,11.885967,23.17040667,11.90160407,10.57846228,11.04572015,18.14962083,7.510402533,5.953993865,10.77774562,6.997436823,12.6253251,16.98494706,10.25717011,17.94678169,28.07310992,13.94609181,40.28200237,69.369964,59.4126657,14.01476831,0.076022464,2.411503678,0.096169323,0.05866245,0.423511263,2.640055781,0.053053348,0.086956961,1.164963272,0.618206373,1.326900946,1.702735642,1.216629303,0.192341978,1.55921899,1.196654352,0.039893305,2.404876457,1.580595985,0.088835881,0.095773372,0.19271149,0.85133424,0.368209312,0,0,0,0,0,0,0,0,0,0,0,0,0,0,0,0,0,0,0,0,0,0,0,0,0,0.025054199,0.071624882,0.42023439,0.150111089,0.120493884,0.012035953,0.046131132,0.35181164,0.316554458,0.092670518,0.005408503,0.126782261,0.268946186,0.084869006,0.038856513,0.91740089,4.004962294,9.42987946,14.31204872,14.28374025,1.501335874,0.073655563,0.267485585,0.158482558,0.097202115,1.001255006,0.034803369,0.194682163,0.109141431,0.276920749,0.012636719,0.106788789,0.187276954,0.100628726,0.039223333,0.014694715,0.232502221,0.163942514,0.041806893,0.016521231,194.7824794,0,0,0,0,0,0,0,0,0,0,0,0,0,0,0,0,0,0,0,0,0,0,0,0,0,0,0,0,0,0,0,0,0,0,0,16.17420741,9.899160578,22.79613977,5.699034944,0,0,0,264.7388732
TRADED,14.53340609,20.60014455,45.20352644,3.49092953,11.93738739,11.11793071,3.650451648,10.62422622,5.3001034,5.566838965,7.542893611,2.856924013,3.305742575,7.027708737,6.058050322,5.209611043,10.3015441,8.611461944,8.610564577,14.0064246,19.32864267,21.27710668,59.66969341,6.724751325,0,0,0,0,0,0,0,0,0,0,0,0,0,0,0,0,0,0,0,0,0,0,0,0,0,0,0,0,0,0,0,0,0,0,0,0,0,0,0,0,0,0,0,0,0,0,0,0,0,0.575403259,1.329127049,7.711473567,2.655080357,2.056558454,0.276421802,0.856045187,6.455888016,5.599036866,1.581676444,0.124213528,2.352670295,4.935272925,1.501115157,0.663192919,21.06934131,74.31919715,173.0421591,253.143453,243.7911858,1.530680136,1.366809947,4.908470295,2.803150178,1.659020562,1.028822894,0.645838402,3.5724976,1.930432134,4.726411746,0.290219191,1.981655882,3.436608991,1.779864206,0.669453714,0.33748384,4.314492159,3.008412431,0.739456769,0.281980106,148.1726819,0,0,0,0,0,0,0,0,0,0,0,0,0,0,0,0,0,0,0,0,0,0,0,0,0,0,0,0,0,0,0,0,0,0,0,4.138556035,2.53293591,5.832935083,1.458233771,0,0,0,342.2312064
OTHERD,16.72243586,48.28363584,386.0447637,4.016735291,27.97943793,94.94876331,4.200284719,24.90158595,45.2636625,6.405319366,17.67940644,24.39855123,3.803655372,16.4718907,51.73664068,5.994285574,24.14526766,73.54315145,9.907492634,32.82894949,165.069451,24.4818764,139.8567733,57.43036529,0.056288018,1.785508567,0.071205013,0.043434438,0.313573227,1.954731506,0.039281386,0.06438406,0.862553901,0.457728008,0.982454652,1.260727531,0.900808099,0.142412492,1.154465942,0.886018387,0.02953752,1.780601687,1.170293746,0.065775237,0.070911845,0.142686084,0.630338902,0.272626945,0,0,0,0,0,0,0,0,0,0,0,0,0,0,0,0,0,0,0,0,0,0,0,0,0,0.357241243,0.869036308,6.32292421,2.854486105,2.211013131,0.171617498,0.559716507,5.293422881,6.019543965,1.700465834,0.077118428,1.538269731,4.046613969,1.613854114,0.713001008,13.08097852,48.59285708,141.8837071,272.1554048,262.1007499,1.519047876,0.893674891,4.024637495,3.013676484,1.783618763,1.017894801,0.422274922,2.929223756,2.075414287,5.081381669,0.180183659,1.295685701,2.817803627,1.913538185,0.719732011,0.209528091,2.820987159,2.46670933,0.794992539,0.30315779,106.9889348,0,0,0,0,0,0,0,0,0,0,0,0,0,0,0,0,0,0,0,0,0,0,0,0,0,0,0,0,0,0,0,0,0,0,0,18.93867641,11.59110887,26.69241859,6.673104648,0,0,0,51.31573705
GOODSE,31.49045766,13.6316418,62.60869845,7.564019601,7.899274133,15.39878027,7.909666344,7.030321846,7.340855938,12.06202494,4.991325356,3.956954426,7.162763216,4.650414367,8.390642847,11.28799642,6.816794844,11.92722043,18.65705929,9.268408899,26.77094589,46.10246371,39.48496016,9.314050494,0.050523637,1.602657034,0.063913003,0.038986375,0.281460614,1.75455008,0.035258632,0.057790575,0.774220915,0.410852698,0.881842792,1.131618118,0.808557552,0.12782822,1.036238636,0.795282434,0.026512622,1.598252661,1.050445536,0.059039284,0.063649859,0.128073794,0.565786742,0.244707586,0,0,0,0,0,0,0,0,0,0,0,0,0,0,0,0,0,0,0,0,0,0,0,0,0,0.021965359,0.100619142,0.21034572,0.208267707,0.182688435,0.015255164,0.06599726,0.181724588,0.140337356,0.154430142,0.007605353,0.086673878,0.170061436,0.130744981,0.060608875,0.003056794,0.046560369,0.129713007,0.198057938,0.1093869,1.948603944,5.611186016,10.38127146,17.22457943,16.68462604,1.001459568,0.031675042,0.305955583,0.178892225,0.347253566,0.016737078,0.123620079,0.278938874,0.085480287,0.054170435,0.0176767,0.106017408,0.228867611,0.065049911,0.021333038,196.959829,0,0,0,0,0,0,0,0,0,0,0,0,0,0,0,0,0,0,0,0,0,0,0,0,0,0,0,0,0,0,0,0,0,0,0,10.74918837,6.57886591,15.15004688,3.78751172,0,0,0,64.41248917
TRADEE,8.47550451,12.01346862,26.36152116,2.035819325,6.961573911,6.48368808,2.128848475,6.195772463,3.09088248,3.246435725,4.39881941,1.666083794,1.927823108,4.098376988,3.532897415,3.03810969,6.00759264,5.021980675,5.021457354,8.168182608,11.27196179,12.40825533,34.79781356,3.921700103,0,0,0,0,0,0,0,0,0,0,0,0,0,0,0,0,0,0,0,0,0,0,0,0,0,0,0,0,0,0,0,0,0,0,0,0,0,0,0,0,0,0,0,0,0,0,0,0,0,0.50446392,1.867167112,3.859930311,3.683721835,3.118078976,0.350355291,1.224696519,3.334720781,2.482208067,2.635773734,0.174667131,1.608387938,3.120697169,2.312543546,1.034456614,0.070203377,0.864010442,2.380286928,3.503137206,1.866987328,11.80279096,104.1255346,190.5005929,304.6586549,284.7688838,1.033520938,0.587786735,5.61441054,3.164144879,5.926834089,0.384389436,2.293990386,5.118642835,1.511927142,0.924566975,0.405969102,1.967341523,4.199814617,1.150566176,0.364106773,178.197395,0,0,0,0,0,0,0,0,0,0,0,0,0,0,0,0,0,0,0,0,0,0,0,0,0,0,0,0,0,0,0,0,0,0,0,2.413498261,1.477142356,3.401616062,0.850404016,0,0,0,264.0999866
OTHERE,21.51225983,62.11356581,496.6199503,5.167252785,35.99361624,122.1450323,5.403376459,32.03417204,58.22857849,8.240001379,22.74333646,31.38705259,4.893140173,21.18995078,66.55561826,7.711234769,31.06122075,94.60818965,12.74530563,42.23217823,212.3504584,31.49424467,179.9160884,73.88020209,0.072410651,2.296933567,0.091600335,0.055875407,0.403390319,2.514627201,0.050532793,0.082825651,1.109616075,0.588835498,1.263860118,1.621838975,1.158827462,0.183203845,1.485140773,1.139801517,0.037997981,2.290621204,1.505502151,0.084615304,0.091223196,0.183555801,0.810887502,0.350715753,0,0,0,0,0,0,0,0,0,0,0,0,0,0,0,0,0,0,0,0,0,0,0,0,0,0.313198291,1.220828374,3.164900534,3.960382129,3.352257528,0.217519379,0.80075546,2.734261692,2.668630507,2.833729488,0.108442734,1.051628223,2.558775765,2.486223591,1.112147896,0.043586027,0.564924509,1.95168585,3.766234967,2.007204556,7.896525893,68.08143003,156.1985268,327.5395771,306.1560151,1.020811599,0.384318425,4.603464178,3.401783139,6.371959897,0.238649604,1.499902465,4.196965783,1.625478117,0.994005163,0.252047419,1.286326402,3.443584328,1.236977688,0.391452455,131.6704033,0,0,0,0,0,0,0,0,0,0,0,0,0,0,0,0,0,0,0,0,0,0,0,0,0,0,0,0,0,0,0,0,0,0,0,12.58642201,7.70331488,17.73946804,4.434867011,0,0,0,375.6061701
GOODSF,55.6558946,24.09241642,110.6539371,13.36856651,13.96109175,27.21563785,13.97945883,12.42531486,12.97414946,21.31829253,8.8216145,6.993478496,12.65939031,8.219092101,14.8295315,19.9502829,12.04792955,21.0800405,32.97428499,16.38088574,47.31468049,81.4809962,69.78529192,16.4615522,0.089294931,2.832518725,0.112959151,0.068904098,0.497450448,3.100972852,0.062315726,0.102138438,1.368349679,0.726136619,1.558559421,2.000009635,1.429035881,0.225922216,1.831436968,1.405573581,0.046858122,2.824734483,1.85654609,0.104345392,0.112494072,0.226356239,0.999965374,0.432493543,0,0,0,0,0,0,0,0,0,0,0,0,0,0,0,0,0,0,0,0,0,0,0,0,0,0.030803797,0.129325154,0.163503163,0.186196609,0.336641207,0.014473422,0.112224334,0.160002575,0.729706957,0.291526343,0.008200179,0.092110732,0.156154821,0.385863241,0.11753365,0.003525738,0.033971031,0.116787647,0.655415723,0.193459628,1.502944694,0.051218272,0.298479339,0.747039555,0.190650332,1.653540408,3.232572859,11.91581738,16.99285678,46.04967506,0.017409943,0.097848975,0.23933484,0.214038822,0.077554433,0.022093761,0.104032778,0.196995514,0.113738101,0.034369197,259.8751399,0,0,0,0,0,0,0,0,0,0,0,0,0,0,0,0,0,0,0,0,0,0,0,0,0,0,0,0,0,0,0,0,0,0,0,18.99799937,11.62741652,26.77602915,6.694007288,0,0,0,83.47923556
TRADEF,17.28976455,24.50710086,53.77668,4.153007853,14.2013934,13.22652123,4.342784415,12.63918236,6.305303745,6.622627507,8.97345424,3.398758915,3.932698942,8.360561082,7.207000411,6.197648901,12.2553014,10.24468376,10.2436162,16.66283746,22.99445007,25.31245342,70.98645307,8.000145753,0,0,0,0,0,0,0,0,0,0,0,0,0,0,0,0,0,0,0,0,0,0,0,0,0,0,0,0,0,0,0,0,0,0,0,0,0,0,0,0,0,0,0,0,0,0,0,0,0,0.707450486,2.399858199,3.000350163,3.293340701,5.745705088,0.332401533,2.082522077,2.936112931,12.90664546,4.975696249,0.18832811,1.709278431,2.865505062,6.824931579,2.006033959,0.080973296,0.63039289,2.143101269,11.59262398,3.301918919,1.567628838,0.950446117,5.477218402,13.2132147,3.253970584,16.00943162,59.9861377,218.6601404,300.5600753,785.9639485,0.399842685,1.815761723,4.391892569,3.785798068,1.323679018,0.507412845,1.930513199,3.614948556,2.011735435,0.586604561,231.769709,0,0,0,0,0,0,0,0,0,0,0,0,0,0,0,0,0,0,0,0,0,0,0,0,0,0,0,0,0,0,0,0,0,0,0,4.92346109,3.013324282,6.939190549,1.734797637,0,0,0,310.6249936
OTHERF,29.151971,84.1721364,672.9860322,7.002314239,48.77613346,165.5227515,7.322293197,43.41056037,78.90746227,11.16629694,30.82024343,42.53362751,6.63085522,28.71519939,90.19170781,10.44974791,42.09208207,128.2066702,17.27158294,57.23021404,287.763092,42.67888703,243.8102101,100.1174923,0.098126055,3.11265024,0.124130628,0.075718602,0.546647491,3.407654045,0.06847865,0.112239764,1.503677246,0.797950355,1.712698424,2.197807349,1.570365216,0.248265557,2.012563118,1.544582532,0.051492314,3.104096149,2.040155492,0.114664982,0.123619554,0.248742505,1.09886033,0.475266454,0,0,0,0,0,0,0,0,0,0,0,0,0,0,0,0,0,0,0,0,0,0,0,0,0,0.439223252,1.569123066,2.460098776,3.540682017,6.177227479,0.206372722,1.361636045,2.407428278,13.87597932,5.349388304,0.116924204,1.117594453,2.349534259,7.337507625,2.15669407,0.05027257,0.41217603,1.7572085,12.46327027,3.549904488,1.541987614,0.621439603,4.490975238,14.20557297,3.498355067,10.31866116,39.2213308,179.287588,323.13318,844.9925685,0.24824381,1.187217479,3.601076189,4.07012464,1.423091906,0.315029143,1.262246574,2.964030875,2.162823747,0.6306606,172.3611338,0,0,0,0,0,0,0,0,0,0,0,0,0,0,0,0,0,0,0,0,0,0,0,0,0,0,0,0,0,0,0,0,0,0,0,22.24510626,13.61475548,31.35254414,7.838136034,0,0,0,493.3194514
GOODSG,60.29133886,26.09901526,119.8700347,14.48200194,15.12387717,29.48236222,15.143774,13.46018916,14.05473486,23.09384134,9.556345343,7.575948332,13.71376018,8.903640318,16.06464716,21.6118935,13.05137233,22.83574587,35.72063309,17.74520992,51.25540529,88.26735045,75.59753937,17.8325949,0.096732089,3.068432329,0.122367244,0.074642953,0.538881887,3.359245348,0.067505851,0.110645301,1.4823162,0.786614775,1.688368049,2.166585579,1.548056809,0.244738728,1.983972905,1.52264039,0.050760821,3.059999757,2.011173305,0.113036066,0.121863431,0.2452089,1.083250061,0.46851488,0,0,0,0,0,0,0,0,0,0,0,0,0,0,0,0,0,0,0,0,0,0,0,0,0,0.071557078,0.302611683,0.269845109,0.303400275,0.748472268,0.042717576,0.251827187,0.25389616,0.257326709,0.600672851,0.024373225,0.141302379,0.291755353,0.29777658,0.255946525,0.009584838,0.078362245,0.220478106,0.575560335,0.492677152,1.50789492,0.099003321,0.254319183,0.631833087,0.554987908,1.003611421,0.049563316,0.306718084,0.651719676,1.144438486,1.995006131,9.923666771,11.31923816,8.645944521,7.27562531,0.044087733,0.123820889,0.324135615,0.243384334,0.061947177,315.1432252,0,0,0,0,0,0,0,0,0,0,0,0,0,0,0,0,0,0,0,0,0,0,0,0,0,0,0,0,0,0,0,0,0,0,0,20.58029659,12.5958358,29.00613958,7.251534895,0,0,0,523.2072311
TRADEG,19.3593491,27.44060046,60.21374778,4.650122829,15.90129997,14.80973561,4.862615643,14.15209229,7.060048506,7.415355918,10.04757658,3.805590305,4.403442945,9.361320115,8.069678249,6.93950738,13.72226078,11.47097225,11.46977691,18.65737885,25.74688539,28.34235371,79.48353042,8.957763077,0,0,0,0,0,0,0,0,0,0,0,0,0,0,0,0,0,0,0,0,0,0,0,0,0,0,0,0,0,0,0,0,0,0,0,0,0,0,0,0,0,0,0,0,0,0,0,0,0,1.643404216,5.615497892,4.951768527,5.366373096,12.77473116,0.981066394,4.673101273,4.659098762,4.55144982,10.25212892,0.559763782,2.622116918,5.353830503,5.266904344,4.368429123,0.220128645,1.454150808,4.045863748,10.18018688,8.40888626,1.681317432,1.837182673,4.666861403,11.17550761,9.47239013,1.082941131,0.919735461,5.628402748,11.52725039,19.5329802,45.81799032,184.1512836,207.7126668,152.9245947,124.1784918,1.012533883,2.297716788,5.948021596,4.304844961,1.057298409,229.957807,0,0,0,0,0,0,0,0,0,0,0,0,0,0,0,0,0,0,0,0,0,0,0,0,0,0,0,0,0,0,0,0,0,0,0,5.512799307,3.374019153,7.769811552,1.942452888,0,0,0,1080.917279
OTHERG,65.59387081,189.392897,1514.263267,15.75567208,109.7495396,372.4371836,16.47564599,97.67664385,177.5470306,25.12490971,69.34759458,95.70348668,14.91986462,64.61110569,202.9373325,23.51262681,94.70998011,288.4735224,38.86220868,128.7717824,647.4860681,96.03033025,548.5891649,225.2710068,0.22079014,7.003669759,0.279302157,0.170371884,1.22999316,7.667447913,0.154081511,0.252546924,3.383373668,1.795441293,3.853685199,4.945212497,3.533426027,0.558613991,4.528400677,3.475413277,0.115861126,6.984422487,4.59048535,0.258003825,0.278152207,0.559687155,2.472508721,1.069381085,0,0,0,0,0,0,0,0,0,0,0,0,0,0,0,0,0,0,0,0,0,0,0,0,0,1.020313589,3.671636629,4.060139327,5.769406338,13.7341578,0.609098701,3.05546011,3.820168494,4.893279496,11.02209938,0.347531416,1.714444686,4.389804907,5.662467138,4.696513309,0.136667684,0.950781831,3.31735428,10.94475424,9.040422798,1.612571599,1.201223352,3.826533371,12.01482702,10.1837995,1.051494308,0.60135975,4.61493691,12.39298689,20.9999748,28.44626883,120.4054585,170.3113469,164.4097624,133.5047275,0.628635408,1.502338935,4.877004301,4.628153756,1.136705188,166.7458242,0,0,0,0,0,0,0,0,0,0,0,0,0,0,0,0,0,0,0,0,0,0,0,0,0,0,0,0,0,0,0,0,0,0,0,24.09784713,14.74869539,33.96382138,8.490955345,0,0,0,2839.927912
GOODSH,164.8893747,71.37758737,327.8297588,39.60648892,41.36193848,80.63062395,41.41635386,36.811957,38.43796615,63.15880737,26.13542571,20.71928418,37.50544246,24.35035798,43.93482836,59.10586284,35.69389342,62.45294812,97.69152528,48.53096022,140.177211,241.4003155,206.749945,48.76994735,0.26455033,8.391783922,0.334659318,0.20413927,1.473775488,9.187121656,0.184620177,0.302601249,4.05395196,2.151294377,4.617478351,5.925344305,4.233744415,0.669330232,5.425921167,4.164233646,0.138824584,8.368721877,5.500310905,0.309139698,0.33328145,0.670616095,2.962555296,1.281330404,0,0,0,0,0,0,0,0,0,0,0,0,0,0,0,0,0,0,0,0,0,0,0,0,0,0.143922166,0.306501857,0.257085293,0.388011608,1.146409469,0.078064732,0.193523358,0.308301273,0.591459423,1.122920071,0.034650161,0.254478962,0.333158432,0.369884697,0.447001377,0.018393227,0.089858075,0.239759214,0.586128668,1.37031525,1.511741903,0.174193151,0.291501409,0.886327012,1.483429567,1.004090644,0.092815289,0.231627318,0.680324501,4.189540626,0.051039986,0.326536333,0.307585733,0.61156958,0.579673781,3.188908448,7.287396505,9.732416644,6.492407989,2.872509449,662.4091787,0,0,0,0,0,0,0,0,0,0,0,0,0,0,0,0,0,0,0,0,0,0,0,0,0,0,0,0,0,0,0,0,0,0,0,56.28457254,34.44805718,79.32821377,19.83205344,0,0,0,1278.279314
TRADEH,76.49390932,108.4250711,237.9204455,18.37386537,62.83024248,58.51718296,19.21348069,55.91866023,27.89611921,29.30003278,39.70063288,15.03689397,17.3991679,36.98905208,31.88543339,27.41982933,54.22028224,45.32484572,45.3201226,73.72023919,101.7327549,111.9881368,314.0604541,35.39449147,0,0,0,0,0,0,0,0,0,0,0,0,0,0,0,0,0,0,0,0,0,0,0,0,0,0,0,0,0,0,0,0,0,0,0,0,0,0,0,0,0,0,0,0,0,0,0,0,0,3.305365491,5.687686984,4.717620666,6.862930685,19.56662043,1.792861233,3.591170037,5.657454926,10.46140099,19.16570946,0.795787409,4.722309658,6.113593982,6.542312083,7.629303929,0.422425124,1.667476371,4.39967999,10.3671136,23.38818642,1.76966854,3.232463676,5.349170522,15.67685274,25.31879233,1.093947134,1.722352733,4.250456378,12.03319642,71.50599627,1.172201699,6.059462314,5.644324468,10.81709811,9.893722227,73.23755757,135.2306009,178.5938406,114.834054,49.02724863,313.6152065,0,0,0,0,0,0,0,0,0,0,0,0,0,0,0,0,0,0,0,0,0,0,0,0,0,0,0,0,0,0,0,0,0,0,0,21.78252834,13.33164219,30.70058075,7.675145187,0,0,0,6474.592024
OTHERH,31.42620162,90.73865125,725.4876433,7.548585278,52.58130246,178.435666,7.893526731,46.79714531,85.06326447,12.03741247,33.22462087,45.85180035,7.148147653,30.95535619,97.22782705,11.26496335,45.37580865,138.2084479,18.61898971,61.69491063,310.2123335,46.00839199,262.8305586,107.9279511,0.105781156,3.3554772,0.133814422,0.081625632,0.589293063,3.673495116,0.07382087,0.120995917,1.620983512,0.860200799,1.846311043,2.369264736,1.692874005,0.26763348,2.169569061,1.665079938,0.05550938,3.346255779,2.199313996,0.123610333,0.133263477,0.268147636,1.184585642,0.512343382,0,0,0,0,0,0,0,0,0,0,0,0,0,0,0,0,0,0,0,0,0,0,0,0,0,2.052148396,3.718836739,3.868152781,7.378360595,21.03614153,1.113104531,2.348050289,4.638757872,11.24708851,20.60512075,0.494067557,3.087634516,5.012763263,7.033662424,8.20229113,0.262264202,1.090262598,3.607461386,11.1457198,25.14472038,1.667424711,2.113513755,4.385984015,16.85423879,27.22032149,1.058327426,1.126142954,3.485107392,12.93693123,76.87634474,0.727765762,3.961918286,4.627991721,11.62949971,10.6367751,45.46980861,88.41916376,146.4357374,123.45849,52.70936514,191.6278619,0,0,0,0,0,0,0,0,0,0,0,0,0,0,0,0,0,0,0,0,0,0,0,0,0,0,0,0,0,0,0,0,0,0,0,65.90463936,40.33586261,92.88686195,23.22171549,0,0,0,81.34922586
HS1A,0,0,0,0,0,0,0,0,0,0,0,0,0,0,0,0,0,0,0,0,0,0,0,0,0,0,0,0,0,0,0,0,0,0,0,0,0,0,0,0,0,0,0,0,0,0,0,0,0,0,0,0,0,0,0,0,0,0,0,0,0,0,0,0,0,0,0,0,0,0,0,0,0,27.99025127,50.40557811,75.78144827,0,0,0,0,0,0,0,0,0,0,0,0,0,0,0,0,0,0,0,0,0,0,0,0,0,0,0,0,0,0,0,0,0,0,0,0,0,0,0,0,0,0,0,0,0,0,0,0,0,0,0,0,0,0,0,0,0,0,0,0,0,0,0,0,0,0,0,0,0,0,0,0,0,0,0,0,0,0,0,0,0
HS2A,0,0,0,0,0,0,0,0,0,0,0,0,0,0,0,0,0,0,0,0,0,0,0,0,0,0,0,0,0,0,0,0,0,0,0,0,0,0,0,0,0,0,0,0,0,0,0,0,0,0,0,0,0,0,0,0,0,0,0,0,0,0,0,0,0,0,0,0,0,0,0,0,0,0,0,0,57.59251314,78.24960289,0,0,0,0,0,0,0,0,0,0,0,0,0,0,0,0,0,0,0,0,0,0,0,0,0,0,0,0,0,0,0,0,0,0,0,0,0,0,0,0,0,0,0,0,0,0,0,0,0,0,0,0,0,0,0,0,0,0,0,0,0,0,0,0,0,0,0,0,0,0,0,0,0,0,0,0,0,0,0
HS3A,0,0,0,0,0,0,0,0,0,0,0,0,0,0,0,0,0,0,0,0,0,0,0,0,0,0,0,0,0,0,0,0,0,0,0,0,0,0,0,0,0,0,0,0,0,0,0,0,0,0,0,0,0,0,0,0,0,0,0,0,0,0,0,0,0,0,0,0,0,0,0,0,0,65.97396169,53.9959951,37.96074974,15.90275873,19.81332371,0,0,0,0,0,0,0,0,0,0,0,0,0,0,0,0,0,0,0,0,0,0,0,0,0,0,0,0,0,0,0,0,0,0,0,0,0,0,0,0,0,0,0,0,0,0,0,0,0,0,0,0,0,0,0,0,0,0,0,0,0,0,0,0,0,0,0,0,0,0,0,0,0,0,0,0,0,0,0
HS1B,0,0,0,0,0,0,0,0,0,0,0,0,0,0,0,0,0,0,0,0,0,0,0,0,0,0,0,0,0,0,0,0,0,0,0,0,0,0,0,0,0,0,0,0,0,0,0,0,0,0,0,0,0,0,0,0,0,0,0,0,0,0,0,0,0,0,0,0,0,0,0,0,0,0,0,0,0,0,15.49041299,42.91989002,81.21358274,0,0,0,0,0,0,0,0,0,0,0,0,0,0,0,0,0,0,0,0,0,0,0,0,0,0,0,0,0,0,0,0,0,0,0,0,0,0,0,0,0,0,0,0,0,0,0,0,0,0,0,0,0,0,0,0,0,0,0,0,0,0,0,0,0,0,0,0,0,0,0,0,0,0,0,0
HS2B,0,0,0,0,0,0,0,0,0,0,0,0,0,0,0,0,0,0,0,0,0,0,0,0,0,0,0,0,0,0,0,0,0,0,0,0,0,0,0,0,0,0,0,0,0,0,0,0,0,0,0,0,0,0,0,0,0,0,0,0,0,0,0,0,0,0,0,0,0,0,0,0,0,0,0,0,0,0,0,0,0,73.68299871,83.92136304,0,0,0,0,0,0,0,0,0,0,0,0,0,0,0,0,0,0,0,0,0,0,0,0,0,0,0,0,0,0,0,0,0,0,0,0,0,0,0,0,0,0,0,0,0,0,0,0,0,0,0,0,0,0,0,0,0,0,0,0,0,0,0,0,0,0,0,0,0,0,0,0,0,0
HS3B,0,0,0,0,0,0,0,0,0,0,0,0,0,0,0,0,0,0,0,0,0,0,0,0,0,0,0,0,0,0,0,0,0,0,0,0,0,0,0,0,0,0,0,0,0,0,0,0,0,0,0,0,0,0,0,0,0,0,0,0,0,0,0,0,0,0,0,0,0,0,0,0,0,0,0,0,0,0,36.51142333,49.33789575,37.01274117,13.94882622,15.88703676,0,0,0,0,0,0,0,0,0,0,0,0,0,0,0,0,0,0,0,0,0,0,0,0,0,0,0,0,0,0,0,0,0,0,0,0,0,0,0,0,0,0,0,0,0,0,0,0,0,0,0,0,0,0,0,0,0,0,0,0,0,0,0,0,0,0,0,0,0,0,0,0,0,0
HS1C,0,0,0,0,0,0,0,0,0,0,0,0,0,0,0,0,0,0,0,0,0,0,0,0,0,0,0,0,0,0,0,0,0,0,0,0,0,0,0,0,0,0,0,0,0,0,0,0,0,0,0,0,0,0,0,0,0,0,0,0,0,0,0,0,0,0,0,0,0,0,0,0,0,0,0,0,0,0,0,0,0,0,0,11.61030602,28.182,75.35686017,0,0,0,0,0,0,0,0,0,0,0,0,0,0,0,0,0,0,0,0,0,0,0,0,0,0,0,0,0,0,0,0,0,0,0,0,0,0,0,0,0,0,0,0,0,0,0,0,0,0,0,0,0,0,0,0,0,0,0,0,0,0,0,0,0,0,0,0,0,0,0
HS2C,0,0,0,0,0,0,0,0,0,0,0,0,0,0,0,0,0,0,0,0,0,0,0,0,0,0,0,0,0,0,0,0,0,0,0,0,0,0,0,0,0,0,0,0,0,0,0,0,0,0,0,0,0,0,0,0,0,0,0,0,0,0,0,0,0,0,0,0,0,0,0,0,0,0,0,0,0,0,0,0,0,0,0,0,0,0,51.53715881,34.06503972,0,0,0,0,0,0,0,0,0,0,0,0,0,0,0,0,0,0,0,0,0,0,0,0,0,0,0,0,0,0,0,0,0,0,0,0,0,0,0,0,0,0,0,0,0,0,0,0,0,0,0,0,0,0,0,0,0,0,0,0,0,0,0,0,0,0,0,0,0
HS3C,0,0,0,0,0,0,0,0,0,0,0,0,0,0,0,0,0,0,0,0,0,0,0,0,0,0,0,0,0,0,0,0,0,0,0,0,0,0,0,0,0,0,0,0,0,0,0,0,0,0,0,0,0,0,0,0,0,0,0,0,0,0,0,0,0,0,0,0,0,0,0,0,0,0,0,0,0,0,0,0,0,0,0,27.36588097,37.66101625,39.51797038,9.756428001,6.448805389,0,0,0,0,0,0,0,0,0,0,0,0,0,0,0,0,0,0,0,0,0,0,0,0,0,0,0,0,0,0,0,0,0,0,0,0,0,0,0,0,0,0,0,0,0,0,0,0,0,0,0,0,0,0,0,0,0,0,0,0,0,0,0,0,0,0,0,0,0
HS1D,0,0,0,0,0,0,0,0,0,0,0,0,0,0,0,0,0,0,0,0,0,0,0,0,0,0,0,0,0,0,0,0,0,0,0,0,0,0,0,0,0,0,0,0,0,0,0,0,0,0,0,0,0,0,0,0,0,0,0,0,0,0,0,0,0,0,0,0,0,0,0,0,0,0,0,0,0,0,0,0,0,0,0,0,0,0,0,0,3.458534167,14.65782919,50.52125387,0,0,0,0,0,0,0,0,0,0,0,0,0,0,0,0,0,0,0,0,0,0,0,0,0,0,0,0,0,0,0,0,0,0,0,0,0,0,0,0,0,0,0,0,0,0,0,0,0,0,0,0,0,0,0,0,0,0,0,0,0,0,0,0,0,0
HS2D,0,0,0,0,0,0,0,0,0,0,0,0,0,0,0,0,0,0,0,0,0,0,0,0,0,0,0,0,0,0,0,0,0,0,0,0,0,0,0,0,0,0,0,0,0,0,0,0,0,0,0,0,0,0,0,0,0,0,0,0,0,0,0,0,0,0,0,0,0,0,0,0,0,0,0,0,0,0,0,0,0,0,0,0,0,0,0,0,0,0,0,93.34385829,110.96997,0,0,0,0,0,0,0,0,0,0,0,0,0,0,0,0,0,0,0,0,0,0,0,0,0,0,0,0,0,0,0,0,0,0,0,0,0,0,0,0,0,0,0,0,0,0,0,0,0,0,0,0,0,0,0,0,0,0,0,0,0,0,0,0
HS3D,0,0,0,0,0,0,0,0,0,0,0,0,0,0,0,0,0,0,0,0,0,0,0,0,0,0,0,0,0,0,0,0,0,0,0,0,0,0,0,0,0,0,0,0,0,0,0,0,0,0,0,0,0,0,0,0,0,0,0,0,0,0,0,0,0,0,0,0,0,0,0,0,0,0,0,0,0,0,0,0,0,0,0,0,0,0,0,0,8.151881111,19.58799033,30.54763354,17.67079625,21.007571,0,0,0,0,0,0,0,0,0,0,0,0,0,0,0,0,0,0,0,0,0,0,0,0,0,0,0,0,0,0,0,0,0,0,0,0,0,0,0,0,0,0,0,0,0,0,0,0,0,0,0,0,0,0,0,0,0,0,0,0,0,0,0,0
HS1E,0,0,0,0,0,0,0,0,0,0,0,0,0,0,0,0,0,0,0,0,0,0,0,0,0,0,0,0,0,0,0,0,0,0,0,0,0,0,0,0,0,0,0,0,0,0,0,0,0,0,0,0,0,0,0,0,0,0,0,0,0,0,0,0,0,0,0,0,0,0,0,0,0,0,0,0,0,0,0,0,0,0,0,0,0,0,0,0,0,0,0,0,0,1.779064518,20.66497286,55.9393859,0,0,0,0,0,0,0,0,0,0,0,0,0,0,0,0,0,0,0,0,0,0,0,0,0,0,0,0,0,0,0,0,0,0,0,0,0,0,0,0,0,0,0,0,0,0,0,0,0,0,0,0,0,0,0,0,0,0,0,0,0
HS2E,0,0,0,0,0,0,0,0,0,0,0,0,0,0,0,0,0,0,0,0,0,0,0,0,0,0,0,0,0,0,0,0,0,0,0,0,0,0,0,0,0,0,0,0,0,0,0,0,0,0,0,0,0,0,0,0,0,0,0,0,0,0,0,0,0,0,0,0,0,0,0,0,0,0,0,0,0,0,0,0,0,0,0,0,0,0,0,0,0,0,0,0,0,0,0,0,110.9767454,129.019614,0,0,0,0,0,0,0,0,0,0,0,0,0,0,0,0,0,0,0,0,0,0,0,0,0,0,0,0,0,0,0,0,0,0,0,0,0,0,0,0,0,0,0,0,0,0,0,0,0,0,0,0,0,0,0,0,0,0,0
HS3E,0,0,0,0,0,0,0,0,0,0,0,0,0,0,0,0,0,0,0,0,0,0,0,0,0,0,0,0,0,0,0,0,0,0,0,0,0,0,0,0,0,0,0,0,0,0,0,0,0,0,0,0,0,0,0,0,0,0,0,0,0,0,0,0,0,0,0,0,0,0,0,0,0,0,0,0,0,0,0,0,0,0,0,0,0,0,0,0,0,0,0,0,0,4.193314781,27.61563688,33.82370251,21.00885365,24.42452405,0,0,0,0,0,0,0,0,0,0,0,0,0,0,0,0,0,0,0,0,0,0,0,0,0,0,0,0,0,0,0,0,0,0,0,0,0,0,0,0,0,0,0,0,0,0,0,0,0,0,0,0,0,0,0,0,0,0,0
HS1F,0,0,0,0,0,0,0,0,0,0,0,0,0,0,0,0,0,0,0,0,0,0,0,0,0,0,0,0,0,0,0,0,0,0,0,0,0,0,0,0,0,0,0,0,0,0,0,0,0,0,0,0,0,0,0,0,0,0,0,0,0,0,0,0,0,0,0,0,0,0,0,0,0,0,0,0,0,0,0,0,0,0,0,0,0,0,0,0,0,0,0,0,0,0,0,0,0,0,2.338432963,11.7676232,63.36747014,0,0,0,0,0,0,0,0,0,0,0,0,0,0,0,0,0,0,0,0,0,0,0,0,0,0,0,0,0,0,0,0,0,0,0,0,0,0,0,0,0,0,0,0,0,0,0,0,0,0,0,0,0,0,0,0
HS2F,0,0,0,0,0,0,0,0,0,0,0,0,0,0,0,0,0,0,0,0,0,0,0,0,0,0,0,0,0,0,0,0,0,0,0,0,0,0,0,0,0,0,0,0,0,0,0,0,0,0,0,0,0,0,0,0,0,0,0,0,0,0,0,0,0,0,0,0,0,0,0,0,0,0,0,0,0,0,0,0,0,0,0,0,0,0,0,0,0,0,0,0,0,0,0,0,0,0,0,0,0,105.464088,251.6606528,0,0,0,0,0,0,0,0,0,0,0,0,0,0,0,0,0,0,0,0,0,0,0,0,0,0,0,0,0,0,0,0,0,0,0,0,0,0,0,0,0,0,0,0,0,0,0,0,0,0,0,0,0,0
HS3F,0,0,0,0,0,0,0,0,0,0,0,0,0,0,0,0,0,0,0,0,0,0,0,0,0,0,0,0,0,0,0,0,0,0,0,0,0,0,0,0,0,0,0,0,0,0,0,0,0,0,0,0,0,0,0,0,0,0,0,0,0,0,0,0,0,0,0,0,0,0,0,0,0,0,0,0,0,0,0,0,0,0,0,0,0,0,0,0,0,0,0,0,0,0,0,0,0,0,5.51176498,15.72566349,38.31508737,19.96526011,47.64152888,0,0,0,0,0,0,0,0,0,0,0,0,0,0,0,0,0,0,0,0,0,0,0,0,0,0,0,0,0,0,0,0,0,0,0,0,0,0,0,0,0,0,0,0,0,0,0,0,0,0,0,0,0,0
HS1G,0,0,0,0,0,0,0,0,0,0,0,0,0,0,0,0,0,0,0,0,0,0,0,0,0,0,0,0,0,0,0,0,0,0,0,0,0,0,0,0,0,0,0,0,0,0,0,0,0,0,0,0,0,0,0,0,0,0,0,0,0,0,0,0,0,0,0,0,0,0,0,0,0,0,0,0,0,0,0,0,0,0,0,0,0,0,0,0,0,0,0,0,0,0,0,0,0,0,0,0,0,0,0,7.696091217,37.05194253,61.04908537,0,0,0,0,0,0,0,0,0,0,0,0,0,0,0,0,0,0,0,0,0,0,0,0,0,0,0,0,0,0,0,0,0,0,0,0,0,0,0,0,0,0,0,0,0,0,0,0,0,0,0
HS2G,0,0,0,0,0,0,0,0,0,0,0,0,0,0,0,0,0,0,0,0,0,0,0,0,0,0,0,0,0,0,0,0,0,0,0,0,0,0,0,0,0,0,0,0,0,0,0,0,0,0,0,0,0,0,0,0,0,0,0,0,0,0,0,0,0,0,0,0,0,0,0,0,0,0,0,0,0,0,0,0,0,0,0,0,0,0,0,0,0,0,0,0,0,0,0,0,0,0,0,0,0,0,0,0,0,0,66.44106301,55.39166634,0,0,0,0,0,0,0,0,0,0,0,0,0,0,0,0,0,0,0,0,0,0,0,0,0,0,0,0,0,0,0,0,0,0,0,0,0,0,0,0,0,0,0,0,0,0,0,0,0
HS3G,0,0,0,0,0,0,0,0,0,0,0,0,0,0,0,0,0,0,0,0,0,0,0,0,0,0,0,0,0,0,0,0,0,0,0,0,0,0,0,0,0,0,0,0,0,0,0,0,0,0,0,0,0,0,0,0,0,0,0,0,0,0,0,0,0,0,0,0,0,0,0,0,0,0,0,0,0,0,0,0,0,0,0,0,0,0,0,0,0,0,0,0,0,0,0,0,0,0,0,0,0,0,0,20.1399453,51.51436413,39.91327798,24.80616207,30.52510752,0,0,0,0,0,0,0,0,0,0,0,0,0,0,0,0,0,0,0,0,0,0,0,0,0,0,0,0,0,0,0,0,0,0,0,0,0,0,0,0,0,0,0,0,0,0,0,0,0
HS1H,0,0,0,0,0,0,0,0,0,0,0,0,0,0,0,0,0,0,0,0,0,0,0,0,0,0,0,0,0,0,0,0,0,0,0,0,0,0,0,0,0,0,0,0,0,0,0,0,0,0,0,0,0,0,0,0,0,0,0,0,0,0,0,0,0,0,0,0,0,0,0,0,0,0,0,0,0,0,0,0,0,0,0,0,0,0,0,0,0,0,0,0,0,0,0,0,0,0,0,0,0,0,0,0,0,0,0,0,15.90909063,42.63474317,78.07096306,0,0,0,0,0,0,0,0,0,0,0,0,0,0,0,0,0,0,0,0,0,0,0,0,0,0,0,0,0,0,0,0,0,0,0,0,0,0,0,0,0,0,0,0,0,0
HS2H,0,0,0,0,0,0,0,0,0,0,0,0,0,0,0,0,0,0,0,0,0,0,0,0,0,0,0,0,0,0,0,0,0,0,0,0,0,0,0,0,0,0,0,0,0,0,0,0,0,0,0,0,0,0,0,0,0,0,0,0,0,0,0,0,0,0,0,0,0,0,0,0,0,0,0,0,0,0,0,0,0,0,0,0,0,0,0,0,0,0,0,0,0,0,0,0,0,0,0,0,0,0,0,0,0,0,0,0,0,0,0,39.33124017,20.63555291,0,0,0,0,0,0,0,0,0,0,0,0,0,0,0,0,0,0,0,0,0,0,0,0,0,0,0,0,0,0,0,0,0,0,0,0,0,0,0,0,0,0,0,0
HS3H,0,0,0,0,0,0,0,0,0,0,0,0,0,0,0,0,0,0,0,0,0,0,0,0,0,0,0,0,0,0,0,0,0,0,0,0,0,0,0,0,0,0,0,0,0,0,0,0,0,0,0,0,0,0,0,0,0,0,0,0,0,0,0,0,0,0,0,0,0,0,0,0,0,0,0,0,0,0,0,0,0,0,0,0,0,0,0,0,0,0,0,0,0,0,0,0,0,0,0,0,0,0,0,0,0,0,0,0,28.07012632,35.59333956,32.08931305,7.445742485,3.90648788,0,0,0,0,0,0,0,0,0,0,0,0,0,0,0,0,0,0,0,0,0,0,0,0,0,0,0,0,0,0,0,0,0,0,0,0,0,0,0,0,0,0,0,0
L1A,11.57839297,15.00031382,113.0153256,0,0,0,0,0,0,0,0,0,0,0,0,0,0,0,0,0,0,0,0,0,0,0,0,0,0,0,0,0,0,0,0,0,0,0,0,0,0,0,0,0,0,0,0,0,0,0,0,0,0,0,0,0,0,0,0,0,0,0,0,0,0,0,0,0,0,0,0,0,0,0,0,0,0,0,0,0,0,0,0,0,0,0,0,0,0,0,0,0,0,0,0,0,0,0,0,0,0,0,0,0,0,0,0,0,0,0,0,0,0,0,0,0,0,0,0,0,0,0,0,0,0,0,0,0,0,0,0,0,0,0,0,0,0,0,0,0,0,0,0,0,0,0,0,0,0,0.946865461,0.558516288,1.420247207,0.355061802,0,0,0,-10.40914907
L2A,122.0071404,92.14166472,751.0185479,0,0,0,0,0,0,0,0,0,0,0,0,0,0,0,0,0,0,0,0,0,0,0,0,0,0,0,0,0,0,0,0,0,0,0,0,0,0,0,0,0,0,0,0,0,0,0,0,0,0,0,0,0,0,0,0,0,0,0,0,0,0,0,0,0,0,0,0,0,0,0,0,0,0,0,0,0,0,0,0,0,0,0,0,0,0,0,0,0,0,0,0,0,0,0,0,0,0,0,0,0,0,0,0,0,0,0,0,0,0,0,0,0,0,0,0,0,0,0,0,0,0,0,0,0,0,0,0,0,0,0,0,0,0,0,0,0,0,0,0,0,0,0,0,0,0,26.8828509,15.85706811,40.32282882,10.0807072,0,0,0,-149.92538
L3A,499.1564004,333.3256328,3521.009868,0,0,0,0,0,0,0,0,0,0,0,0,0,0,0,0,0,0,0,0,0,0,0,0,0,0,0,0,0,0,0,0,0,0,0,0,0,0,0,0,0,0,0,0,0,0,0,0,0,0,0,0,0,0,0,0,0,0,0,0,0,0,0,0,0,0,0,0,0,0,0,0,0,0,0,0,0,0,0,0,0,0,0,0,0,0,0,0,0,0,0,0,0,0,0,0,0,0,0,0,0,0,0,0,0,0,0,0,0,0,0,0,0,0,0,0,0,0,0,0,0,0,0,0,0,0,0,0,0,0,0,0,0,0,0,0,0,0,0,0,0,0,0,0,0,0,128.5127205,75.80427274,192.7621609,48.19054022,0,0,0,-772.7142892
L1B,0,0,0,5.287246775,32.26537814,69.76545787,0,0,0,0,0,0,0,0,0,0,0,0,0,0,0,0,0,0,0,0,0,0,0,0,0,0,0,0,0,0,0,0,0,0,0,0,0,0,0,0,0,0,0,0,0,0,0,0,0,0,0,0,0,0,0,0,0,0,0,0,0,0,0,0,0,0,0,0,0,0,0,0,0,0,0,0,0,0,0,0,0,0,0,0,0,0,0,0,0,0,0,0,0,0,0,0,0,0,0,0,0,0,0,0,0,0,0,0,0,0,0,0,0,0,0,0,0,0,0,0,0,0,0,0,0,0,0,0,0,0,0,0,0,0,0,0,0,0,0,0,0,0,0,0.65665555,0.387333613,0.984947967,0.246236992,0,0,0,-7.320596566
L2B,0,0,0,33.48179393,98.20028053,259.0762745,0,0,0,0,0,0,0,0,0,0,0,0,0,0,0,0,0,0,0,0,0,0,0,0,0,0,0,0,0,0,0,0,0,0,0,0,0,0,0,0,0,0,0,0,0,0,0,0,0,0,0,0,0,0,0,0,0,0,0,0,0,0,0,0,0,0,0,0,0,0,0,0,0,0,0,0,0,0,0,0,0,0,0,0,0,0,0,0,0,0,0,0,0,0,0,0,0,0,0,0,0,0,0,0,0,0,0,0,0,0,0,0,0,0,0,0,0,0,0,0,0,0,0,0,0,0,0,0,0,0,0,0,0,0,0,0,0,0,0,0,0,0,0,8.566555566,5.05305243,12.84937208,3.212343019,0,0,0,-61.85808276
L3B,0,0,0,138.2187302,207.6685836,657.8983173,0,0,0,0,0,0,0,0,0,0,0,0,0,0,0,0,0,0,0,0,0,0,0,0,0,0,0,0,0,0,0,0,0,0,0,0,0,0,0,0,0,0,0,0,0,0,0,0,0,0,0,0,0,0,0,0,0,0,0,0,0,0,0,0,0,0,0,0,0,0,0,0,0,0,0,0,0,0,0,0,0,0,0,0,0,0,0,0,0,0,0,0,0,0,0,0,0,0,0,0,0,0,0,0,0,0,0,0,0,0,0,0,0,0,0,0,0,0,0,0,0,0,0,0,0,0,0,0,0,0,0,0,0,0,0,0,0,0,0,0,0,0,0,20.17549673,11.90068073,30.26215873,7.565539684,0,0,0,-195.1178135
L1C,0,0,0,0,0,0,6.337406326,17.641942,38.45420099,0,0,0,0,0,0,0,0,0,0,0,0,0,0,0,0,0,0,0,0,0,0,0,0,0,0,0,0,0,0,0,0,0,0,0,0,0,0,0,0,0,0,0,0,0,0,0,0,0,0,0,0,0,0,0,0,0,0,0,0,0,0,0,0,0,0,0,0,0,0,0,0,0,0,0,0,0,0,0,0,0,0,0,0,0,0,0,0,0,0,0,0,0,0,0,0,0,0,0,0,0,0,0,0,0,0,0,0,0,0,0,0,0,0,0,0,0,0,0,0,0,0,0,0,0,0,0,0,0,0,0,0,0,0,0,0,0,0,0,0,0.28789154,0.169815165,0.431821808,0.107955452,0,0,0,-5.57669322
L2C,0,0,0,0,0,0,51.0714338,84.12694268,161.862413,0,0,0,0,0,0,0,0,0,0,0,0,0,0,0,0,0,0,0,0,0,0,0,0,0,0,0,0,0,0,0,0,0,0,0,0,0,0,0,0,0,0,0,0,0,0,0,0,0,0,0,0,0,0,0,0,0,0,0,0,0,0,0,0,0,0,0,0,0,0,0,0,0,0,0,0,0,0,0,0,0,0,0,0,0,0,0,0,0,0,0,0,0,0,0,0,0,0,0,0,0,0,0,0,0,0,0,0,0,0,0,0,0,0,0,0,0,0,0,0,0,0,0,0,0,0,0,0,0,0,0,0,0,0,0,0,0,0,0,0,5.633489358,3.322959487,8.449930697,2.112482674,0,0,0,-52.4991082
L3C,0,0,0,0,0,0,153.5384201,229.7048561,275.7789528,0,0,0,0,0,0,0,0,0,0,0,0,0,0,0,0,0,0,0,0,0,0,0,0,0,0,0,0,0,0,0,0,0,0,0,0,0,0,0,0,0,0,0,0,0,0,0,0,0,0,0,0,0,0,0,0,0,0,0,0,0,0,0,0,0,0,0,0,0,0,0,0,0,0,0,0,0,0,0,0,0,0,0,0,0,0,0,0,0,0,0,0,0,0,0,0,0,0,0,0,0,0,0,0,0,0,0,0,0,0,0,0,0,0,0,0,0,0,0,0,0,0,0,0,0,0,0,0,0,0,0,0,0,0,0,0,0,0,0,0,11.17352406,6.590793984,16.75968444,4.18992111,0,0,0,-155.2727463
L1D,0,0,0,0,0,0,0,0,0,5.121345558,20.58649947,26.9478381,0,0,0,0,0,0,0,0,0,0,0,0,0,0,0,0,0,0,0,0,0,0,0,0,0,0,0,0,0,0,0,0,0,0,0,0,0,0,0,0,0,0,0,0,0,0,0,0,0,0,0,0,0,0,0,0,0,0,0,0,0,0,0,0,0,0,0,0,0,0,0,0,0,0,0,0,0,0,0,0,0,0,0,0,0,0,0,0,0,0,0,0,0,0,0,0,0,0,0,0,0,0,0,0,0,0,0,0,0,0,0,0,0,0,0,0,0,0,0,0,0,0,0,0,0,0,0,0,0,0,0,0,0,0,0,0,0,0.169992551,0.100271488,0.254979673,0.063744918,0,0,0,-5.544045558
L2D,0,0,0,0,0,0,0,0,0,53.30590684,88.8729398,104.7648087,0,0,0,0,0,0,0,0,0,0,0,0,0,0,0,0,0,0,0,0,0,0,0,0,0,0,0,0,0,0,0,0,0,0,0,0,0,0,0,0,0,0,0,0,0,0,0,0,0,0,0,0,0,0,0,0,0,0,0,0,0,0,0,0,0,0,0,0,0,0,0,0,0,0,0,0,0,0,0,0,0,0,0,0,0,0,0,0,0,0,0,0,0,0,0,0,0,0,0,0,0,0,0,0,0,0,0,0,0,0,0,0,0,0,0,0,0,0,0,0,0,0,0,0,0,0,0,0,0,0,0,0,0,0,0,0,0,3.698796391,2.181765115,5.547995422,1.386998855,0,0,0,-45.89522154
L3D,0,0,0,0,0,0,0,0,0,280.1255903,206.6633308,145.3502988,0,0,0,0,0,0,0,0,0,0,0,0,0,0,0,0,0,0,0,0,0,0,0,0,0,0,0,0,0,0,0,0,0,0,0,0,0,0,0,0,0,0,0,0,0,0,0,0,0,0,0,0,0,0,0,0,0,0,0,0,0,0,0,0,0,0,0,0,0,0,0,0,0,0,0,0,0,0,0,0,0,0,0,0,0,0,0,0,0,0,0,0,0,0,0,0,0,0,0,0,0,0,0,0,0,0,0,0,0,0,0,0,0,0,0,0,0,0,0,0,0,0,0,0,0,0,0,0,0,0,0,0,0,0,0,0,0,6.408074609,3.779854893,9.611766866,2.402941716,0,0,0,-139.006983
L1E,0,0,0,0,0,0,0,0,0,0,0,0,4.879647005,9.511166338,35.22021977,0,0,0,0,0,0,0,0,0,0,0,0,0,0,0,0,0,0,0,0,0,0,0,0,0,0,0,0,0,0,0,0,0,0,0,0,0,0,0,0,0,0,0,0,0,0,0,0,0,0,0,0,0,0,0,0,0,0,0,0,0,0,0,0,0,0,0,0,0,0,0,0,0,0,0,0,0,0,0,0,0,0,0,0,0,0,0,0,0,0,0,0,0,0,0,0,0,0,0,0,0,0,0,0,0,0,0,0,0,0,0,0,0,0,0,0,0,0,0,0,0,0,0,0,0,0,0,0,0,0,0,0,0,0,0.218010185,0.12859508,0.327003539,0.081750885,0,0,0,-5.02269775
L2E,0,0,0,0,0,0,0,0,0,0,0,0,36.65500392,62.17442745,159.2435448,0,0,0,0,0,0,0,0,0,0,0,0,0,0,0,0,0,0,0,0,0,0,0,0,0,0,0,0,0,0,0,0,0,0,0,0,0,0,0,0,0,0,0,0,0,0,0,0,0,0,0,0,0,0,0,0,0,0,0,0,0,0,0,0,0,0,0,0,0,0,0,0,0,0,0,0,0,0,0,0,0,0,0,0,0,0,0,0,0,0,0,0,0,0,0,0,0,0,0,0,0,0,0,0,0,0,0,0,0,0,0,0,0,0,0,0,0,0,0,0,0,0,0,0,0,0,0,0,0,0,0,0,0,0,5.499402562,3.2438673,8.248807724,2.062201931,0,0,0,-44.11198167
L3E,0,0,0,0,0,0,0,0,0,0,0,0,166.642744,228.7024858,336.3787546,0,0,0,0,0,0,0,0,0,0,0,0,0,0,0,0,0,0,0,0,0,0,0,0,0,0,0,0,0,0,0,0,0,0,0,0,0,0,0,0,0,0,0,0,0,0,0,0,0,0,0,0,0,0,0,0,0,0,0,0,0,0,0,0,0,0,0,0,0,0,0,0,0,0,0,0,0,0,0,0,0,0,0,0,0,0,0,0,0,0,0,0,0,0,0,0,0,0,0,0,0,0,0,0,0,0,0,0,0,0,0,0,0,0,0,0,0,0,0,0,0,0,0,0,0,0,0,0,0,0,0,0,0,0,13.38394823,7.894630648,20.07520168,5.018800419,0,0,0,-146.4097156
L1F,0,0,0,0,0,0,0,0,0,0,0,0,0,0,0,4.824049697,25.3928299,40.90383108,0,0,0,0,0,0,0,0,0,0,0,0,0,0,0,0,0,0,0,0,0,0,0,0,0,0,0,0,0,0,0,0,0,0,0,0,0,0,0,0,0,0,0,0,0,0,0,0,0,0,0,0,0,0,0,0,0,0,0,0,0,0,0,0,0,0,0,0,0,0,0,0,0,0,0,0,0,0,0,0,0,0,0,0,0,0,0,0,0,0,0,0,0,0,0,0,0,0,0,0,0,0,0,0,0,0,0,0,0,0,0,0,0,0,0,0,0,0,0,0,0,0,0,0,0,0,0,0,0,0,0,0.212579427,0.125391703,0.318857694,0.079714423,0,0,0,-7.228422271
L2F,0,0,0,0,0,0,0,0,0,0,0,0,0,0,0,51.20630281,122.1600373,169.4433342,0,0,0,0,0,0,0,0,0,0,0,0,0,0,0,0,0,0,0,0,0,0,0,0,0,0,0,0,0,0,0,0,0,0,0,0,0,0,0,0,0,0,0,0,0,0,0,0,0,0,0,0,0,0,0,0,0,0,0,0,0,0,0,0,0,0,0,0,0,0,0,0,0,0,0,0,0,0,0,0,0,0,0,0,0,0,0,0,0,0,0,0,0,0,0,0,0,0,0,0,0,0,0,0,0,0,0,0,0,0,0,0,0,0,0,0,0,0,0,0,0,0,0,0,0,0,0,0,0,0,0,5.861820265,3.457642328,8.792414763,2.198103691,0,0,0,-81.6934807
L3F,0,0,0,0,0,0,0,0,0,0,0,0,0,0,0,267.7267414,349.0237098,659.6456446,0,0,0,0,0,0,0,0,0,0,0,0,0,0,0,0,0,0,0,0,0,0,0,0,0,0,0,0,0,0,0,0,0,0,0,0,0,0,0,0,0,0,0,0,0,0,0,0,0,0,0,0,0,0,0,0,0,0,0,0,0,0,0,0,0,0,0,0,0,0,0,0,0,0,0,0,0,0,0,0,0,0,0,0,0,0,0,0,0,0,0,0,0,0,0,0,0,0,0,0,0,0,0,0,0,0,0,0,0,0,0,0,0,0,0,0,0,0,0,0,0,0,0,0,0,0,0,0,0,0,0,19.47239247,11.48594897,29.20754021,7.301885051,0,0,0,-261.2131294
L1G,0,0,0,0,0,0,0,0,0,0,0,0,0,0,0,0,0,0,5.769706068,19.43258837,81.38968778,0,0,0,0,0,0,0,0,0,0,0,0,0,0,0,0,0,0,0,0,0,0,0,0,0,0,0,0,0,0,0,0,0,0,0,0,0,0,0,0,0,0,0,0,0,0,0,0,0,0,0,0,0,0,0,0,0,0,0,0,0,0,0,0,0,0,0,0,0,0,0,0,0,0,0,0,0,0,0,0,0,0,0,0,0,0,0,0,0,0,0,0,0,0,0,0,0,0,0,0,0,0,0,0,0,0,0,0,0,0,0,0,0,0,0,0,0,0,0,0,0,0,0,0,0,0,0,0,0.622084161,0.366941399,0.933092745,0.233273186,0,0,0,-10.07180129
L2G,0,0,0,0,0,0,0,0,0,0,0,0,0,0,0,0,0,0,55.24048337,98.02540243,383.1986705,0,0,0,0,0,0,0,0,0,0,0,0,0,0,0,0,0,0,0,0,0,0,0,0,0,0,0,0,0,0,0,0,0,0,0,0,0,0,0,0,0,0,0,0,0,0,0,0,0,0,0,0,0,0,0,0,0,0,0,0,0,0,0,0,0,0,0,0,0,0,0,0,0,0,0,0,0,0,0,0,0,0,0,0,0,0,0,0,0,0,0,0,0,0,0,0,0,0,0,0,0,0,0,0,0,0,0,0,0,0,0,0,0,0,0,0,0,0,0,0,0,0,0,0,0,0,0,0,12.19859047,7.195437736,18.29722886,4.574307214,0,0,0,-102.998993
L3G,0,0,0,0,0,0,0,0,0,0,0,0,0,0,0,0,0,0,502.6945392,376.4614469,1198.209783,0,0,0,0,0,0,0,0,0,0,0,0,0,0,0,0,0,0,0,0,0,0,0,0,0,0,0,0,0,0,0,0,0,0,0,0,0,0,0,0,0,0,0,0,0,0,0,0,0,0,0,0,0,0,0,0,0,0,0,0,0,0,0,0,0,0,0,0,0,0,0,0,0,0,0,0,0,0,0,0,0,0,0,0,0,0,0,0,0,0,0,0,0,0,0,0,0,0,0,0,0,0,0,0,0,0,0,0,0,0,0,0,0,0,0,0,0,0,0,0,0,0,0,0,0,0,0,0,38.04197185,22.4393663,57.06090937,14.26522734,0,0,0,-435.1406151
L1H,0,0,0,0,0,0,0,0,0,0,0,0,0,0,0,0,0,0,0,0,0,18.33944581,65.54214197,76.36560849,0,0,0,0,0,0,0,0,0,0,0,0,0,0,0,0,0,0,0,0,0,0,0,0,0,0,0,0,0,0,0,0,0,0,0,0,0,0,0,0,0,0,0,0,0,0,0,0,0,0,0,0,0,0,0,0,0,0,0,0,0,0,0,0,0,0,0,0,0,0,0,0,0,0,0,0,0,0,0,0,0,0,0,0,0,0,0,0,0,0,0,0,0,0,0,0,0,0,0,0,0,0,0,0,0,0,0,0,0,0,0,0,0,0,0,0,0,0,0,0,0,0,0,0,0,0.569866486,0.336140379,0.854769044,0.213692261,0,0,0,-17.9859909
L2H,0,0,0,0,0,0,0,0,0,0,0,0,0,0,0,0,0,0,0,0,0,217.1635291,561.0733159,251.8804172,0,0,0,0,0,0,0,0,0,0,0,0,0,0,0,0,0,0,0,0,0,0,0,0,0,0,0,0,0,0,0,0,0,0,0,0,0,0,0,0,0,0,0,0,0,0,0,0,0,0,0,0,0,0,0,0,0,0,0,0,0,0,0,0,0,0,0,0,0,0,0,0,0,0,0,0,0,0,0,0,0,0,0,0,0,0,0,0,0,0,0,0,0,0,0,0,0,0,0,0,0,0,0,0,0,0,0,0,0,0,0,0,0,0,0,0,0,0,0,0,0,0,0,0,0,7.254891328,4.279356617,10.88194635,2.720486587,0,0,0,-265.1729448
L3H,0,0,0,0,0,0,0,0,0,0,0,0,0,0,0,0,0,0,0,0,0,1050.950208,1995.300382,327.4503032,0,0,0,0,0,0,0,0,0,0,0,0,0,0,0,0,0,0,0,0,0,0,0,0,0,0,0,0,0,0,0,0,0,0,0,0,0,0,0,0,0,0,0,0,0,0,0,0,0,0,0,0,0,0,0,0,0,0,0,0,0,0,0,0,0,0,0,0,0,0,0,0,0,0,0,0,0,0,0,0,0,0,0,0,0,0,0,0,0,0,0,0,0,0,0,0,0,0,0,0,0,0,0,0,0,0,0,0,0,0,0,0,0,0,0,0,0,0,0,0,0,0,0,0,0,8.514207672,5.022174599,12.77085305,3.192713264,0,0,0,-1005.887556
KAP,152.7924504,308.7958539,324.9702175,25.74571729,142.6220594,120.1380404,15.58640085,113.5537948,54.77430402,35.38111347,97.68438153,44.43774919,9.023400011,54.09389566,93.57952621,26.55248695,72.04517767,100.9556897,7.789984384,124.762985,231.9344182,142.3622558,658.0859928,101.2552163,152.1458302,71.4027039,191.0769838,138.056327,146.2874324,82.15121657,113.731492,83.27856308,89.62033365,52.11810883,168.8568154,51.46592762,45.87305317,234.8566601,69.40109227,45.4969203,356.0587249,62.89698314,63.56095044,119.458886,164.3396323,131.4652235,37.2177181,97.26584057,0,0,0,0,0,0,0,0,0,0,0,0,0,0,0,0,0,0,0,0,0,0,0,0,0,0,0,0,0,0,0,0,0,0,0,0,0,0,0,0,0,0,0,0,0,0,0,0,0,0,0,0,0,0,0,0,0,0,0,0,0,0,0,0,0,0,0,0,0,0,0,0,0,0,0,0,0,0,0,0,0,0,0,0,0,0,0,0,0,0,0,0,0,0,0,0,0,0,0,0,0,0,0,0,0,0,0,0,-186.3265307
HH1A,0,0,0,0,0,0,0,0,0,0,0,0,0,0,0,0,0,0,0,0,0,0,0,0,0,0,0,0,0,0,0,0,0,0,0,0,0,0,0,0,0,0,0,0,0,0,0,0,14.23340469,0,0,7.207098677,0,0,3.342697284,0,0,2.024419113,0,0,1.817796223,0,0,2.49803864,0,0,5.91265007,0,0,11.66630896,0,0,38.22293385,0,0,0,0,0,0,0,0,0,0,0,0,0,0,0,0,0,0,0,0,0,0,0,0,0,0,0,0,0,0,0,0,0,0,0,0,0,0,0,0,0,55.69255,0,0,0,0,0,0,0,0,0,0,0,0,0,0,0,0,0,0,0,0,0,0,0,0,0,0,0,0,0,0,0,0,0,0,0,0,0,0,18.62517,0,0,272.6160409
HH2A,0,0,0,0,0,0,0,0,0,0,0,0,0,0,0,0,0,0,0,0,0,0,0,0,0,0,0,0,0,0,0,0,0,0,0,0,0,0,0,0,0,0,0,0,0,0,0,0,8.969395881,71.97782872,0,3.904642234,18.68506224,0,1.871229881,10.08973978,0,1.123389636,5.542553582,0,1.132796843,7.543744806,0,1.35985531,6.351406277,0,3.52563969,19.74857691,0,6.432396058,37.9593571,0,105.2257816,0,0,0,0,0,0,0,0,0,0,0,0,0,0,0,0,0,0,0,0,0,0,0,0,0,0,0,0,0,0,0,0,0,0,0,0,0,0,0,0,0,43.48988,28.0152,0,0,0,0,0,0,0,0,0,0,0,0,0,0,0,0,0,0,0,0,0,0,0,0,0,0,0,0,0,0,0,0,0,0,0,0,0,15.05644,45.889,0,163.1417624
HH3A,0,0,0,0,0,0,0,0,0,0,0,0,0,0,0,0,0,0,0,0,0,0,0,0,0,0,0,0,0,0,0,0,0,0,0,0,0,0,0,0,0,0,0,0,0,0,0,0,5.280893647,79.31401719,117.7059714,2.547986769,20.19786493,15.81764053,1.165221895,9.827791514,5.84714757,0.663664674,4.771389555,3.996020938,0.65372306,7.471127084,6.134968864,0.850566387,6.310741239,8.760481285,2.163533226,21.4079422,23.58884517,3.929783206,30.80966955,27.30688716,165.5288023,0,0,0,0,0,0,0,0,0,0,0,0,0,0,0,0,0,0,0,0,0,0,0,0,0,0,0,0,0,0,0,0,0,0,0,0,0,0,0,0,0,34.41298,39.9896,0,0,0,0,0,0,0,0,0,0,0,0,0,0,0,0,0,0,0,0,0,0,0,0,0,0,0,0,0,0,0,0,0,0,0,0,0,8.00435,26.082,17.74,120.432991
HH4A,0,0,0,0,0,0,0,0,0,0,0,0,0,0,0,0,0,0,0,0,0,0,0,0,0,0,0,0,0,0,0,0,0,0,0,0,0,0,0,0,0,0,0,0,0,0,0,0,1.488778493,24.39515743,166.2313517,0.726598993,6.170333027,24.33056642,0.337006419,3.751060078,10.52601763,0.200057962,2.331995655,9.355234935,0.187949025,2.808492356,11.02667287,0.249063112,2.217822291,14.78381526,0.610733395,6.657221889,39.34589983,1.161363578,16.03413476,68.93881936,160.4157393,0,0,0,0,0,0,0,0,0,0,0,0,0,0,0,0,0,0,0,0,0,0,0,0,0,0,0,0,0,0,0,0,0,0,0,0,0,0,0,0,0,6.98422,4.7726,0,0,0,0,0,0,0,0,0,0,0,0,0,0,0,0,0,0,0,0,0,0,0,0,0,0,0,0,0,0,0,0,0,0,0,0,0,10.179,23.1965,57.298,24.27651489
HH5A,0,0,0,0,0,0,0,0,0,0,0,0,0,0,0,0,0,0,0,0,0,0,0,0,0,0,0,0,0,0,0,0,0,0,0,0,0,0,0,0,0,0,0,0,0,0,0,0,1.588997072,2.118831925,409.059873,0.566936812,0.779340544,56.33378989,0.251419655,0.46938813,22.02170417,0.100719733,0.26741581,14.3158199,0.176449386,0.310531501,22.85588033,0.158466173,0.353907579,32.12258692,0.596621187,0.713903083,85.39922818,0.700440559,2.361425159,112.2222854,269.6931042,0,0,0,0,0,0,0,0,0,0,0,0,0,0,0,0,0,0,0,0,0,0,0,0,0,0,0,0,0,0,0,0,0,0,0,0,0,0,0,0,0,6.7839,14.3298,6,0,0,0,0,0,0,0,0,0,0,0,0,0,0,0,0,0,0,0,0,0,0,0,0,0,0,0,0,0,0,0,0,0,0,0,0,0.82242,8.4305,65.792,39.67288885
HH1B,0,0,0,0,0,0,0,0,0,0,0,0,0,0,0,0,0,0,0,0,0,0,0,0,0,0,0,0,0,0,0,0,0,0,0,0,0,0,0,0,0,0,0,0,0,0,0,0,7.0057204,0.879369515,0,8.154413592,0.479252421,0,2.741651707,0.176620314,0,1.845679485,0.081642862,0,2.109749801,0.165675885,0,2.362029619,0.153808953,0,5.158011878,0.44761422,0,5.986263261,0.246542995,0,23.85476881,0,0,0,0,0,0,0,0,0,0,0,0,0,0,0,0,0,0,0,0,0,0,0,0,0,0,0,0,0,0,0,0,0,0,0,0,0,0,0,0,0,0,0,0,24.97878,0,0,0,0,0,0,0,0,0,0,0,0,0,0,0,0,0,0,0,0,0,0,0,0,0,0,0,0,0,0,0,0,0,0,0,13.80351,0,0,146.1829706
HH2B,0,0,0,0,0,0,0,0,0,0,0,0,0,0,0,0,0,0,0,0,0,0,0,0,0,0,0,0,0,0,0,0,0,0,0,0,0,0,0,0,0,0,0,0,0,0,0,0,8.677101999,40.26647554,0,10.00586438,22.83523036,0,3.298802054,12.9472623,0,2.194547604,6.803112112,0,2.556587761,9.905741483,0,2.894774715,9.902918416,0,6.384819547,20.12366593,0,7.200130787,31.34756413,0,91.0036574,0,0,0,0,0,0,0,0,0,0,0,0,0,0,0,0,0,0,0,0,0,0,0,0,0,0,0,0,0,0,0,0,0,0,0,0,0,0,0,0,0,0,0,0,44.32569,31.0197,0,0,0,0,0,0,0,0,0,0,0,0,0,0,0,0,0,0,0,0,0,0,0,0,0,0,0,0,0,0,0,0,0,0,10.01358,10.1908,0,159.471499
HH3B,0,0,0,0,0,0,0,0,0,0,0,0,0,0,0,0,0,0,0,0,0,0,0,0,0,0,0,0,0,0,0,0,0,0,0,0,0,0,0,0,0,0,0,0,0,0,0,0,5.793863406,33.43934405,69.65869453,6.76251666,24.01910295,24.59161076,2.350079778,13.00520533,8.391075576,1.601636128,7.971990459,6.099538206,1.796016553,9.483719603,8.205980224,1.950760218,10.78665016,13.58217197,4.245466638,18.9145914,29.61885319,5.087370215,39.37161021,31.72335127,155.4434179,0,0,0,0,0,0,0,0,0,0,0,0,0,0,0,0,0,0,0,0,0,0,0,0,0,0,0,0,0,0,0,0,0,0,0,0,0,0,0,0,0,0,0,0,34.2094,25.4818,0,0,0,0,0,0,0,0,0,0,0,0,0,0,0,0,0,0,0,0,0,0,0,0,0,0,0,0,0,0,0,0,0,0,3.2383,25.4954,33.417,150.1269576
HH4B,0,0,0,0,0,0,0,0,0,0,0,0,0,0,0,0,0,0,0,0,0,0,0,0,0,0,0,0,0,0,0,0,0,0,0,0,0,0,0,0,0,0,0,0,0,0,0,0,2.687391204,26.93858465,132.4288333,3.089490296,15.23420112,47.24905858,1.140992391,5.952438648,16.7951589,0.786581565,2.930810754,12.45217715,0.867498915,5.351713301,16.19028031,0.875563392,5.151478707,26.54914823,1.934238449,13.90271923,57.44576351,2.399808954,10.18364331,65.86830383,177.672655,0,0,0,0,0,0,0,0,0,0,0,0,0,0,0,0,0,0,0,0,0,0,0,0,0,0,0,0,0,0,0,0,0,0,0,0,0,0,0,0,0,0,0,0,17.6815,32.8325,0,0,0,0,0,0,0,0,0,0,0,0,0,0,0,0,0,0,0,0,0,0,0,0,0,0,0,0,0,0,0,0,0,0,7.6468,10.53,28.741,134.9978171
HH5B,0,0,0,0,0,0,0,0,0,0,0,0,0,0,0,0,0,0,0,0,0,0,0,0,0,0,0,0,0,0,0,0,0,0,0,0,0,0,0,0,0,0,0,0,0,0,0,0,0.047298038,5.284461147,317.54229,0.158501102,3.566168816,102.3021617,0.055199855,1.855536837,26.82363191,0.05015774,1.096416472,17.53838482,0.032284578,1.395845491,27.87553533,0.059527042,1.535690837,51.85391055,0.06219861,2.905644246,121.1675962,0.172485433,5.2298015,66.30761323,255.9407422,0,0,0,0,0,0,0,0,0,0,0,0,0,0,0,0,0,0,0,0,0,0,0,0,0,0,0,0,0,0,0,0,0,0,0,0,0,0,0,0,0,0,0,0,5.064,9.8142,7.6,0,0,0,0,0,0,0,0,0,0,0,0,0,0,0,0,0,0,0,0,0,0,0,0,0,0,0,0,0,0,0,0,0,1.2872,4.935,40.124,106.9850999
HH1C,0,0,0,0,0,0,0,0,0,0,0,0,0,0,0,0,0,0,0,0,0,0,0,0,0,0,0,0,0,0,0,0,0,0,0,0,0,0,0,0,0,0,0,0,0,0,0,0,2.668737713,0,0,2.297904655,0,0,2.50498151,0,0,1.463670776,0,0,1.085850239,0,0,1.054080899,0,0,1.798204111,0,0,2.911984564,0,0,10.79517523,0,0,0,0,0,0,0,0,0,0,0,0,0,0,0,0,0,0,0,0,0,0,0,0,0,0,0,0,0,0,0,0,0,0,0,0,0,0,0,0,0,0,0,0,0,0,0,16.19945,0,0,0,0,0,0,0,0,0,0,0,0,0,0,0,0,0,0,0,0,0,0,0,0,0,0,0,0,0,0,0,0,2.7593,0,0,140.6733313
HH2C,0,0,0,0,0,0,0,0,0,0,0,0,0,0,0,0,0,0,0,0,0,0,0,0,0,0,0,0,0,0,0,0,0,0,0,0,0,0,0,0,0,0,0,0,0,0,0,0,3.71604983,41.07452918,0,2.349477953,13.83474737,0,2.709542763,16.05040211,0,1.310247466,9.502015708,0,1.307258149,9.840951336,0,0.953900656,7.286853227,0,2.302479038,16.15156809,0,2.551431572,19.60154223,0,67.85110124,0,0,0,0,0,0,0,0,0,0,0,0,0,0,0,0,0,0,0,0,0,0,0,0,0,0,0,0,0,0,0,0,0,0,0,0,0,0,0,0,0,0,0,0,0,0,0,30.0497,19.1314,0,0,0,0,0,0,0,0,0,0,0,0,0,0,0,0,0,0,0,0,0,0,0,0,0,0,0,0,0,0,0,9.2436,9.4104,0,127.7718167
HH3C,0,0,0,0,0,0,0,0,0,0,0,0,0,0,0,0,0,0,0,0,0,0,0,0,0,0,0,0,0,0,0,0,0,0,0,0,0,0,0,0,0,0,0,0,0,0,0,0,6.117972471,51.47438635,67.00754109,4.262920038,17.92096596,11.9807406,4.834825492,22.96953459,15.12132884,2.511687072,15.56517652,13.39739095,2.243623274,12.88548908,11.93420971,1.796674445,9.834104329,9.973408673,3.853226152,19.81344479,17.89107093,4.910595928,34.65860812,43.313356,167.6608183,0,0,0,0,0,0,0,0,0,0,0,0,0,0,0,0,0,0,0,0,0,0,0,0,0,0,0,0,0,0,0,0,0,0,0,0,0,0,0,0,0,0,0,0,0,0,0,33.5286,26.2305,0,0,0,0,0,0,0,0,0,0,0,0,0,0,0,0,0,0,0,0,0,0,0,0,0,0,0,0,0,0,0,6.6953,31.832,35.056,182.797143
HH4C,0,0,0,0,0,0,0,0,0,0,0,0,0,0,0,0,0,0,0,0,0,0,0,0,0,0,0,0,0,0,0,0,0,0,0,0,0,0,0,0,0,0,0,0,0,0,0,0,1.684980557,28.57800889,90.02181812,2.063239313,9.972462336,15.52855819,2.103755965,11.91528944,19.82242499,1.396943945,7.385866308,15.78163568,0.844434925,7.096049711,15.56353552,1.074194624,5.474849676,12.90674963,1.376790768,11.35425235,23.57037295,2.884443204,15.90175739,53.82364023,135.8041948,0,0,0,0,0,0,0,0,0,0,0,0,0,0,0,0,0,0,0,0,0,0,0,0,0,0,0,0,0,0,0,0,0,0,0,0,0,0,0,0,0,0,0,0,0,0,0,15.7678,13.2476,0,0,0,0,0,0,0,0,0,0,0,0,0,0,0,0,0,0,0,0,0,0,0,0,0,0,0,0,0,0,0,1.0854,3.2596,45.598,58.74219186
HH5C,0,0,0,0,0,0,0,0,0,0,0,0,0,0,0,0,0,0,0,0,0,0,0,0,0,0,0,0,0,0,0,0,0,0,0,0,0,0,0,0,0,0,0,0,0,0,0,0,0.319735916,5.096652193,117.9513978,0.309190155,1.467058175,16.8611119,0.327004653,1.544916496,21.12963183,0.198848998,0.756661449,11.78118975,0.139474478,1.04949315,17.09146874,0.150901002,0.613937277,13.51812423,0.233802911,1.884356146,27.95667318,0.404827659,1.164006063,42.10221743,93.34342301,0,0,0,0,0,0,0,0,0,0,0,0,0,0,0,0,0,0,0,0,0,0,0,0,0,0,0,0,0,0,0,0,0,0,0,0,0,0,0,0,0,0,0,0,0,0,0,1.9626,5.233,0,0,0,0,0,0,0,0,0,0,0,0,0,0,0,0,0,0,0,0,0,0,0,0,0,0,0,0,0,0,0,0.3346,0,8.842,61.54689994
HH1D,0,0,0,0,0,0,0,0,0,0,0,0,0,0,0,0,0,0,0,0,0,0,0,0,0,0,0,0,0,0,0,0,0,0,0,0,0,0,0,0,0,0,0,0,0,0,0,0,0.710658523,0,0,0.563353686,0,0,0.661930354,0,0,0.998849737,0,0,0.429239297,0,0,0.470163042,0,0,0.501150612,0,0,0.623110298,0,0,5.085693948,0,0,0,0,0,0,0,0,0,0,0,0,0,0,0,0,0,0,0,0,0,0,0,0,0,0,0,0,0,0,0,0,0,0,0,0,0,0,0,0,0,0,0,0,0,0,0,0,0,0,9.2734,0,0,0,0,0,0,0,0,0,0,0,0,0,0,0,0,0,0,0,0,0,0,0,0,0,0,0,0,0,2.1364,0,0,34.54334641
HH2D,0,0,0,0,0,0,0,0,0,0,0,0,0,0,0,0,0,0,0,0,0,0,0,0,0,0,0,0,0,0,0,0,0,0,0,0,0,0,0,0,0,0,0,0,0,0,0,0,2.287539732,12.66812662,0,1.35256045,4.864138846,0,1.737888531,6.51727119,0,2.349247915,8.829315738,0,1.169976456,4.404768142,0,0.785958626,3.743339038,0,1.311991046,6.082309756,0,1.098471139,6.77142056,0,37.94301692,0,0,0,0,0,0,0,0,0,0,0,0,0,0,0,0,0,0,0,0,0,0,0,0,0,0,0,0,0,0,0,0,0,0,0,0,0,0,0,0,0,0,0,0,0,0,0,0,0,0,18.8072,11.2816,0,0,0,0,0,0,0,0,0,0,0,0,0,0,0,0,0,0,0,0,0,0,0,0,0,0,0,0,6.8657,19.1904,0,62.44534078
HH3D,0,0,0,0,0,0,0,0,0,0,0,0,0,0,0,0,0,0,0,0,0,0,0,0,0,0,0,0,0,0,0,0,0,0,0,0,0,0,0,0,0,0,0,0,0,0,0,0,3.430333244,37.95340403,39.91609596,2.366596122,15.08995472,7.530021325,2.826112475,20.30869809,9.097692316,4.097296322,28.08357907,10.28506487,1.910456685,13.59440196,7.571634525,1.743017913,11.80713528,7.216775633,2.213901511,18.53534684,13.82261652,2.268621706,22.43005221,20.91402939,129.258518,0,0,0,0,0,0,0,0,0,0,0,0,0,0,0,0,0,0,0,0,0,0,0,0,0,0,0,0,0,0,0,0,0,0,0,0,0,0,0,0,0,0,0,0,0,0,0,0,0,0,25.9658,36.8948,0,0,0,0,0,0,0,0,0,0,0,0,0,0,0,0,0,0,0,0,0,0,0,0,0,0,0,0,5.32232,28.5825,14.239,141.4934306
HH4D,0,0,0,0,0,0,0,0,0,0,0,0,0,0,0,0,0,0,0,0,0,0,0,0,0,0,0,0,0,0,0,0,0,0,0,0,0,0,0,0,0,0,0,0,0,0,0,0,1.166702672,22.85649199,214.0268458,0.749509887,8.119094831,38.10161979,0.878797264,10.83787661,44.24401454,1.257871628,14.1181474,50.71451956,0.624608494,7.487022949,37.0994309,0.520968886,6.016926611,35.68653291,0.729819556,10.54847763,70.98963999,0.63950373,9.637922649,89.56580376,235.8696811,0,0,0,0,0,0,0,0,0,0,0,0,0,0,0,0,0,0,0,0,0,0,0,0,0,0,0,0,0,0,0,0,0,0,0,0,0,0,0,0,0,0,0,0,0,0,0,0,0,0,24.192,16.388,0,0,0,0,0,0,0,0,0,0,0,0,0,0,0,0,0,0,0,0,0,0,0,0,0,0,0,0,19.84108,3.247,18.858,160.8160944
HH5D,0,0,0,0,0,0,0,0,0,0,0,0,0,0,0,0,0,0,0,0,0,0,0,0,0,0,0,0,0,0,0,0,0,0,0,0,0,0,0,0,0,0,0,0,0,0,0,0,1.410451144,13.69299512,265.0233923,0.978211611,4.644879266,50.28774101,1.147894595,6.408839167,58.33958962,1.677741792,8.637916575,79.36682024,0.78803473,4.467946233,49.24630921,0.732991443,3.405282392,45.89443734,0.920509767,6.09320367,91.99784162,0.930804419,5.345871537,120.6061547,267.3345378,0,0,0,0,0,0,0,0,0,0,0,0,0,0,0,0,0,0,0,0,0,0,0,0,0,0,0,0,0,0,0,0,0,0,0,0,0,0,0,0,0,0,0,0,0,0,0,0,0,0,5.6451,6.1181,0,0,0,0,0,0,0,0,0,0,0,0,0,0,0,0,0,0,0,0,0,0,0,0,0,0,0,0,1.4175,10.904,14.283,57.77696226
HH1E,0,0,0,0,0,0,0,0,0,0,0,0,0,0,0,0,0,0,0,0,0,0,0,0,0,0,0,0,0,0,0,0,0,0,0,0,0,0,0,0,0,0,0,0,0,0,0,0,0.611056457,0,0,0.840956889,0,0,0.599977537,0,0,0.772276598,0,0,0.848741738,0,0,0.858259165,0,0,0.715261273,0,0,0.850188897,0,0,6.226757895,0,0,0,0,0,0,0,0,0,0,0,0,0,0,0,0,0,0,0,0,0,0,0,0,0,0,0,0,0,0,0,0,0,0,0,0,0,0,0,0,0,0,0,0,0,0,0,0,0,0,0,0,0,5.4428,0,0,0,0,0,0,0,0,0,0,0,0,0,0,0,0,0,0,0,0,0,0,0,0,0,0,8.50124,0,0,50.60892264
HH2E,0,0,0,0,0,0,0,0,0,0,0,0,0,0,0,0,0,0,0,0,0,0,0,0,0,0,0,0,0,0,0,0,0,0,0,0,0,0,0,0,0,0,0,0,0,0,0,0,3.327040585,20.19438702,0,2.874905842,9.325206589,0,2.125608069,7.779640855,0,2.048523032,7.635756798,0,3.554962774,11.2145203,0,2.424552886,9.022054373,0,2.76037686,13.25231937,0,1.945882023,10.43172888,0,58.24835909,0,0,0,0,0,0,0,0,0,0,0,0,0,0,0,0,0,0,0,0,0,0,0,0,0,0,0,0,0,0,0,0,0,0,0,0,0,0,0,0,0,0,0,0,0,0,0,0,0,0,0,0,0,24.7225,21.6758,0,0,0,0,0,0,0,0,0,0,0,0,0,0,0,0,0,0,0,0,0,0,0,0,0,0.962,30.194,0,79.93125231
HH3E,0,0,0,0,0,0,0,0,0,0,0,0,0,0,0,0,0,0,0,0,0,0,0,0,0,0,0,0,0,0,0,0,0,0,0,0,0,0,0,0,0,0,0,0,0,0,0,0,2.237557902,30.93579031,80.63082949,1.984007778,14.94193316,18.76819926,1.375128417,12.87383962,12.73556237,1.474903875,13.2527193,11.73969636,2.373843126,18.15731179,20.52552893,1.771323623,14.93467104,19.81817722,1.939785707,20.70977027,35.01382966,1.344273008,19.78572817,34.22830621,149.7994723,0,0,0,0,0,0,0,0,0,0,0,0,0,0,0,0,0,0,0,0,0,0,0,0,0,0,0,0,0,0,0,0,0,0,0,0,0,0,0,0,0,0,0,0,0,0,0,0,0,0,0,0,0,17.0495,22.8813,0,0,0,0,0,0,0,0,0,0,0,0,0,0,0,0,0,0,0,0,0,0,0,0,0,1.8006,28.259,18.585,142.2846101
HH4E,0,0,0,0,0,0,0,0,0,0,0,0,0,0,0,0,0,0,0,0,0,0,0,0,0,0,0,0,0,0,0,0,0,0,0,0,0,0,0,0,0,0,0,0,0,0,0,0,2.213943149,21.3765332,216.4105431,1.785889985,10.58834765,50.69017608,1.135468624,9.57188318,36.01162309,1.275232016,10.17951722,40.26149554,2.1792603,13.10414829,57.69440208,1.608162764,10.82993203,53.02281552,1.861356526,14.44889647,101.0407337,0.998021902,16.04435298,101.0158958,280.9489068,0,0,0,0,0,0,0,0,0,0,0,0,0,0,0,0,0,0,0,0,0,0,0,0,0,0,0,0,0,0,0,0,0,0,0,0,0,0,0,0,0,0,0,0,0,0,0,0,0,0,0,0,0,16.6726,26.472,0,0,0,0,0,0,0,0,0,0,0,0,0,0,0,0,0,0,0,0,0,0,0,0,0,5.34684,27.7837,52.6075,212.8051611
HH5E,0,0,0,0,0,0,0,0,0,0,0,0,0,0,0,0,0,0,0,0,0,0,0,0,0,0,0,0,0,0,0,0,0,0,0,0,0,0,0,0,0,0,0,0,0,0,0,0,0.163392279,11.91883933,251.9524437,0.214043694,5.668757651,66.58304639,0.139935946,4.891595242,55.51922483,0.197795859,4.978771312,63.85902889,0.212878919,6.898280729,84.63238436,0.226324193,5.617594154,75.54439855,0.191512145,7.919027372,132.1237514,0.203692953,7.285734539,191.2818781,335.4729093,0,0,0,0,0,0,0,0,0,0,0,0,0,0,0,0,0,0,0,0,0,0,0,0,0,0,0,0,0,0,0,0,0,0,0,0,0,0,0,0,0,0,0,0,0,0,0,0,0,0,0,0,0,9.1562,22.0702,0,0,0,0,0,0,0,0,0,0,0,0,0,0,0,0,0,0,0,0,0,0,0,0,0,1.8715,5.796,62.598,84.5354511
HH1F,0,0,0,0,0,0,0,0,0,0,0,0,0,0,0,0,0,0,0,0,0,0,0,0,0,0,0,0,0,0,0,0,0,0,0,0,0,0,0,0,0,0,0,0,0,0,0,0,0.067762019,0,0,0.225917256,0,0,0.090349354,0,0,0.220369099,0,0,0.097695723,0,0,0.507984838,0,0,0.179137756,0,0,0.411743942,0,0,1.177620526,0,0,0,0,0,0,0,0,0,0,0,0,0,0,0,0,0,0,0,0,0,0,0,0,0,0,0,0,0,0,0,0,0,0,0,0,0,0,0,0,0,0,0,0,0,0,0,0,0,0,0,0,0,0,0,0,0.3172,0,0,0,0,0,0,0,0,0,0,0,0,0,0,0,0,0,0,0,0,0,0,0,1.672,0,0,54.53459735
HH2F,0,0,0,0,0,0,0,0,0,0,0,0,0,0,0,0,0,0,0,0,0,0,0,0,0,0,0,0,0,0,0,0,0,0,0,0,0,0,0,0,0,0,0,0,0,0,0,0,0.264216547,11.27328048,0,0.177776502,5.366703428,0,0.065103907,2.468239244,0,0.080611993,1.973897146,0,0.116263438,3.574165225,0,0.400894122,10.14159117,0,0.251320211,8.521350926,0,0.187479871,9.104373091,0,26.75899723,0,0,0,0,0,0,0,0,0,0,0,0,0,0,0,0,0,0,0,0,0,0,0,0,0,0,0,0,0,0,0,0,0,0,0,0,0,0,0,0,0,0,0,0,0,0,0,0,0,0,0,0,0,0,0,0,10.0518,16.0978,0,0,0,0,0,0,0,0,0,0,0,0,0,0,0,0,0,0,0,0,0,0,1.8167,4.19,0,68.14948194
HH3F,0,0,0,0,0,0,0,0,0,0,0,0,0,0,0,0,0,0,0,0,0,0,0,0,0,0,0,0,0,0,0,0,0,0,0,0,0,0,0,0,0,0,0,0,0,0,0,0,2.206958897,25.8077396,80.49406462,1.645455398,12.82493129,19.85229046,0.620171081,5.887727918,7.954352775,0.866002952,4.995951781,6.041916897,1.040298362,8.568463206,12.73741097,3.727102194,24.41748189,47.09209672,2.205100834,19.9538979,51.56881855,1.9485738,23.58765047,51.71973357,160.7813814,0,0,0,0,0,0,0,0,0,0,0,0,0,0,0,0,0,0,0,0,0,0,0,0,0,0,0,0,0,0,0,0,0,0,0,0,0,0,0,0,0,0,0,0,0,0,0,0,0,0,0,0,0,0,0,0,29.47404,22.1642,7.29,0,0,0,0,0,0,0,0,0,0,0,0,0,0,0,0,0,0,0,0,0,6.62125,23.9196,10.24,213.2112084
HH4F,0,0,0,0,0,0,0,0,0,0,0,0,0,0,0,0,0,0,0,0,0,0,0,0,0,0,0,0,0,0,0,0,0,0,0,0,0,0,0,0,0,0,0,0,0,0,0,0,4.030844184,25.30408056,131.3272121,3.511248619,12.63227534,39.08378787,1.327817443,5.923483401,20.14328399,2.126084946,5.014432887,17.93454184,2.081145506,8.465379045,31.1524541,7.925058227,24.31980718,101.6877868,4.345195323,19.75719618,108.534543,4.516461967,23.87050484,184.6849559,278.3305144,0,0,0,0,0,0,0,0,0,0,0,0,0,0,0,0,0,0,0,0,0,0,0,0,0,0,0,0,0,0,0,0,0,0,0,0,0,0,0,0,0,0,0,0,0,0,0,0,0,0,0,0,0,0,0,0,8.6603,31.983,0,0,0,0,0,0,0,0,0,0,0,0,0,0,0,0,0,0,0,0,0,0,4.64612,3.195,57.62,209.7061303
HH5F,0,0,0,0,0,0,0,0,0,0,0,0,0,0,0,0,0,0,0,0,0,0,0,0,0,0,0,0,0,0,0,0,0,0,0,0,0,0,0,0,0,0,0,0,0,0,0,0,2.568603759,13.32571574,488.065413,2.024279059,5.997346171,133.8801256,0.68557068,2.510838426,63.86269791,1.01735838,1.894753655,62.75429022,1.186455112,3.930316423,100.5862191,4.449808238,10.70800863,346.2878059,2.607634408,9.491715974,432.1793432,2.047788447,8.084938346,531.3721512,786.2481195,0,0,0,0,0,0,0,0,0,0,0,0,0,0,0,0,0,0,0,0,0,0,0,0,0,0,0,0,0,0,0,0,0,0,0,0,0,0,0,0,0,0,0,0,0,0,0,0,0,0,0,0,0,0,0,0,15.7241,47.2957,0,0,0,0,0,0,0,0,0,0,0,0,0,0,0,0,0,0,0,0,0,0,4.6748,7.018,224.3,323.2889688
HH1G,0,0,0,0,0,0,0,0,0,0,0,0,0,0,0,0,0,0,0,0,0,0,0,0,0,0,0,0,0,0,0,0,0,0,0,0,0,0,0,0,0,0,0,0,0,0,0,0,3.008130411,0,0,3.173423958,0,0,1.552928253,0,0,1.290508188,0,0,1.145491467,0,0,2.781893099,0,0,4.755638841,0,0,7.946004173,0,0,14.37284477,0,0,0,0,0,0,0,0,0,0,0,0,0,0,0,0,0,0,0,0,0,0,0,0,0,0,0,0,0,0,0,0,0,0,0,0,0,0,0,0,0,0,0,0,0,0,0,0,0,0,0,0,0,0,0,0,0,0,0,14.5554,0,0,0,0,0,0,0,0,0,0,0,0,0,0,0,0,0,0,0,0,6.04944,0,0,77.13053872
HH2G,0,0,0,0,0,0,0,0,0,0,0,0,0,0,0,0,0,0,0,0,0,0,0,0,0,0,0,0,0,0,0,0,0,0,0,0,0,0,0,0,0,0,0,0,0,0,0,0,4.868587105,35.56786521,0,3.727677052,16.23562569,0,1.97723361,9.174461605,0,1.16294127,5.301090657,0,1.572622766,9.11138448,0,3.044479186,15.04816846,0,6.42491726,32.35823915,0,8.501965505,62.93579459,0,97.30109313,0,0,0,0,0,0,0,0,0,0,0,0,0,0,0,0,0,0,0,0,0,0,0,0,0,0,0,0,0,0,0,0,0,0,0,0,0,0,0,0,0,0,0,0,0,0,0,0,0,0,0,0,0,0,0,0,0,0,0,15.5137,37.1678,0,0,0,0,0,0,0,0,0,0,0,0,0,0,0,0,0,0,0,8.19505,35.273,0,189.1265057
HH3G,0,0,0,0,0,0,0,0,0,0,0,0,0,0,0,0,0,0,0,0,0,0,0,0,0,0,0,0,0,0,0,0,0,0,0,0,0,0,0,0,0,0,0,0,0,0,0,0,3.255074478,37.64323229,69.99849951,3.161197279,16.15653537,14.2744755,1.504873627,8.691365491,7.687678166,1.118092935,4.739714567,4.473312086,1.162290751,8.855271417,7.43605234,2.543148772,13.71148155,15.59636501,5.060126031,33.1202688,34.86863208,7.248200393,54.23965802,48.87705796,164.6047153,0,0,0,0,0,0,0,0,0,0,0,0,0,0,0,0,0,0,0,0,0,0,0,0,0,0,0,0,0,0,0,0,0,0,0,0,0,0,0,0,0,0,0,0,0,0,0,0,0,0,0,0,0,0,0,0,0,0,0,18.13362,25.5511,0,0,0,0,0,0,0,0,0,0,0,0,0,0,0,0,0,0,0,6.06432,19.374,55.233,239.7371208
HH4G,0,0,0,0,0,0,0,0,0,0,0,0,0,0,0,0,0,0,0,0,0,0,0,0,0,0,0,0,0,0,0,0,0,0,0,0,0,0,0,0,0,0,0,0,0,0,0,0,0.344807168,24.55761167,86.35977147,0.299632554,11.35586643,18.60519729,0.184973998,6.76989842,10.47084453,0.149137322,3.938872728,5.51399748,0.128451771,6.514601203,10.12082195,0.333351595,11.13188422,21.3319611,0.417024648,23.01764592,43.82433661,0.933827525,49.98710532,71.2430205,150.5403871,0,0,0,0,0,0,0,0,0,0,0,0,0,0,0,0,0,0,0,0,0,0,0,0,0,0,0,0,0,0,0,0,0,0,0,0,0,0,0,0,0,0,0,0,0,0,0,0,0,0,0,0,0,0,0,0,0,0,0,8.5364,13.534,0,0,0,0,0,0,0,0,0,0,0,0,0,0,0,0,0,0,0,4.0744,19.8083,31.025,161.0810953
HH5G,0,0,0,0,0,0,0,0,0,0,0,0,0,0,0,0,0,0,0,0,0,0,0,0,0,0,0,0,0,0,0,0,0,0,0,0,0,0,0,0,0,0,0,0,0,0,0,0,0.87866902,1.921533791,103.9503942,0.697937284,1.007944673,22.61114267,0.309915483,0.586598773,13.13112436,0.148342991,0.376654467,7.489401608,0.270917207,0.577718448,12.43339329,0.429901297,1.038177237,26.1829809,1.308689837,1.822674228,54.36338889,1.213492034,4.338168851,92.43890613,138.1299634,0,0,0,0,0,0,0,0,0,0,0,0,0,0,0,0,0,0,0,0,0,0,0,0,0,0,0,0,0,0,0,0,0,0,0,0,0,0,0,0,0,0,0,0,0,0,0,0,0,0,0,0,0,0,0,0,0,0,0,6.53195,7.9467,0,0,0,0,0,0,0,0,0,0,0,0,0,0,0,0,0,0,0,0.6872,3.7788,76.0972,97.75773644
HH1H,0,0,0,0,0,0,0,0,0,0,0,0,0,0,0,0,0,0,0,0,0,0,0,0,0,0,0,0,0,0,0,0,0,0,0,0,0,0,0,0,0,0,0,0,0,0,0,0,5.289908063,0,0,3.19760644,0,0,1.45587874,0,0,1.005117447,0,0,0.885352559,0,0,1.685379172,0,0,4.072711682,0,0,11.20834162,0,0,18.08568744,0,0,0,0,0,0,0,0,0,0,0,0,0,0,0,0,0,0,0,0,0,0,0,0,0,0,0,0,0,0,0,0,0,0,0,0,0,0,0,0,0,0,0,0,0,0,0,0,0,0,0,0,0,0,0,0,0,0,0,0,0,0,22.57058,0,0,0,0,0,0,0,0,0,0,0,0,0,0,0,0,0,6.83773,0,0,128.6767909
HH2H,0,0,0,0,0,0,0,0,0,0,0,0,0,0,0,0,0,0,0,0,0,0,0,0,0,0,0,0,0,0,0,0,0,0,0,0,0,0,0,0,0,0,0,0,0,0,0,0,3.649353962,34.01288594,0,1.798105983,8.438489333,0,0.835956397,4.523563626,0,0.455747684,2.9892201,0,0.53318075,4.288812806,0,0.87336758,5.76604361,0,2.694787511,15.57541059,0,5.709665848,48.70408271,0,69.87810073,0,0,0,0,0,0,0,0,0,0,0,0,0,0,0,0,0,0,0,0,0,0,0,0,0,0,0,0,0,0,0,0,0,0,0,0,0,0,0,0,0,0,0,0,0,0,0,0,0,0,0,0,0,0,0,0,0,0,0,0,0,0,43.0515,22.3677,0,0,0,0,0,0,0,0,0,0,0,0,0,0,0,0,8.6445,9.9896,0,155.0905622
HH3H,0,0,0,0,0,0,0,0,0,0,0,0,0,0,0,0,0,0,0,0,0,0,0,0,0,0,0,0,0,0,0,0,0,0,0,0,0,0,0,0,0,0,0,0,0,0,0,0,3.643968474,36.11726385,68.39517286,2.18806452,10.48918802,5.074457864,0.989452686,6.123358291,4.066849502,0.635680558,4.378407741,2.759327423,0.5983706,5.402085178,4.681133651,1.147599028,8.562205826,5.95609243,2.818712062,17.67309509,12.48990798,7.426831668,72.93389432,38.36213492,153.4679745,0,0,0,0,0,0,0,0,0,0,0,0,0,0,0,0,0,0,0,0,0,0,0,0,0,0,0,0,0,0,0,0,0,0,0,0,0,0,0,0,0,0,0,0,0,0,0,0,0,0,0,0,0,0,0,0,0,0,0,0,0,0,28.1049,15.2417,0,0,0,0,0,0,0,0,0,0,0,0,0,0,0,0,19.4166,83.7169,24.5418,183.1921086
HH4H,0,0,0,0,0,0,0,0,0,0,0,0,0,0,0,0,0,0,0,0,0,0,0,0,0,0,0,0,0,0,0,0,0,0,0,0,0,0,0,0,0,0,0,0,0,0,0,0,1.305022949,10.55742046,78.44236051,0.934909255,2.22870923,6.484881729,0.410091133,1.265642346,5.30157116,0.271927093,0.887709348,3.826164541,0.2351329,1.228572455,5.899490579,0.515581325,1.621218224,7.785649036,1.067867906,4.854022229,15.60931393,3.208267062,15.48002764,56.01295666,98.45677359,0,0,0,0,0,0,0,0,0,0,0,0,0,0,0,0,0,0,0,0,0,0,0,0,0,0,0,0,0,0,0,0,0,0,0,0,0,0,0,0,0,0,0,0,0,0,0,0,0,0,0,0,0,0,0,0,0,0,0,0,0,0,8.551,12.7708,0,0,0,0,0,0,0,0,0,0,0,0,0,0,0,0,0.78954,30.0483,39.288,111.8582524
HH5H,0,0,0,0,0,0,0,0,0,0,0,0,0,0,0,0,0,0,0,0,0,0,0,0,0,0,0,0,0,0,0,0,0,0,0,0,0,0,0,0,0,0,0,0,0,0,0,0,0.38643721,4.247314049,65.92327744,0.597829679,1.376611654,5.180542661,0.24814649,0.78259801,4.159534301,0.229543019,0.545442705,3.028709939,0.123814055,0.679639051,4.749664775,0.378014467,1.095584172,6.176901717,0.420290273,2.089491212,12.65288801,2.367082477,8.786581528,42.38537543,57.90165865,0,0,0,0,0,0,0,0,0,0,0,0,0,0,0,0,0,0,0,0,0,0,0,0,0,0,0,0,0,0,0,0,0,0,0,0,0,0,0,0,0,0,0,0,0,0,0,0,0,0,0,0,0,0,0,0,0,0,0,0,0,0,0.804,3.488,0,0,0,0,0,0,0,0,0,0,0,0,0,0,0,0,0.287,13.1656,0,10.31122302
INVES,0,0,0,0,0,0,0,0,0,0,0,0,0,0,0,0,0,0,0,0,0,0,0,0,0,0,0,0,0,0,0,0,0,0,0,0,0,0,0,0,0,0,0,0,0,0,0,0,0,0,0,0,0,0,0,0,0,0,0,0,0,0,0,0,0,0,0,0,0,0,0,0,0,0,0,97.34642503,71.49627732,76.50484818,0,0,94.91535489,91.47126635,82.05014341,0,0,101.3397566,63.97906251,33.30548139,0,0,78.3362536,115.8785754,108.4956395,0,0,86.73739435,137.7683267,126.1428252,0,0,98.25508731,130.9248246,246.0493002,0,0,94.66029179,67.58401615,41.44644672,0,0,82.2897316,48.82643769,20.17543584,0,0,0,0,0,0,0,0,0,0,0,0,0,0,0,0,0,0,0,0,0,0,0,0,0,0,0,0,0,0,0,0,0,0,0,0,0,0,0,0,0,0,0,3631.027328
USSOCL1A,0.717860364,0.930019457,7.006950188,0,0,0,0,0,0,0,0,0,0,0,0,0,0,0,0,0,0,0,0,0,0,0,0,0,0,0,0,0,0,0,0,0,0,0,0,0,0,0,0,0,0,0,0,0,8.858232835,0,0,0,0,0,0,0,0,0,0,0,0,0,0,0,0,0,0,0,0,0,0,0,0,0,0,0,0,0,0,0,0,0,0,0,0,0,0,0,0,0,0,0,0,0,0,0,0,0,0,0,0,0,0,0,0,0,0,0,0,0,0,0,0,0,0,0,0,0,0,0,0,0,0,0,0,0,0,0,0,0,0,0,0,0,0,0,0,0,0,0,0,0,0,0,0,0,0,0,0,0.058705659,0.03462801,0.088055327,0.022013832,0,0,0,0
USSOCL2A,7.564442707,5.712783213,46.56314997,0,0,0,0,0,0,0,0,0,0,0,0,0,0,0,0,0,0,0,0,0,0,0,0,0,0,0,0,0,0,0,0,0,0,0,0,0,0,0,0,0,0,0,0,0,0,65.6152701,0,0,0,0,0,0,0,0,0,0,0,0,0,0,0,0,0,0,0,0,0,0,0,0,0,0,0,0,0,0,0,0,0,0,0,0,0,0,0,0,0,0,0,0,0,0,0,0,0,0,0,0,0,0,0,0,0,0,0,0,0,0,0,0,0,0,0,0,0,0,0,0,0,0,0,0,0,0,0,0,0,0,0,0,0,0,0,0,0,0,0,0,0,0,0,0,0,0,0,1.666736756,0.983138223,2.500015387,0.625003847,0,0,0,0
USSOCL3A,30.94769682,20.66618923,218.3026118,0,0,0,0,0,0,0,0,0,0,0,0,0,0,0,0,0,0,0,0,0,0,0,0,0,0,0,0,0,0,0,0,0,0,0,0,0,0,0,0,0,0,0,0,0,0,0,297.5232189,0,0,0,0,0,0,0,0,0,0,0,0,0,0,0,0,0,0,0,0,0,0,0,0,0,0,0,0,0,0,0,0,0,0,0,0,0,0,0,0,0,0,0,0,0,0,0,0,0,0,0,0,0,0,0,0,0,0,0,0,0,0,0,0,0,0,0,0,0,0,0,0,0,0,0,0,0,0,0,0,0,0,0,0,0,0,0,0,0,0,0,0,0,0,0,0,0,0,7.967788671,4.69986491,11.95125397,2.987813494,0,0,0,0
USSOCL1B,0,0,0,0.3278093,2.000453445,4.325458388,0,0,0,0,0,0,0,0,0,0,0,0,0,0,0,0,0,0,0,0,0,0,0,0,0,0,0,0,0,0,0,0,0,0,0,0,0,0,0,0,0,0,0,0,0,6.794781928,0,0,0,0,0,0,0,0,0,0,0,0,0,0,0,0,0,0,0,0,0,0,0,0,0,0,0,0,0,0,0,0,0,0,0,0,0,0,0,0,0,0,0,0,0,0,0,0,0,0,0,0,0,0,0,0,0,0,0,0,0,0,0,0,0,0,0,0,0,0,0,0,0,0,0,0,0,0,0,0,0,0,0,0,0,0,0,0,0,0,0,0,0,0,0,0,0,0.040712644,0.024014684,0.061066774,0.015266693,0,0,0,0
USSOCL2B,0,0,0,2.075871224,6.088417393,16.06272902,0,0,0,0,0,0,0,0,0,0,0,0,0,0,0,0,0,0,0,0,0,0,0,0,0,0,0,0,0,0,0,0,0,0,0,0,0,0,0,0,0,0,0,0,0,0,26.06725967,0,0,0,0,0,0,0,0,0,0,0,0,0,0,0,0,0,0,0,0,0,0,0,0,0,0,0,0,0,0,0,0,0,0,0,0,0,0,0,0,0,0,0,0,0,0,0,0,0,0,0,0,0,0,0,0,0,0,0,0,0,0,0,0,0,0,0,0,0,0,0,0,0,0,0,0,0,0,0,0,0,0,0,0,0,0,0,0,0,0,0,0,0,0,0,0,0.531126445,0.313289251,0.796661069,0.199165267,0,0,0,0
USSOCL3B,0,0,0,8.56956127,12.87545219,40.78969567,0,0,0,0,0,0,0,0,0,0,0,0,0,0,0,0,0,0,0,0,0,0,0,0,0,0,0,0,0,0,0,0,0,0,0,0,0,0,0,0,0,0,0,0,0,0,0,66.56874943,0,0,0,0,0,0,0,0,0,0,0,0,0,0,0,0,0,0,0,0,0,0,0,0,0,0,0,0,0,0,0,0,0,0,0,0,0,0,0,0,0,0,0,0,0,0,0,0,0,0,0,0,0,0,0,0,0,0,0,0,0,0,0,0,0,0,0,0,0,0,0,0,0,0,0,0,0,0,0,0,0,0,0,0,0,0,0,0,0,0,0,0,0,0,0,1.250880797,0.737842206,1.876253842,0.46906346,0,0,0,0
USSOCL1C,0,0,0,0,0,0,0.392919192,1.093800404,2.384160461,0,0,0,0,0,0,0,0,0,0,0,0,0,0,0,0,0,0,0,0,0,0,0,0,0,0,0,0,0,0,0,0,0,0,0,0,0,0,0,0,0,0,0,0,0,3.932724063,0,0,0,0,0,0,0,0,0,0,0,0,0,0,0,0,0,0,0,0,0,0,0,0,0,0,0,0,0,0,0,0,0,0,0,0,0,0,0,0,0,0,0,0,0,0,0,0,0,0,0,0,0,0,0,0,0,0,0,0,0,0,0,0,0,0,0,0,0,0,0,0,0,0,0,0,0,0,0,0,0,0,0,0,0,0,0,0,0,0,0,0,0,0,0.017849275,0.01052854,0.026772952,0.006693238,0,0,0,0
USSOCL2C,0,0,0,0,0,0,3.166428895,5.215870446,10.0354696,0,0,0,0,0,0,0,0,0,0,0,0,0,0,0,0,0,0,0,0,0,0,0,0,0,0,0,0,0,0,0,0,0,0,0,0,0,0,0,0,0,0,0,0,0,0,19.6279384,0,0,0,0,0,0,0,0,0,0,0,0,0,0,0,0,0,0,0,0,0,0,0,0,0,0,0,0,0,0,0,0,0,0,0,0,0,0,0,0,0,0,0,0,0,0,0,0,0,0,0,0,0,0,0,0,0,0,0,0,0,0,0,0,0,0,0,0,0,0,0,0,0,0,0,0,0,0,0,0,0,0,0,0,0,0,0,0,0,0,0,0,0,0.34927634,0.206023488,0.523895703,0.130973926,0,0,0,0
USSOCL3C,0,0,0,0,0,0,9.519382047,14.24170108,17.09829508,0,0,0,0,0,0,0,0,0,0,0,0,0,0,0,0,0,0,0,0,0,0,0,0,0,0,0,0,0,0,0,0,0,0,0,0,0,0,0,0,0,0,0,0,0,0,0,43.25964146,0,0,0,0,0,0,0,0,0,0,0,0,0,0,0,0,0,0,0,0,0,0,0,0,0,0,0,0,0,0,0,0,0,0,0,0,0,0,0,0,0,0,0,0,0,0,0,0,0,0,0,0,0,0,0,0,0,0,0,0,0,0,0,0,0,0,0,0,0,0,0,0,0,0,0,0,0,0,0,0,0,0,0,0,0,0,0,0,0,0,0,0,0.692758492,0.408629227,1.039100435,0.259775109,0,0,0,0
USSOCL1D,0,0,0,0,0,0,0,0,0,0.317523425,1.276362967,1.670765962,0,0,0,0,0,0,0,0,0,0,0,0,0,0,0,0,0,0,0,0,0,0,0,0,0,0,0,0,0,0,0,0,0,0,0,0,0,0,0,0,0,0,0,0,0,3.301169649,0,0,0,0,0,0,0,0,0,0,0,0,0,0,0,0,0,0,0,0,0,0,0,0,0,0,0,0,0,0,0,0,0,0,0,0,0,0,0,0,0,0,0,0,0,0,0,0,0,0,0,0,0,0,0,0,0,0,0,0,0,0,0,0,0,0,0,0,0,0,0,0,0,0,0,0,0,0,0,0,0,0,0,0,0,0,0,0,0,0,0,0.010539538,0.006216832,0.01580874,0.003952185,0,0,0,0
USSOCL2D,0,0,0,0,0,0,0,0,0,3.304966224,5.510122267,6.495418137,0,0,0,0,0,0,0,0,0,0,0,0,0,0,0,0,0,0,0,0,0,0,0,0,0,0,0,0,0,0,0,0,0,0,0,0,0,0,0,0,0,0,0,0,0,0,16.10507109,0,0,0,0,0,0,0,0,0,0,0,0,0,0,0,0,0,0,0,0,0,0,0,0,0,0,0,0,0,0,0,0,0,0,0,0,0,0,0,0,0,0,0,0,0,0,0,0,0,0,0,0,0,0,0,0,0,0,0,0,0,0,0,0,0,0,0,0,0,0,0,0,0,0,0,0,0,0,0,0,0,0,0,0,0,0,0,0,0,0,0.229325376,0.135269437,0.343975716,0.085993929,0,0,0,0
USSOCL3D,0,0,0,0,0,0,0,0,0,17.3677866,12.81312651,9.011718526,0,0,0,0,0,0,0,0,0,0,0,0,0,0,0,0,0,0,0,0,0,0,0,0,0,0,0,0,0,0,0,0,0,0,0,0,0,0,0,0,0,0,0,0,0,0,0,40.5691952,0,0,0,0,0,0,0,0,0,0,0,0,0,0,0,0,0,0,0,0,0,0,0,0,0,0,0,0,0,0,0,0,0,0,0,0,0,0,0,0,0,0,0,0,0,0,0,0,0,0,0,0,0,0,0,0,0,0,0,0,0,0,0,0,0,0,0,0,0,0,0,0,0,0,0,0,0,0,0,0,0,0,0,0,0,0,0,0,0,0.397300626,0.234351003,0.595929546,0.148982386,0,0,0,0
USSOCL1E,0,0,0,0,0,0,0,0,0,0,0,0,0.302538114,0.589692313,2.183653625,0,0,0,0,0,0,0,0,0,0,0,0,0,0,0,0,0,0,0,0,0,0,0,0,0,0,0,0,0,0,0,0,0,0,0,0,0,0,0,0,0,0,0,0,0,3.122716353,0,0,0,0,0,0,0,0,0,0,0,0,0,0,0,0,0,0,0,0,0,0,0,0,0,0,0,0,0,0,0,0,0,0,0,0,0,0,0,0,0,0,0,0,0,0,0,0,0,0,0,0,0,0,0,0,0,0,0,0,0,0,0,0,0,0,0,0,0,0,0,0,0,0,0,0,0,0,0,0,0,0,0,0,0,0,0,0,0.013516631,0.007972895,0.020274219,0.005068555,0,0,0,0
USSOCL2E,0,0,0,0,0,0,0,0,0,0,0,0,2.272610243,3.854814502,9.873099775,0,0,0,0,0,0,0,0,0,0,0,0,0,0,0,0,0,0,0,0,0,0,0,0,0,0,0,0,0,0,0,0,0,0,0,0,0,0,0,0,0,0,0,0,0,0,17.18188985,0,0,0,0,0,0,0,0,0,0,0,0,0,0,0,0,0,0,0,0,0,0,0,0,0,0,0,0,0,0,0,0,0,0,0,0,0,0,0,0,0,0,0,0,0,0,0,0,0,0,0,0,0,0,0,0,0,0,0,0,0,0,0,0,0,0,0,0,0,0,0,0,0,0,0,0,0,0,0,0,0,0,0,0,0,0,0,0.340962959,0.201119773,0.511426079,0.12785652,0,0,0,0
USSOCL3E,0,0,0,0,0,0,0,0,0,0,0,0,10.33185012,14.17955412,20.85548278,0,0,0,0,0,0,0,0,0,0,0,0,0,0,0,0,0,0,0,0,0,0,0,0,0,0,0,0,0,0,0,0,0,0,0,0,0,0,0,0,0,0,0,0,0,0,0,48.24198705,0,0,0,0,0,0,0,0,0,0,0,0,0,0,0,0,0,0,0,0,0,0,0,0,0,0,0,0,0,0,0,0,0,0,0,0,0,0,0,0,0,0,0,0,0,0,0,0,0,0,0,0,0,0,0,0,0,0,0,0,0,0,0,0,0,0,0,0,0,0,0,0,0,0,0,0,0,0,0,0,0,0,0,0,0,0,0.82980479,0.4894671,1.244662504,0.311165626,0,0,0,0
USSOCL1F,0,0,0,0,0,0,0,0,0,0,0,0,0,0,0,0.299091081,1.574355454,2.536037527,0,0,0,0,0,0,0,0,0,0,0,0,0,0,0,0,0,0,0,0,0,0,0,0,0,0,0,0,0,0,0,0,0,0,0,0,0,0,0,0,0,0,0,0,0,4.455149744,0,0,0,0,0,0,0,0,0,0,0,0,0,0,0,0,0,0,0,0,0,0,0,0,0,0,0,0,0,0,0,0,0,0,0,0,0,0,0,0,0,0,0,0,0,0,0,0,0,0,0,0,0,0,0,0,0,0,0,0,0,0,0,0,0,0,0,0,0,0,0,0,0,0,0,0,0,0,0,0,0,0,0,0,0,0.013179924,0.007774286,0.019769177,0.004942294,0,0,0,0
USSOCL2F,0,0,0,0,0,0,0,0,0,0,0,0,0,0,0,3.174790774,7.573922314,10.50548672,0,0,0,0,0,0,0,0,0,0,0,0,0,0,0,0,0,0,0,0,0,0,0,0,0,0,0,0,0,0,0,0,0,0,0,0,0,0,0,0,0,0,0,0,0,0,22.51341863,0,0,0,0,0,0,0,0,0,0,0,0,0,0,0,0,0,0,0,0,0,0,0,0,0,0,0,0,0,0,0,0,0,0,0,0,0,0,0,0,0,0,0,0,0,0,0,0,0,0,0,0,0,0,0,0,0,0,0,0,0,0,0,0,0,0,0,0,0,0,0,0,0,0,0,0,0,0,0,0,0,0,0,0,0.363432856,0.214373824,0.545129715,0.136282429,0,0,0,0
USSOCL3F,0,0,0,0,0,0,0,0,0,0,0,0,0,0,0,16.59905797,21.63947001,40.89802997,0,0,0,0,0,0,0,0,0,0,0,0,0,0,0,0,0,0,0,0,0,0,0,0,0,0,0,0,0,0,0,0,0,0,0,0,0,0,0,0,0,0,0,0,0,0,0,83.31955948,0,0,0,0,0,0,0,0,0,0,0,0,0,0,0,0,0,0,0,0,0,0,0,0,0,0,0,0,0,0,0,0,0,0,0,0,0,0,0,0,0,0,0,0,0,0,0,0,0,0,0,0,0,0,0,0,0,0,0,0,0,0,0,0,0,0,0,0,0,0,0,0,0,0,0,0,0,0,0,0,0,0,0,1.207288333,0.712128836,1.810867493,0.452716873,0,0,0,0
USSOCL1G,0,0,0,0,0,0,0,0,0,0,0,0,0,0,0,0,0,0,0.357721776,1.204820479,5.046160643,0,0,0,0,0,0,0,0,0,0,0,0,0,0,0,0,0,0,0,0,0,0,0,0,0,0,0,0,0,0,0,0,0,0,0,0,0,0,0,0,0,0,0,0,0,6.74233717,0,0,0,0,0,0,0,0,0,0,0,0,0,0,0,0,0,0,0,0,0,0,0,0,0,0,0,0,0,0,0,0,0,0,0,0,0,0,0,0,0,0,0,0,0,0,0,0,0,0,0,0,0,0,0,0,0,0,0,0,0,0,0,0,0,0,0,0,0,0,0,0,0,0,0,0,0,0,0,0,0,0,0.038569218,0.022750367,0.05785175,0.014462938,0,0,0,0
USSOCL2G,0,0,0,0,0,0,0,0,0,0,0,0,0,0,0,0,0,0,3.424909969,6.07757495,23.75831757,0,0,0,0,0,0,0,0,0,0,0,0,0,0,0,0,0,0,0,0,0,0,0,0,0,0,0,0,0,0,0,0,0,0,0,0,0,0,0,0,0,0,0,0,0,0,35.88126747,0,0,0,0,0,0,0,0,0,0,0,0,0,0,0,0,0,0,0,0,0,0,0,0,0,0,0,0,0,0,0,0,0,0,0,0,0,0,0,0,0,0,0,0,0,0,0,0,0,0,0,0,0,0,0,0,0,0,0,0,0,0,0,0,0,0,0,0,0,0,0,0,0,0,0,0,0,0,0,0,0,0.756312609,0.44611714,1.134428189,0.283607047,0,0,0,0
USSOCL3G,0,0,0,0,0,0,0,0,0,0,0,0,0,0,0,0,0,0,31.16706143,23.34060971,74.28900658,0,0,0,0,0,0,0,0,0,0,0,0,0,0,0,0,0,0,0,0,0,0,0,0,0,0,0,0,0,0,0,0,0,0,0,0,0,0,0,0,0,0,0,0,0,0,0,136.9687412,0,0,0,0,0,0,0,0,0,0,0,0,0,0,0,0,0,0,0,0,0,0,0,0,0,0,0,0,0,0,0,0,0,0,0,0,0,0,0,0,0,0,0,0,0,0,0,0,0,0,0,0,0,0,0,0,0,0,0,0,0,0,0,0,0,0,0,0,0,0,0,0,0,0,0,0,0,0,0,0,2.358602255,1.391240711,3.537776381,0.884444095,0,0,0,0
USSOCL1H,0,0,0,0,0,0,0,0,0,0,0,0,0,0,0,0,0,0,0,0,0,1.13704564,4.063612802,4.734667726,0,0,0,0,0,0,0,0,0,0,0,0,0,0,0,0,0,0,0,0,0,0,0,0,0,0,0,0,0,0,0,0,0,0,0,0,0,0,0,0,0,0,0,0,0,10.0577432,0,0,0,0,0,0,0,0,0,0,0,0,0,0,0,0,0,0,0,0,0,0,0,0,0,0,0,0,0,0,0,0,0,0,0,0,0,0,0,0,0,0,0,0,0,0,0,0,0,0,0,0,0,0,0,0,0,0,0,0,0,0,0,0,0,0,0,0,0,0,0,0,0,0,0,0,0,0,0,0.035331722,0.020840703,0.052995681,0.01324892,0,0,0,0
USSOCL2H,0,0,0,0,0,0,0,0,0,0,0,0,0,0,0,0,0,0,0,0,0,13.4641388,34.78654558,15.61658587,0,0,0,0,0,0,0,0,0,0,0,0,0,0,0,0,0,0,0,0,0,0,0,0,0,0,0,0,0,0,0,0,0,0,0,0,0,0,0,0,0,0,0,0,0,0,65.42574447,0,0,0,0,0,0,0,0,0,0,0,0,0,0,0,0,0,0,0,0,0,0,0,0,0,0,0,0,0,0,0,0,0,0,0,0,0,0,0,0,0,0,0,0,0,0,0,0,0,0,0,0,0,0,0,0,0,0,0,0,0,0,0,0,0,0,0,0,0,0,0,0,0,0,0,0,0,0,0.449803262,0.26532011,0.674680673,0.168670168,0,0,0,0
USSOCL3H,0,0,0,0,0,0,0,0,0,0,0,0,0,0,0,0,0,0,0,0,0,65.15891292,123.7086237,20.3019188,0,0,0,0,0,0,0,0,0,0,0,0,0,0,0,0,0,0,0,0,0,0,0,0,0,0,0,0,0,0,0,0,0,0,0,0,0,0,0,0,0,0,0,0,0,0,0,210.9984522,0,0,0,0,0,0,0,0,0,0,0,0,0,0,0,0,0,0,0,0,0,0,0,0,0,0,0,0,0,0,0,0,0,0,0,0,0,0,0,0,0,0,0,0,0,0,0,0,0,0,0,0,0,0,0,0,0,0,0,0,0,0,0,0,0,0,0,0,0,0,0,0,0,0,0,0,0,0.527880876,0.311374825,0.791792889,0.197948222,0,0,0,0
MEMPROPTAX,39.65031633,80.13388915,84.331208,6.681127449,37.01105489,31.17635257,4.044739922,29.46771173,14.21417403,0,0,0,1.170806096,7.018802526,12.14215037,0,0,0,2.021535384,32.37654615,60.18800683,0,0,0,0,0,0,0,0,0,0,0,0,0,0,0,0,0,0,0,0,0,0,0,0,0,0,0,0,0,0,0,0,0,0,0,0,0,0,0,0,0,0,0,0,0,0,0,0,0,0,0,0,4.436359416,30.07297456,23.19633751,38.22416208,48.28233711,7.171995308,22.94987916,26.75789006,24.94852241,47.01683952,8.974524387,8.429784497,32.92387524,20.10664868,21.70125135,0,0,0,0,0,6.796259175,7.009129217,10.47745092,27.18889964,27.38164534,0,0,0,0,0,5.824627416,15.97977612,28.64344683,22.08938957,23.18406511,0,0,0,0,0,0,0,0,0,0,0,0,0,0,0,0,0,0,0,0,0,0,0,0,0,0,0,0,0,0,0,0,0,0,0,0,0,0,0,0,0,0,0,0,0,0,0,0,-617.588492
OTHERPROPTAX,0,0,0,0,0,0,0,0,0,2.12023547,5.85379798,2.662960059,0.270366459,1.620805354,2.803905972,1.591174475,4.317352569,6.049833182,0,0,0,8.531147688,39.43621688,6.067782499,0,0,0,0,0,0,0,0,0,0,0,0,0,0,0,0,0,0,0,0,0,0,0,0,0,0,0,0,0,0,0,0,0,0,0,0,0,0,0,0,0,0,0,0,0,0,0,0,0,0,0,0,0,0,0,0,0,0,0,0,0,0,0,0,1.539219384,1.283623357,5.503858424,8.1941126,8.308781783,1.282789205,1.322968278,1.977611595,5.131885949,5.168266567,0.239424016,1.795938626,4.678224333,15.1239802,23.52448017,0,0,0,0,0,1.729138615,1.442076514,5.807592626,3.13633311,2.207624017,0,0,0,0,0,0,0,0,0,0,0,0,0,0,0,0,0,0,0,0,0,0,0,0,0,0,0,0,0,0,0,0,0,0,0,0,0,0,0,0,0,0,0,-113.728508
MEMSALESTAX,42.65835943,86.21318977,90.72893524,7.18798644,39.8188723,33.54152442,4.351591245,31.70325877,15.29252225,0,0,0,1.259628469,7.551278997,13.06330598,0,0,0,2.174897731,34.83276984,64.75412724,0,0,0,0,0,0,0,0,0,0,0,0,0,0,0,0,0,0,0,0,0,0,0,0,0,0,0,0,0,0,0,0,0,0,0,0,0,0,0,0,0,0,0,0,0,0,0,0,0,0,0,0,0,0,0,0,0,0,0,0,0,0,0,0,0,0,0,0,0,0,0,0,0,0,0,0,0,0,0,0,0,0,0,0,0,0,0,0,0,0,0,0,0,0,0,0,0,0,0,0,0,0,0,0,0,0,0,0,0,0,0,0,0,0,0,0,0,0,0,0,0,0,0,0,0,0,0,0,0,0,0,0,0,0,0,-339.0872481
OTHERSALESTAX,0,0,0,0,0,0,0,0,0,0.474198125,1.30922252,0.595580389,0.06046841,0.362498822,0.627103439,0.355871771,0.965591097,1.353066483,0,0,0,1.908021205,8.820048698,1.357080911,0,0,0,0,0,0,0,0,0,0,0,0,0,0,0,0,0,0,0,0,0,0,0,0,0,0,0,0,0,0,0,0,0,0,0,0,0,0,0,0,0,0,0,0,0,0,0,0,0,0,0,0,0,0,0,0,0,0,0,0,0,0,0,0,0,0,0,0,0,0,0,0,0,0,0,0,0,0,0,0,0,0,0,0,0,0,0,0,0,0,0,0,0,0,0,0,0,0,0,0,0,0,0,0,0,0,0,0,0,0,0,0,0,0,0,0,0,0,0,0,0,0,0,0,0,0,0,0,0,0,0,0,-12.98075187
MEMFEE,2.572058428,5.198168996,5.470442973,0.433395033,2.400853373,2.022364708,0.262376404,1.911527659,0.922052823,0,0,0,0.075948491,0.455299525,0.787643658,0,0,0,0.131134064,2.100219522,3.90430858,0,0,0,0,0,0,0,0,0,0,0,0,0,0,0,0,0,0,0,0,0,0,0,0,0,0,0,0,0,0,0,0,0,0,0,0,0,0,0,0,0,0,0,0,0,0,0,0,0,0,0,0,0.156971014,1.06406737,0.820752394,1.352479567,1.708366407,0.253765592,0.812031996,0.946770252,0.882749679,1.663589503,0.317544197,0.298269751,1.164940345,0.711430416,0.767851993,0,0,0,0,0,0.240470979,0.248002926,0.370722013,0.962020597,0.968840488,0,0,0,0,0,0.206091884,0.565409927,1.013486614,0.781585427,0.820318161,0,0,0,0,0,0,0,0,0,0,0,0,0,0,0,0,0,0,0,0,0,0,0,0,0,0,0,0,0,0,0,0,0,0,0,0,0,0,0,0,0,0,0,0,0,0,0,0,-27.28532373
OTHERFEE,0,0,0,0,0,0,0,0,0,0.251355438,0.693971956,0.315695828,0.032052138,0.192147639,0.332405067,0.188634877,0.511825249,0.71721207,0,0,0,1.011373687,4.67519184,0.719339974,0,0,0,0,0,0,0,0,0,0,0,0,0,0,0,0,0,0,0,0,0,0,0,0,0,0,0,0,0,0,0,0,0,0,0,0,0,0,0,0,0,0,0,0,0,0,0,0,0,0,0,0,0,0,0,0,0,0,0,0,0,0,0,0,0.099532126,0.083004257,0.355901656,0.529864328,0.5372793,0.082950317,0.085548458,0.127880332,0.331848418,0.334200935,0.015482121,0.116132626,0.30251283,0.977977482,1.521187649,0,0,0,0,0,0.111813068,0.093250476,0.375542333,0.202807933,0.142753862,0,0,0,0,0,0,0,0,0,0,0,0,0,0,0,0,0,0,0,0,0,0,0,0,0,0,0,0,0,0,0,0,0,0,0,0,0,0,0,0,0,0,0,-9.182676272
TNSTX,132.6674978,268.1230202,282.1669886,22.35463783,123.8366929,104.314141,13.53344877,98.59713477,47.5597442,1.474756168,4.071682038,1.852255011,4.105501295,24.61184902,42.5771733,1.106761209,3.002988311,4.208036763,6.763931944,108.3299142,201.3853357,5.933945948,27.43035145,4.220521633,0,0,0,0,0,0,0,0,0,0,0,0,0,0,0,0,0,0,0,0,0,0,0,0,0,0,0,0,0,0,0,0,0,0,0,0,0,0,0,0,0,0,0,0,0,0,0,0,0,0,0,0,0,0,0,0,0,0,0,0,0,0,0,0,0,0,0,0,0,0,0,0,0,0,0,0,0,0,0,0,0,0,0,0,0,0,0,0,0,0,0,0,0,0,0,0,0,0,0,0,0,0,0,0,0,0,0,0,0,0,0,0,0,0,0,0,0,0,0,0,0,0,0,0,0,0,0,0,0,0,0,0,0
TNITAX,0,0,0,0,0,0,0,0,0,0,0,0,0,0,0,0,0,0,0,0,0,0,0,0,0,0,0,0,0,0,0,0,0,0,0,0,0,0,0,0,0,0,0,0,0,0,0,0,0,0,0,0,0,0,0,0,0,0,0,0,0,0,0,0,0,0,0,0,0,0,0,0,0,9.674584051,26.63363499,41.89689668,40.60273235,68.26186118,6.037866343,23.03388159,39.34419104,44.97062003,64.78100902,2.732360382,17.17375187,42.43652998,34.37331897,23.62609827,1.28723697,9.603734442,32.7165466,59.70083467,67.66488584,1.576050987,14.74320752,37.91565534,71.11081068,84.91134851,0.298066831,6.772953872,40.69527981,70.44807094,199.0067938,3.637902189,24.6278218,41.66300159,38.10318783,34.96199286,4.57765759,17.68680451,38.84418774,24.9203354,14.65545438,0,0,0,0,0,0,0,0,0,0,0,0,0,0,0,0,0,0,0,0,0,0,0,0,0,0,0,0,0,0,0,0,0,0,0,0,0,0,0,0,0,0,0,0
USPIT,0,0,0,0,0,0,0,0,0,0,0,0,0,0,0,0,0,0,0,0,0,0,0,0,0,0,0,0,0,0,0,0,0,0,0,0,0,0,0,0,0,0,0,0,0,0,0,0,0,0,0,0,0,0,0,0,0,0,0,0,0,0,0,0,0,0,0,0,0,0,0,0,0,16.12430675,44.38939166,69.82816114,67.67122058,113.7697686,10.06311057,38.38980265,65.57365174,112.4265501,161.9525225,6.830900955,42.93437968,106.091325,85.93329743,59.06524568,3.218092425,32.01244814,109.0551553,199.0027822,225.5496195,5.25350329,49.14402507,126.3855178,237.0360356,353.7972854,1.241945128,28.22064113,169.5636659,293.5336289,829.1949743,15.15792579,102.6159242,208.3150079,190.5159392,174.8099643,22.88828795,88.43402255,194.2209387,124.601677,73.27727189,0,0,0,0,0,0,0,0,0,0,0,0,0,0,0,0,0,0,0,0,0,0,0,0,0,0,0,0,0,0,0,0,0,0,0,0,0,0,0,0,0,0,0,0
CYGFM,0,0,0,0,0,0,0,0,0,0,0,0,0,0,0,0,0,0,0,0,0,0,0,0,0,0,0,0,0,0,0,0,0,0,0,0,0,0,0,0,0,0,0,0,0,0,0,0,0,0,0,0,0,0,0,0,0,0,0,0,0,0,0,0,0,0,0,0,0,0,0,0,0,0,0,0,0,0,0,0,0,0,0,0,0,0,0,0,0,0,0,0,0,0,0,0,0,0,0,0,0,0,0,0,0,0,0,0,0,0,0,0,0,0,0,0,0,0,0,0,0,0,0,0,0,0,0,0,0,0,0,0,0,0,0,0,0,0,363.808,0,136.045,0,20.461,0,0,0,0,0,0,0,0,0,0,0,0,0,0
CYGFO,0,0,0,0,0,0,0,0,0,0,0,0,0,0,0,0,0,0,0,0,0,0,0,0,0,0,0,0,0,0,0,0,0,0,0,0,0,0,0,0,0,0,0,0,0,0,0,0,0,0,0,0,0,0,0,0,0,0,0,0,0,0,0,0,0,0,0,0,0,0,0,0,0,0,0,0,0,0,0,0,0,0,0,0,0,0,0,0,0,0,0,0,0,0,0,0,0,0,0,0,0,0,0,0,0,0,0,0,0,0,0,0,0,0,0,0,0,0,0,0,0,0,0,0,0,0,0,0,0,0,0,0,0,0,0,0,0,0,0,66.995,0,5.208,0,6.886,0,0,0,0,0,0,0,0,0,0,0,0,0
FED,0,0,0,0,0,0,0,0,0,0,0,0,0,0,0,0,0,0,0,0,0,0,0,0,0,0,0,0,0,0,0,0,0,0,0,0,0,0,0,0,0,0,0,0,0,0,0,0,0,0,0,0,0,0,0,0,0,0,0,0,0,0,0,0,0,0,0,0,0,0,0,0,0,0,0,0,0,0,0,0,0,0,0,0,0,0,0,0,0,0,0,0,0,0,0,0,0,0,0,0,0,0,0,0,0,0,0,0,0,0,0,0,0,0,-129.6470643,44.1233402,589.0464378,-112.6698061,-47.01368067,125.5374989,-89.64270187,-24.58662319,86.51928293,-77.2811607,-38.47235783,81.1383904,-66.79816729,-58.7355203,96.4839741,-55.31714051,-72.51386273,159.349119,-49.78639566,-12.43706506,273.9374823,-82.96649361,76.98328893,421.9969045,0,0,0,0,0,0,0,0,4858.089915,0,0,0,0,0,0,0,0,0,-5123.52988
STATE,0,0,0,0,0,0,0,0,0,0,0,0,0,0,0,0,0,0,0,0,0,0,0,0,0,0,0,0,0,0,0,0,0,0,0,0,0,0,0,0,0,0,0,0,0,0,0,0,0,0,0,0,0,0,0,0,0,0,0,0,0,0,0,0,0,0,0,0,0,0,0,0,0,0,0,0,0,0,0,0,0,0,0,0,0,0,0,0,0,0,0,0,0,0,0,0,0,0,0,0,0,0,0,0,0,0,0,0,0,0,0,0,0,0,0,0,0,0,0,0,0,0,0,0,0,0,0,0,0,0,0,0,0,0,0,0,0,0,0,0,0,0,0,0,1534.22831,1427.709159,0,0,0,0,0,0,0,0,0,0,-2497.218143
MEMPHIS,0,0,0,0,0,0,0,0,0,0,0,0,0,0,0,0,0,0,0,0,0,0,0,0,0,0,0,0,0,0,0,0,0,0,0,0,0,0,0,0,0,0,0,0,0,0,0,0,0,0,0,0,0,0,0,0,0,0,0,0,0,0,0,0,0,0,0,0,0,0,0,0,0,0,0,0,0,0,0,0,0,0,0,0,0,0,0,0,0,0,0,0,0,0,0,0,0,0,0,0,0,0,0,0,0,0,0,0,0,0,0,0,0,0,0,0,0,0,0,0,0,0,0,0,0,0,0,0,0,0,0,0,0,0,0,0,0,0,0,0,0,0,0,0,0,0,0,520.314,0,0,0,0,0,0,0,0,598.7257975
OTHER,0,0,0,0,0,0,0,0,0,0,0,0,0,0,0,0,0,0,0,0,0,0,0,0,0,0,0,0,0,0,0,0,0,0,0,0,0,0,0,0,0,0,0,0,0,0,0,0,0,0,0,0,0,0,0,0,0,0,0,0,0,0,0,0,0,0,0,0,0,0,0,0,0,0,0,0,0,0,0,0,0,0,0,0,0,0,0,0,0,0,0,0,0,0,0,0,0,0,0,0,0,0,0,0,0,0,0,0,0,0,0,0,0,0,0,0,0,0,0,0,0,0,0,0,0,0,0,0,0,0,0,0,0,0,0,0,0,0,0,0,0,0,0,0,0,0,0,0,79.089,0,0,0,0,0,0,0,200.6709494
OUTCOM1,0,0,0,0,0,0,0,0,0,0,0,0,0,0,0,0,0,0,0,0,0,0,0,0,0,0,0,0,0,0,0,0,0,0,0,0,0,0,0,0,0,0,0,0,0,0,0,0,0,0,0,0,0,0,0,0,0,0,0,0,0,0,0,0,0,0,0,0,0,0,0,0,0,0,0,0,0,0,0,0,0,0,0,0,0,0,0,0,0,0,0,0,0,0,0,0,0,0,0,0,0,0,0,0,0,0,0,0,0,0,0,0,0,0,0,0,0,0,0,0,0,0,0,0,0,0,0,0,0,0,0,0,0,0,0,0,0,0,0,0,0,0,0,0,0,0,0,0,0,0,0,0,0,0,0,0,243.3368
OUTCOM2,0,0,0,0,0,0,0,0,0,0,0,0,0,0,0,0,0,0,0,0,0,0,0,0,0,0,0,0,0,0,0,0,0,0,0,0,0,0,0,0,0,0,0,0,0,0,0,0,0,0,0,0,0,0,0,0,0,0,0,0,0,0,0,0,0,0,0,0,0,0,0,0,0,0,0,0,0,0,0,0,0,0,0,0,0,0,0,0,0,0,0,0,0,0,0,0,0,0,0,0,0,0,0,0,0,0,0,0,0,0,0,0,0,0,0,0,0,0,0,0,0,0,0,0,0,0,0,0,0,0,0,0,0,0,0,0,0,0,0,0,0,0,0,0,0,0,0,0,0,0,0,0,0,0,0,0,606.6849
OUTCOM3,0,0,0,0,0,0,0,0,0,0,0,0,0,0,0,0,0,0,0,0,0,0,0,0,0,0,0,0,0,0,0,0,0,0,0,0,0,0,0,0,0,0,0,0,0,0,0,0,0,0,0,0,0,0,0,0,0,0,0,0,0,0,0,0,0,0,0,0,0,0,0,0,0,0,0,0,0,0,0,0,0,0,0,0,0,0,0,0,0,0,0,0,0,0,0,0,0,0,0,0,0,0,0,0,0,0,0,0,0,0,0,0,0,0,0,0,0,0,0,0,0,0,0,0,0,0,0,0,0,0,0,0,0,0,0,0,0,0,0,0,0,0,0,0,0,0,0,0,0,0,0,0,0,0,0,0,1032.1235
ROW,738.9210335,1029.081381,4935.717546,364.2306933,833.9755051,1719.618616,358.4215842,609.7430754,1021.327593,357.5498822,659.8708403,1380.349294,274.1874909,669.5577942,1123.028824,444.1197649,1057.974242,1623.442457,477.2307724,779.889394,2488.750705,1188.986269,1452.753233,1470.349263,0,0,0,0,0,0,0,0,0,0,0,0,0,0,0,0,0,0,0,0,0,0,0,0,0,0,0,0,0,0,0,0,0,0,0,0,0,0,0,0,0,0,0,0,0,0,0,0,0,0,0,0,0,0,0,0,0,0,0,0,0,0,0,0,0,0,0,0,0,0,0,0,0,0,0,0,0,0,0,0,0,0,0,0,0,0,0,0,0,0,0,0,0,0,0,0,0,0,0,0,0,0,0,0,0,0,0,0,0,0,0,0,0,0,0,0,0,0,0,0,0,0,0,0,0,0,0,0,0,0,0,0,0