Labor Group,IAGMIN,IUTIL,ICONS,IMANU,IWHOLE,IRETAIL,ITRANS,IPROFSER,IREALE,IEDU,IHEALTH,IART,IACCO,MAGMIN,MUTIL,MCONS,MMANU,MWHOLE,MRETAIL,MTRANS,MPROFSER,MREALE,MEDU,MHEALTH,MART,MACCO,L1WI,L2WI,L3WI,L4WI,L1BI,L2BI,L3BI,L4BI,L1HI,L2HI,L3HI,L4HI,L1WM,L2WM,L3WM,L4WM,L1BM,L2BM,L3BM,L4BM,L1HM,L2HM,L3HM,L4HM,KAP,INVES,HS1I,HS2I,HS3I,HS1M,HS2M,HS3M,HH1WI,HH2WI,HH3WI,HH4WI,HH5WI,HH1BI,HH2BI,HH3BI,HH4BI,HH5BI,HH1HI,HH2HI,HH3HI,HH4HI,HH5HI,HH1WM,HH2WM,HH3WM,HH4WM,HH5WM,HH1BM,HH2BM,HH3BM,HH4BM,HH5BM,HH1HM,HH2HM,HH3HM,HH4HM,HH5HM,WIUSSOC1,WIUSSOC2,WIUSSOC3,WIUSSOC4,BIUSSOC1,BIUSSOC2,BIUSSOC3,BIUSSOC4,HIUSSOC1,HIUSSOC2,HIUSSOC3,HIUSSOC4,WMUSSOC1,WMUSSOC2,WMUSSOC3,WMUSSOC4,BMUSSOC1,BMUSSOC2,BMUSSOC3,BMUSSOC4,HMUSSOC1,HMUSSOC2,HMUSSOC3,HMUSSOC4,PROTAX,TXSTX,COUNTYSTX,USPIT,OTX,CYGF,COUNTY,STATE,FED,OUT1,OUT2,OUT3,OUT4,ROW
L1WI,7.000013824181321,9.020668414021216e-09,85.00008368543925,8.000041955205612,37.00029119840713,532.0061525757199,112.00022186430965,464.00164838229136,24.000118277182676,811.0026800626082,147.00050776248003,424.001017929773,1947.0051541026644,9.020668414021216e-09,9.020668414021216e-09,9.020668414021216e-09,9.020668414021216e-09,9.020668414021216e-09,9.020668414021216e-09,9.020668414021216e-09,9.020668414021216e-09,9.020668414021216e-09,9.020668414021216e-09,9.020668414021216e-09,9.020668414021216e-09,9.020668414021216e-09,-1.3302500993161006e-09,-1.3302500993161006e-09,-1.3302500993161006e-09,-1.3302500993161006e-09,-1.3302500993161006e-09,-1.3302500993161006e-09,-1.3302500993161006e-09,-1.3302500993161006e-09,-1.3302500993161006e-09,-1.3302500993161006e-09,-1.3302500993160997e-09,-1.3302500993160997e-09,-1.3302500993161006e-09,-1.3302500993161006e-09,-1.3302500993160997e-09,-1.3302500993161006e-09,-1.3302500993161006e-09,-1.3302500993161006e-09,-1.3302500993161006e-09,-1.3302500993161006e-09,-1.3302500993161006e-09,-1.3302500993161006e-09,-1.3302500993161006e-09,-1.3302500993161006e-09,-1.3302500993160997e-09,-1.3302500993161006e-09,9.020668414021216e-09,9.020668414021216e-09,9.020668414021216e-09,9.020668414021216e-09,9.020668414021216e-09,9.020668414021216e-09,-1.3302500993161006e-09,-1.3302500993161006e-09,-1.3302500993161006e-09,-1.3302500993161006e-09,-1.3302500993161006e-09,-1.3302500993161006e-09,-1.3302500993161006e-09,-1.3302500993161006e-09,-1.3302500993161006e-09,-1.3302500993161006e-09,-1.3302500993161006e-09,-1.3302500993161006e-09,-1.3302500993161006e-09,-1.3302500993161006e-09,-1.3302500993161006e-09,-1.3302500993161006e-09,-1.3302500993161006e-09,-1.3302500993161006e-09,-1.3302500993161006e-09,-1.3302500993161006e-09,-1.3302500993160997e-09,-1.3302500993160997e-09,-1.3302500993161006e-09,-1.3302500993161006e-09,-1.3302500993160997e-09,-1.3302500993161006e-09,-1.3302500993160997e-09,-1.3302500993161006e-09,-1.3302500993161006e-09,-1.3302500993161006e-09,-1.3302500993161006e-09,-1.3302500993161006e-09,-1.3302500993161006e-09,-1.3302500993161006e-09,-1.3302500993161006e-09,-1.3302500993161006e-09,-1.3302500993161006e-09,-1.3302500993161006e-09,-1.3302500993161006e-09,-1.3302500993161006e-09,-1.3302500993161006e-09,-1.3302500993161006e-09,-1.3302500993161006e-09,-1.3302500993161006e-09,-1.3302500993161006e-09,-1.3302500993161006e-09,-1.3302500993161006e-09,-1.3302500993161006e-09,-1.3302500993161006e-09,-1.3302500993161006e-09,-1.3302500993161006e-09,-1.3302500993161006e-09,-1.3302500993161006e-09,-1.3302500993161006e-09,-1.3302500993161006e-09,-1.3302500993161006e-09,-1.3302500993161006e-09,-1.3302500993161006e-09,-1.3302500993161006e-09,-1.3302500993161006e-09,3.0000192562455847,3.0000070038484186,-9.753381750758399e-20,-1.3302500993161006e-09,-1.3302500993161006e-09,-1.3302500993161006e-09,-1.3302500993161006e-09,-1.3302500993161006e-09
L2WI,8.903239157747893e-09,3.0000239967678617,121.00026894475131,44.000285232432844,74.00067402049456,371.0047499702808,511.00164495084357,534.0025582340842,81.00049947598164,1832.0083223943016,256.0012012336393,179.00065136826163,350.00135987375404,8.903239157747893e-09,8.903239157747893e-09,8.903239157747893e-09,8.903239157747893e-09,8.903239157747893e-09,8.903239157747893e-09,8.903239157747893e-09,8.903239157747893e-09,8.903239157747893e-09,8.903239157747893e-09,8.903239157747893e-09,8.903239157747893e-09,8.903239157747893e-09,-5.038336259071172e-09,-5.038336259071172e-09,-5.038336259071172e-09,-5.038336259071172e-09,-5.038336259071172e-09,-5.038336259071172e-09,-5.038336259071172e-09,-5.038336259071172e-09,-5.038336259071172e-09,-5.038336259071172e-09,-5.038336259071172e-09,-5.038336259071172e-09,-5.038336259071172e-09,-5.038336259071172e-09,-5.038336259071172e-09,-5.038336259071172e-09,-5.038336259071172e-09,-5.038336259071172e-09,-5.038336259071172e-09,-5.038336259071172e-09,-5.038336259071172e-09,-5.038336259071172e-09,-5.038336259071172e-09,-5.038336259071172e-09,-5.038336259071172e-09,-5.038336259071172e-09,8.903239157747893e-09,8.903239157747893e-09,8.903239157747893e-09,8.903239157747893e-09,8.903239157747893e-09,8.903239157747893e-09,-5.038336259071172e-09,-5.038336259071172e-09,-5.038336259071172e-09,-5.038336259071172e-09,-5.038336259071172e-09,-5.038336259071172e-09,-5.038336259071172e-09,-5.038336259071172e-09,-5.038336259071172e-09,-5.038336259071172e-09,-5.038336259071172e-09,-5.038336259071172e-09,-5.038336259071172e-09,-5.038336259071172e-09,-5.038336259071172e-09,-5.038336259071172e-09,-5.038336259071172e-09,-5.038336259071172e-09,-5.038336259071172e-09,-5.038336259071172e-09,-5.038336259071172e-09,-5.038336259071172e-09,-5.038336259071172e-09,-5.038336259071172e-09,-5.038336259071172e-09,-5.038336259071172e-09,-5.038336259071172e-09,-5.038336259071172e-09,-5.038336259071172e-09,-5.038336259071172e-09,-5.038336259071172e-09,-5.038336259071172e-09,-5.038336259071172e-09,-5.038336259071172e-09,-5.038336259071172e-09,-5.038336259071172e-09,-5.038336259071172e-09,-5.038336259071172e-09,-5.038336259071172e-09,-5.038336259071172e-09,-5.038336259071172e-09,-5.038336259071172e-09,-5.038336259071172e-09,-5.038336259071172e-09,-5.038336259071172e-09,-5.038336259071172e-09,-5.038336259071172e-09,-5.038336259071172e-09,-5.038336259071172e-09,-5.038336259071172e-09,-5.038336259071172e-09,-5.038336259071172e-09,-5.038336259071172e-09,-5.038336259071172e-09,-5.038336259071172e-09,-5.038336259071172e-09,-5.038336259071172e-09,-5.038336259071172e-09,-5.038336259071172e-09,-5.038336259071172e-09,45.000372003443516,42.00017566933661,3.000029728126206,-5.038336259071172e-09,-5.038336259071172e-09,-5.038336259071172e-09,-5.038336259071172e-09,-5.038336259071172e-09
L3WI,39.00015550605501,40.00035092909926,131.000392604941,128.00092887794926,59.00058307875612,131.0017786476506,474.00189286356317,1131.006294018289,121.00083982150393,5387.028643184469,825.004509962493,126.00055606702045,352.00164019865144,8.878992909930787e-09,8.878992909930787e-09,8.878992909930787e-09,8.878992909930787e-09,8.878992909930787e-09,8.878992909930787e-09,8.878992909930787e-09,8.878992909930787e-09,8.878992909930787e-09,8.878992909930787e-09,8.878992909930787e-09,8.878992909930787e-09,8.878992909930787e-09,-5.8383433299315215e-09,-5.8383433299315215e-09,-5.8383433299315215e-09,-5.8383433299315215e-09,-5.8383433299315215e-09,-5.8383433299315215e-09,-5.8383433299315215e-09,-5.8383433299315215e-09,-5.8383433299315215e-09,-5.8383433299315215e-09,-5.8383433299315215e-09,-5.8383433299315215e-09,-5.8383433299315215e-09,-5.8383433299315215e-09,-5.8383433299315215e-09,-5.8383433299315215e-09,-5.8383433299315215e-09,-5.8383433299315215e-09,-5.8383433299315215e-09,-5.8383433299315215e-09,-5.8383433299315215e-09,-5.8383433299315215e-09,-5.8383433299315215e-09,-5.8383433299315215e-09,-5.8383433299315215e-09,-5.8383433299315215e-09,8.878992909930787e-09,8.878992909930787e-09,8.878992909930787e-09,8.878992909930787e-09,8.878992909930787e-09,8.878992909930787e-09,-5.8383433299315215e-09,-5.8383433299315215e-09,-5.8383433299315215e-09,-5.8383433299315215e-09,-5.8383433299315215e-09,-5.8383433299315215e-09,-5.8383433299315215e-09,-5.8383433299315215e-09,-5.8383433299315215e-09,-5.8383433299315215e-09,-5.8383433299315215e-09,-5.8383433299315215e-09,-5.8383433299315215e-09,-5.8383433299315215e-09,-5.8383433299315215e-09,-5.8383433299315215e-09,-5.8383433299315215e-09,-5.8383433299315215e-09,-5.8383433299315215e-09,-5.8383433299315215e-09,-5.8383433299315215e-09,-5.8383433299315215e-09,-5.8383433299315215e-09,-5.8383433299315215e-09,-5.8383433299315215e-09,-5.8383433299315215e-09,-5.8383433299315215e-09,-5.8383433299315215e-09,-5.8383433299315215e-09,-5.8383433299315215e-09,-5.8383433299315215e-09,-5.8383433299315215e-09,-5.8383433299315215e-09,-5.8383433299315215e-09,-5.8383433299315215e-09,-5.8383433299315215e-09,-5.8383433299315215e-09,-5.8383433299315215e-09,-5.8383433299315215e-09,-5.8383433299315215e-09,-5.8383433299315215e-09,-5.8383433299315215e-09,-5.8383433299315215e-09,-5.8383433299315215e-09,-5.8383433299315215e-09,-5.8383433299315215e-09,-5.8383433299315215e-09,-5.8383433299315215e-09,-5.8383433299315215e-09,-5.8383433299315215e-09,-5.8383433299315215e-09,-5.8383433299315215e-09,-5.8383433299315215e-09,-5.8383433299315215e-09,-5.8383433299315215e-09,-5.8383433299315215e-09,-5.8383433299315215e-09,-5.8383433299315215e-09,-5.8383433299315215e-09,-5.8383433299315215e-09,158.0014887427732,147.00078472686005,11.000121715624026,-5.8383433299315215e-09,-5.8383433299315215e-09,-5.8383433299315215e-09,-5.8383433299315215e-09,-5.8383433299315215e-09
L4WI,49.00013496065901,27.000203585022003,97.00017110314256,147.00088550144693,75.00064872359492,104.00128381921999,175.000483060805,694.0030063839753,81.00046231838355,1214.0049580447248,297.0012573743884,1.4733943260733137e-09,8.00002741295081,1.4733943260733137e-09,1.473394326073314e-09,1.4733943260733137e-09,1.473394326073314e-09,1.4733943260733137e-09,1.473394326073314e-09,1.4733943260733135e-09,1.473394326073314e-09,1.473394326073314e-09,1.473394326073314e-09,1.473394326073314e-09,1.4733943260733137e-09,1.473394326073314e-09,-9.059765563375943e-09,-9.059765563375943e-09,-9.059765563375943e-09,-9.059765563375943e-09,-9.059765563375943e-09,-9.059765563375943e-09,-9.059765563375943e-09,-9.059765563375943e-09,-9.059765563375943e-09,-9.059765563375943e-09,-9.059765563375943e-09,-9.059765563375943e-09,-9.059765563375943e-09,-9.059765563375943e-09,-9.059765563375943e-09,-9.059765563375943e-09,-9.059765563375943e-09,-9.059765563375943e-09,-9.059765563375943e-09,-9.059765563375943e-09,-9.059765563375943e-09,-9.059765563375943e-09,-9.059765563375943e-09,-9.059765563375943e-09,-9.059765563375943e-09,-9.059765563375943e-09,1.4733943260733137e-09,1.473394326073314e-09,1.4733943260733137e-09,1.473394326073314e-09,1.473394326073314e-09,1.473394326073314e-09,-9.059765563375943e-09,-9.059765563375943e-09,-9.059765563375943e-09,-9.059765563375943e-09,-9.059765563375943e-09,-9.059765563375943e-09,-9.059765563375943e-09,-9.059765563375943e-09,-9.059765563375943e-09,-9.059765563375943e-09,-9.059765563375943e-09,-9.059765563375943e-09,-9.059765563375943e-09,-9.059765563375943e-09,-9.059765563375943e-09,-9.059765563375943e-09,-9.059765563375943e-09,-9.059765563375943e-09,-9.059765563375943e-09,-9.059765563375943e-09,-9.059765563375943e-09,-9.059765563375943e-09,-9.059765563375943e-09,-9.059765563375943e-09,-9.059765563375943e-09,-9.059765563375943e-09,-9.059765563375943e-09,-9.059765563375943e-09,-9.059765563375943e-09,-9.059765563375943e-09,-9.059765563375943e-09,-9.059765563375943e-09,-9.059765563375943e-09,-9.059765563375943e-09,-9.059765563375943e-09,-9.059765563375943e-09,-9.059765563375943e-09,-9.059765563375943e-09,-9.059765563375943e-09,-9.059765563375943e-09,-9.059765563375943e-09,-9.059765563375943e-09,-9.059765563375943e-09,-9.059765563375943e-09,-9.059765563375943e-09,-9.059765563375943e-09,-9.059765563375943e-09,-9.059765563375943e-09,-9.059765563375943e-09,-9.059765563375943e-09,-9.059765563375943e-09,-9.059765563375943e-09,-9.059765563375943e-09,-9.059765563375943e-09,-9.059765563375943e-09,-9.059765563375943e-09,-9.059765563375943e-09,-9.059765563375943e-09,-9.059765563375943e-09,-9.059765563375943e-09,66.00050041606293,61.000213373389585,5.00004612346322,-9.059765563375943e-09,-9.059765563375943e-09,-9.059765563375943e-09,-9.059765563375943e-09,-9.059765563375943e-09
L1BI,3.9999930317500048,9.016717715462366e-09,9.016717715462366e-09,9.016717715462366e-09,9.016717715462366e-09,72.00056505677688,34.99993923950187,173.99997139381324,9.016717715462366e-09,248.9998973345538,131.99996531244426,9.016717715462366e-09,378.9995945663269,9.016717715462366e-09,9.016717715462366e-09,9.016717715462366e-09,9.016717715462366e-09,9.016717715462366e-09,9.016717715462366e-09,9.016717715462366e-09,9.016717715462366e-09,9.016717715462366e-09,9.016717715462366e-09,9.016717715462366e-09,9.016717715462366e-09,9.016717715462366e-09,3.638940424162706e-10,3.6389404241627137e-10,3.6389404241627137e-10,3.6389404241627137e-10,3.638940424162706e-10,3.638940424162706e-10,3.638940424162714e-10,3.638940424162706e-10,3.6389404241627137e-10,3.638940424162706e-10,3.6389404241627137e-10,3.6389404241627137e-10,3.638940424162714e-10,3.638940424162706e-10,3.6389404241627137e-10,3.6389404241627137e-10,3.6389404241627137e-10,3.638940424162706e-10,3.638940424162714e-10,3.638940424162706e-10,3.6389404241627137e-10,3.6389404241627137e-10,3.6389404241627137e-10,3.6389404241627137e-10,3.6389404241627137e-10,3.6389404241627137e-10,9.016717715462366e-09,9.016717715462366e-09,9.016717715462366e-09,9.016717715462366e-09,9.016717715462366e-09,9.016717715462366e-09,3.6389404241627137e-10,3.638940424162714e-10,3.638940424162714e-10,3.6389404241627137e-10,3.6389404241627137e-10,3.638940424162714e-10,3.6389404241627137e-10,3.638940424162706e-10,3.6389404241627137e-10,3.6389404241627137e-10,3.638940424162714e-10,3.6389404241627137e-10,3.6389404241627137e-10,3.6389404241627137e-10,3.638940424162714e-10,3.638940424162706e-10,3.638940424162714e-10,3.638940424162706e-10,3.6389404241627137e-10,3.638940424162706e-10,3.6389404241627137e-10,3.6389404241627137e-10,3.638940424162714e-10,3.638940424162706e-10,3.6389404241627137e-10,3.6389404241627137e-10,3.6389404241627137e-10,3.6389404241627137e-10,3.6389404241627137e-10,3.6389404241627137e-10,3.6389404241627137e-10,3.638940424162706e-10,3.638940424162714e-10,3.6389404241627137e-10,3.638940424162714e-10,3.6389404241627137e-10,3.6389404241627137e-10,3.6389404241627137e-10,3.638940424162714e-10,3.638940424162706e-10,3.638940424162714e-10,3.6389404241627137e-10,3.6389404241627137e-10,3.638940424162706e-10,3.6389404241627137e-10,3.6389404241627137e-10,3.638940424162714e-10,3.638940424162706e-10,3.6389404241627137e-10,3.6389404241627137e-10,3.6389404241627137e-10,3.6389404241627137e-10,3.638940424162714e-10,3.6389404241627137e-10,3.6389404241627137e-10,3.638940424162706e-10,3.6389404241627137e-10,3.638940424162706e-10,3.638940424162714e-10,3.638940424162706e-10,-1.0545279601407787e-19,-1.0545279601407777e-19,-1.0545279601407777e-19,3.6389404241627137e-10,3.638940424162706e-10,3.6389404241627137e-10,3.638940424162706e-10,3.6389404241627137e-10
L2BI,9.004527130701118e-09,9.004527130701118e-09,21.999921681137693,9.004527130701118e-09,9.004527130701118e-09,430.00301879824383,139.99964110215197,154.99984624829256,48.00001841832761,605.9992486485063,305.99966635976733,114.99975347317356,419.99920313895103,9.004527130701118e-09,9.004527130701118e-09,9.004527130701118e-09,9.004527130701118e-09,9.004527130701118e-09,9.004527130701118e-09,9.004527130701118e-09,9.004527130701118e-09,9.004527130701118e-09,9.004527130701118e-09,9.004527130701118e-09,9.004527130701118e-09,9.004527130701118e-09,6.05615101564696e-10,6.056151015646962e-10,6.056151015646962e-10,6.056151015646962e-10,6.056151015646963e-10,6.056151015646963e-10,6.056151015646962e-10,6.056151015646962e-10,6.056151015646963e-10,6.056151015646963e-10,6.056151015646962e-10,6.056151015646962e-10,6.056151015646963e-10,6.056151015646963e-10,6.056151015646962e-10,6.056151015646962e-10,6.056151015646962e-10,6.056151015646962e-10,6.056151015646962e-10,6.056151015646962e-10,6.056151015646963e-10,6.056151015646963e-10,6.056151015646963e-10,6.056151015646963e-10,6.056151015646963e-10,6.056151015646963e-10,9.004527130701118e-09,9.004527130701118e-09,9.004527130701118e-09,9.004527130701118e-09,9.004527130701118e-09,9.004527130701118e-09,6.056151015646962e-10,6.05615101564696e-10,6.056151015646962e-10,6.056151015646962e-10,6.056151015646962e-10,6.056151015646962e-10,6.056151015646962e-10,6.056151015646962e-10,6.056151015646962e-10,6.056151015646962e-10,6.056151015646962e-10,6.056151015646962e-10,6.056151015646962e-10,6.056151015646962e-10,6.056151015646962e-10,6.056151015646962e-10,6.056151015646962e-10,6.05615101564696e-10,6.056151015646963e-10,6.056151015646963e-10,6.056151015646962e-10,6.056151015646962e-10,6.056151015646963e-10,6.056151015646963e-10,6.056151015646962e-10,6.056151015646962e-10,6.056151015646963e-10,6.056151015646963e-10,6.056151015646962e-10,6.056151015646963e-10,6.056151015646963e-10,6.056151015646963e-10,6.056151015646962e-10,6.05615101564696e-10,6.056151015646962e-10,6.056151015646963e-10,6.056151015646962e-10,6.05615101564696e-10,6.056151015646962e-10,6.056151015646962e-10,6.056151015646962e-10,6.056151015646962e-10,6.056151015646963e-10,6.056151015646962e-10,6.056151015646962e-10,6.056151015646962e-10,6.056151015646963e-10,6.056151015646962e-10,6.056151015646962e-10,6.05615101564696e-10,6.056151015646963e-10,6.056151015646962e-10,6.056151015646962e-10,6.056151015646962e-10,6.056151015646963e-10,6.056151015646963e-10,6.056151015646963e-10,6.056151015646962e-10,6.056151015646963e-10,6.056151015646963e-10,36.99998652863357,33.99984876134715,3.0000038355811607,6.056151015646962e-10,6.056151015646962e-10,6.056151015646963e-10,6.056151015646963e-10,6.056151015646962e-10
L3BI,9.057031138787595e-09,11.000033979457381,6.9999811898185005,28.000044035087512,36.00015114594867,44.00034730299002,225.99961788469471,170.9999796228265,9.057031138787595e-09,466.99982857717697,205.99995518554414,9.057031138787595e-09,9.057031138787595e-09,9.057031138787595e-09,9.057031138787595e-09,9.057031138787595e-09,9.057031138787595e-09,9.057031138787595e-09,9.057031138787595e-09,9.057031138787595e-09,9.057031138787595e-09,9.057031138787595e-09,9.057031138787595e-09,9.057031138787595e-09,9.057031138787595e-09,9.057031138787595e-09,1.6648187528561995e-09,1.6648187528561995e-09,1.6648187528561995e-09,1.6648187528561995e-09,1.6648187528561995e-09,1.6648187528561995e-09,1.6648187528561995e-09,1.6648187528561995e-09,1.6648187528561995e-09,1.6648187528561995e-09,1.6648187528561995e-09,1.6648187528561995e-09,1.6648187528561995e-09,1.664818752856199e-09,1.6648187528561997e-09,1.6648187528561995e-09,1.6648187528561995e-09,1.6648187528561995e-09,1.6648187528561995e-09,1.6648187528561995e-09,1.6648187528561995e-09,1.6648187528561995e-09,1.6648187528561995e-09,1.6648187528561995e-09,1.6648187528561995e-09,1.6648187528561995e-09,9.057031138787595e-09,9.057031138787595e-09,9.057031138787595e-09,9.057031138787595e-09,9.057031138787595e-09,9.057031138787595e-09,1.6648187528561995e-09,1.6648187528561995e-09,1.6648187528561995e-09,1.6648187528561995e-09,1.6648187528561995e-09,1.6648187528561995e-09,1.6648187528561995e-09,1.6648187528561995e-09,1.6648187528561995e-09,1.6648187528561995e-09,1.6648187528561995e-09,1.6648187528561995e-09,1.6648187528561997e-09,1.6648187528561995e-09,1.6648187528561995e-09,1.6648187528561995e-09,1.6648187528561995e-09,1.6648187528561995e-09,1.6648187528561995e-09,1.6648187528561995e-09,1.6648187528561995e-09,1.6648187528561995e-09,1.6648187528561995e-09,1.6648187528561995e-09,1.6648187528561995e-09,1.6648187528561995e-09,1.6648187528561995e-09,1.6648187528561995e-09,1.6648187528561995e-09,1.6648187528561995e-09,1.6648187528561995e-09,1.6648187528561995e-09,1.6648187528561995e-09,1.6648187528561995e-09,1.6648187528561995e-09,1.6648187528561995e-09,1.6648187528561995e-09,1.6648187528561995e-09,1.6648187528561995e-09,1.6648187528561995e-09,1.6648187528561995e-09,1.6648187528561995e-09,1.6648187528561995e-09,1.6648187528561995e-09,1.6648187528561995e-09,1.6648187528561995e-09,1.6648187528561995e-09,1.6648187528561995e-09,1.6648187528561995e-09,1.6648187528561995e-09,1.6648187528561995e-09,1.6648187528561995e-09,1.6648187528561995e-09,1.6648187528561995e-09,1.6648187528561995e-09,1.6648187528561995e-09,1.6648187528561995e-09,1.6648187528561995e-09,1.6648187528561995e-09,1.6648187528561995e-09,38.000035665638336,35.999886760539205,3.0000077435688075,1.6648187528561995e-09,1.6648187528561995e-09,1.6648187528561995e-09,1.6648187528561995e-09,1.6648187528561997e-09
L4BI,6.9999782655992595,9.113110734894016e-09,1.9999918094843425,10.000001645866556,9.113110734894016e-09,53.0003437127291,50.99984195782721,93.99985643780282,9.113110734894016e-09,311.99944614860243,45.99992522063254,9.113110734894016e-09,9.113110734894016e-09,9.113110734894016e-09,9.113110734894016e-09,9.113110734894016e-09,9.113110734894016e-09,9.113110734894016e-09,9.113110734894016e-09,9.113110734894016e-09,9.113110734894016e-09,9.113110734894016e-09,9.113110734894016e-09,9.113110734894016e-09,9.113110734894016e-09,9.113110734894016e-09,4.571756183294021e-09,4.571756183294021e-09,4.571756183294021e-09,4.571756183294021e-09,4.571756183294021e-09,4.571756183294021e-09,4.571756183294021e-09,4.571756183294021e-09,4.571756183294021e-09,4.571756183294021e-09,4.571756183294021e-09,4.571756183294021e-09,4.571756183294021e-09,4.571756183294021e-09,4.571756183294021e-09,4.571756183294021e-09,4.571756183294021e-09,4.571756183294021e-09,4.571756183294021e-09,4.571756183294021e-09,4.571756183294021e-09,4.571756183294021e-09,4.571756183294021e-09,4.571756183294021e-09,4.571756183294021e-09,4.571756183294021e-09,9.113110734894016e-09,9.113110734894016e-09,9.113110734894016e-09,9.113110734894016e-09,9.113110734894016e-09,9.113110734894016e-09,4.571756183294021e-09,4.571756183294021e-09,4.571756183294021e-09,4.571756183294021e-09,4.571756183294021e-09,4.571756183294021e-09,4.571756183294021e-09,4.571756183294021e-09,4.571756183294021e-09,4.571756183294021e-09,4.571756183294021e-09,4.571756183294021e-09,4.571756183294021e-09,4.571756183294021e-09,4.571756183294021e-09,4.571756183294021e-09,4.571756183294021e-09,4.571756183294021e-09,4.571756183294021e-09,4.571756183294021e-09,4.571756183294021e-09,4.571756183294021e-09,4.571756183294021e-09,4.571756183294021e-09,4.571756183294021e-09,4.571756183294021e-09,4.571756183294021e-09,4.571756183294021e-09,4.571756183294021e-09,4.571756183294021e-09,4.571756183294021e-09,4.571756183294021e-09,4.571756183294021e-09,4.571756183294021e-09,4.571756183294021e-09,4.571756183294021e-09,4.571756183294021e-09,4.571756183294021e-09,4.571756183294021e-09,4.571756183294021e-09,4.571756183294021e-09,4.571756183294021e-09,4.571756183294021e-09,4.571756183294021e-09,4.571756183294021e-09,4.571756183294021e-09,4.571756183294021e-09,4.571756183294021e-09,4.571756183294021e-09,4.571756183294021e-09,4.571756183294021e-09,4.571756183294021e-09,4.571756183294021e-09,4.571756183294021e-09,4.571756183294021e-09,4.571756183294021e-09,4.571756183294021e-09,4.571756183294021e-09,4.571756183294021e-09,4.571756183294021e-09,23.99997208649042,21.999884562384896,2.0000009591076533,4.571756183294021e-09,4.571756183294021e-09,4.571756183294021e-09,4.571756183294021e-09,4.571756183294021e-09
L1HI,3.999996452614154,5.000019495114747,33.999936175468775,7.000016678632863,9.009231177347838e-09,290.00252393815435,11.999989430421724,277.00019135548246,14.000028930691805,738.0003268647407,125.00007405409869,448.99979303212075,1294.9997221846365,9.009231177347838e-09,9.009231177347838e-09,9.009231177347838e-09,9.009231177347838e-09,9.009231177347838e-09,9.009231177347838e-09,9.009231177347838e-09,9.009231177347838e-09,9.009231177347838e-09,9.009231177347838e-09,9.009231177347838e-09,9.009231177347838e-09,9.009231177347838e-09,1.5313112533902454e-10,1.5313112533902454e-10,1.5313112533902568e-10,1.5313112533902565e-10,1.5313112533902568e-10,1.5313112533902568e-10,1.5313112533902456e-10,1.5313112533902454e-10,1.5313112533902462e-10,1.5313112533902462e-10,1.5313112533902565e-10,1.5313112533902462e-10,1.5313112533902462e-10,1.5313112533902462e-10,1.5313112533902568e-10,1.5313112533902568e-10,1.5313112533902568e-10,1.5313112533902568e-10,1.5313112533902568e-10,1.5313112533902462e-10,1.5313112533902568e-10,1.5313112533902568e-10,1.5313112533902568e-10,1.5313112533902568e-10,1.5313112533902568e-10,1.5313112533902568e-10,9.009231177347838e-09,9.009231177347838e-09,9.009231177347838e-09,9.009231177347838e-09,9.009231177347838e-09,9.009231177347838e-09,1.5313112533902568e-10,1.5313112533902454e-10,1.5313112533902568e-10,1.5313112533902568e-10,1.5313112533902568e-10,1.5313112533902568e-10,1.5313112533902568e-10,1.5313112533902568e-10,1.5313112533902568e-10,1.5313112533902568e-10,1.5313112533902454e-10,1.5313112533902456e-10,1.5313112533902456e-10,1.5313112533902462e-10,1.5313112533902462e-10,1.5313112533902462e-10,1.5313112533902462e-10,1.5313112533902462e-10,1.5313112533902462e-10,1.5313112533902462e-10,1.5313112533902462e-10,1.5313112533902462e-10,1.5313112533902568e-10,1.5313112533902462e-10,1.5313112533902568e-10,1.5313112533902568e-10,1.5313112533902568e-10,1.5313112533902565e-10,1.5313112533902568e-10,1.5313112533902568e-10,1.5313112533902568e-10,1.5313112533902568e-10,1.5313112533902568e-10,1.5313112533902568e-10,1.5313112533902568e-10,1.5313112533902568e-10,1.5313112533902568e-10,1.5313112533902568e-10,1.5313112533902568e-10,1.5313112533902568e-10,1.5313112533902568e-10,1.5313112533902454e-10,1.5313112533902568e-10,1.5313112533902568e-10,1.5313112533902456e-10,1.5313112533902456e-10,1.5313112533902568e-10,1.5313112533902568e-10,1.5313112533902568e-10,1.5313112533902568e-10,1.5313112533902568e-10,1.5313112533902568e-10,1.5313112533902568e-10,1.5313112533902568e-10,1.5313112533902568e-10,1.5313112533902568e-10,1.5313112533902568e-10,1.5313112533902454e-10,1.5313112533902568e-10,1.5313112533902568e-10,2.0000042949889743,1.9999961267590853,-1.0159472133721506e-19,1.5313112533902568e-10,1.5313112533902454e-10,1.5313112533902568e-10,1.5313112533902568e-10,1.5313112533902454e-10
L2HI,9.000000015978056,65.00031119718523,126.99987445146091,29.00009486730977,8.992732247406949e-09,123.0011797994386,79.00000061806573,376.0005938683935,4.000011820409646,561.0007469878406,161.00023845000058,25.00001069173049,1193.0008041931542,8.992732247406949e-09,8.992732247406949e-09,8.992732247406949e-09,8.992732247406949e-09,8.992732247406949e-09,8.992732247406949e-09,8.992732247406949e-09,8.992732247406949e-09,8.992732247406949e-09,8.992732247406949e-09,8.992732247406949e-09,8.992732247406949e-09,8.992732247406949e-09,5.323393925621967e-10,5.323393925621967e-10,5.323393925621967e-10,5.323393925621967e-10,5.323393925621966e-10,5.323393925621966e-10,5.323393925621966e-10,5.323393925621966e-10,5.323393925621966e-10,5.323393925621966e-10,5.323393925621967e-10,5.323393925621966e-10,5.323393925621967e-10,5.323393925621966e-10,5.323393925621966e-10,5.323393925621966e-10,5.323393925621966e-10,5.323393925621966e-10,5.323393925621966e-10,5.323393925621966e-10,5.323393925621955e-10,5.323393925621955e-10,5.323393925621966e-10,5.323393925621955e-10,5.323393925621966e-10,5.323393925621955e-10,8.992732247406949e-09,8.992732247406949e-09,8.992732247406949e-09,8.992732247406949e-09,8.992732247406949e-09,8.992732247406949e-09,5.323393925621967e-10,5.323393925621966e-10,5.323393925621966e-10,5.323393925621966e-10,5.323393925621966e-10,5.323393925621967e-10,5.323393925621966e-10,5.323393925621966e-10,5.323393925621966e-10,5.323393925621967e-10,5.323393925621967e-10,5.323393925621966e-10,5.323393925621967e-10,5.323393925621966e-10,5.323393925621966e-10,5.323393925621966e-10,5.323393925621967e-10,5.323393925621967e-10,5.323393925621966e-10,5.323393925621955e-10,5.323393925621967e-10,5.323393925621966e-10,5.323393925621966e-10,5.323393925621955e-10,5.323393925621966e-10,5.323393925621966e-10,5.323393925621966e-10,5.323393925621966e-10,5.323393925621967e-10,5.323393925621966e-10,5.323393925621966e-10,5.323393925621966e-10,5.323393925621967e-10,5.323393925621967e-10,5.323393925621966e-10,5.323393925621955e-10,5.323393925621966e-10,5.323393925621955e-10,5.323393925621966e-10,5.323393925621966e-10,5.323393925621966e-10,5.323393925621967e-10,5.323393925621967e-10,5.323393925621966e-10,5.323393925621966e-10,5.323393925621966e-10,5.323393925621967e-10,5.323393925621966e-10,5.323393925621966e-10,5.323393925621966e-10,5.323393925621955e-10,5.323393925621968e-10,5.323393925621955e-10,5.323393925621955e-10,5.323393925621966e-10,5.323393925621966e-10,5.323393925621966e-10,5.323393925621966e-10,5.323393925621966e-10,5.323393925621966e-10,9.000031264199976,7.999995117437089,1.0000051164243335,5.323393925621966e-10,5.323393925621966e-10,5.323393925621967e-10,5.323393925621966e-10,5.323393925621967e-10
L3HI,14.000020045149501,26.00016165959941,237.00010462328567,26.00012223411909,29.000212486983592,25.000275547503094,289.0004155371122,130.00039122986823,212.0009296470698,1325.0036590565078,222.0006462595541,98.00018205370641,55.00011572633552,9.056977202073028e-09,9.056977202073028e-09,9.056977202073028e-09,9.056977202073028e-09,9.056977202073028e-09,9.056977202073028e-09,9.056977202073028e-09,9.056977202073028e-09,9.056977202073028e-09,9.056977202073028e-09,9.056977202073028e-09,9.056977202073028e-09,9.056977202073028e-09,2.782459834852125e-09,2.782459834852125e-09,2.782459834852125e-09,2.782459834852125e-09,2.782459834852125e-09,2.782459834852125e-09,2.782459834852125e-09,2.782459834852125e-09,2.782459834852125e-09,2.782459834852125e-09,2.782459834852125e-09,2.782459834852125e-09,2.782459834852125e-09,2.782459834852125e-09,2.782459834852125e-09,2.782459834852125e-09,2.782459834852125e-09,2.782459834852125e-09,2.782459834852125e-09,2.782459834852125e-09,2.782459834852125e-09,2.782459834852125e-09,2.782459834852125e-09,2.782459834852125e-09,2.782459834852125e-09,2.782459834852125e-09,9.056977202073028e-09,9.056977202073028e-09,9.056977202073028e-09,9.056977202073028e-09,9.056977202073028e-09,9.056977202073028e-09,2.782459834852125e-09,2.782459834852125e-09,2.782459834852125e-09,2.782459834852125e-09,2.782459834852125e-09,2.782459834852125e-09,2.782459834852125e-09,2.782459834852125e-09,2.782459834852125e-09,2.782459834852125e-09,2.782459834852125e-09,2.782459834852125e-09,2.782459834852125e-09,2.782459834852125e-09,2.782459834852125e-09,2.782459834852125e-09,2.782459834852125e-09,2.782459834852125e-09,2.782459834852125e-09,2.782459834852125e-09,2.782459834852125e-09,2.782459834852125e-09,2.782459834852125e-09,2.782459834852125e-09,2.782459834852125e-09,2.782459834852125e-09,2.782459834852125e-09,2.782459834852125e-09,2.782459834852125e-09,2.782459834852125e-09,2.782459834852125e-09,2.782459834852125e-09,2.782459834852125e-09,2.782459834852125e-09,2.782459834852125e-09,2.782459834852125e-09,2.782459834852125e-09,2.782459834852125e-09,2.782459834852125e-09,2.782459834852125e-09,2.782459834852125e-09,2.782459834852125e-09,2.782459834852125e-09,2.782459834852125e-09,2.782459834852125e-09,2.782459834852125e-09,2.782459834852125e-09,2.782459834852125e-09,2.782459834852125e-09,2.782459834852125e-09,2.782459834852125e-09,2.782459834852125e-09,2.782459834852125e-09,2.782459834852125e-09,2.782459834852125e-09,2.782459834852125e-09,2.782459834852125e-09,2.782459834852125e-09,2.782459834852125e-09,2.782459834852125e-09,45.00025236755734,42.000064009632226,4.000029003183178,2.782459834852125e-09,2.782459834852125e-09,2.782459834852125e-09,2.782459834852125e-09,2.782459834852125e-09
L4HI,9.999969447294463,9.028891173878866e-09,98.99959948421001,32.00000685538099,9.028891173878866e-09,30.000196043704378,9.028891173878866e-09,173.99974289525093,9.028891173878866e-09,9.028891173878866e-09,118.99981245665309,9.028891173878866e-09,9.028891173878866e-09,9.028891173878866e-09,9.028891173878866e-09,9.028891173878866e-09,9.028891173878866e-09,9.028891173878866e-09,9.028891173878866e-09,9.028891173878866e-09,9.028891173878866e-09,9.028891173878866e-09,9.028891173878866e-09,9.028891173878866e-09,9.028891173878866e-09,9.028891173878866e-09,1.822548796423796e-09,1.822548796423796e-09,1.822548796423796e-09,1.822548796423795e-09,1.8225487964237966e-09,1.8225487964237966e-09,1.822548796423796e-09,1.8225487964237966e-09,1.822548796423795e-09,1.8225487964237966e-09,1.822548796423795e-09,1.822548796423795e-09,1.822548796423795e-09,1.822548796423795e-09,1.822548796423795e-09,1.8225487964237966e-09,1.822548796423795e-09,1.8225487964237966e-09,1.8225487964237966e-09,1.822548796423795e-09,1.822548796423796e-09,1.8225487964237966e-09,1.822548796423796e-09,1.8225487964237966e-09,1.8225487964237966e-09,1.8225487964237966e-09,9.028891173878866e-09,9.028891173878866e-09,9.028891173878866e-09,9.028891173878866e-09,9.028891173878866e-09,9.028891173878866e-09,1.822548796423796e-09,1.8225487964237966e-09,1.822548796423796e-09,1.8225487964237966e-09,1.822548796423796e-09,1.8225487964237966e-09,1.822548796423796e-09,1.8225487964237966e-09,1.822548796423796e-09,1.822548796423795e-09,1.822548796423795e-09,1.822548796423796e-09,1.822548796423796e-09,1.8225487964237966e-09,1.822548796423796e-09,1.8225487964237966e-09,1.822548796423796e-09,1.822548796423795e-09,1.822548796423796e-09,1.8225487964237966e-09,1.822548796423795e-09,1.8225487964237966e-09,1.822548796423795e-09,1.822548796423795e-09,1.822548796423795e-09,1.8225487964237966e-09,1.822548796423796e-09,1.822548796423796e-09,1.822548796423796e-09,1.8225487964237966e-09,1.822548796423796e-09,1.822548796423796e-09,1.822548796423796e-09,1.822548796423796e-09,1.822548796423796e-09,1.8225487964237966e-09,1.8225487964237966e-09,1.822548796423796e-09,1.822548796423796e-09,1.822548796423796e-09,1.822548796423796e-09,1.822548796423796e-09,1.8225487964237966e-09,1.822548796423796e-09,1.822548796423796e-09,1.822548796423795e-09,1.822548796423795e-09,1.822548796423796e-09,1.8225487964237966e-09,1.822548796423796e-09,1.822548796423795e-09,1.822548796423795e-09,1.8225487964237966e-09,1.822548796423796e-09,1.822548796423795e-09,1.8225487964237966e-09,1.8225487964237966e-09,1.822548796423795e-09,1.822548796423795e-09,1.822548796423795e-09,0.9999989110325258,-9.360610099877332e-20,-9.360610099877342e-20,1.822548796423795e-09,1.822548796423796e-09,1.8225487964237966e-09,1.822548796423796e-09,1.822548796423795e-09
L1WM,9.082077911749199e-09,9.082077911749199e-09,9.082077911749199e-09,9.082077911749199e-09,9.082077911749199e-09,9.082077911749199e-09,9.082077911749199e-09,9.082077911749199e-09,9.082077911749199e-09,9.082077911749199e-09,9.082077911749199e-09,9.082077911749199e-09,9.082077911749199e-09,31.00003325163492,9.082077911749199e-09,573.0005723990057,106.00009006623941,253.000320365908,2400.9989101712818,58.99998044552966,1423.0009923402627,43.00004154762154,818.0011867753054,404.00053165446525,360.00026396811745,2938.0018523132658,-1.0863680894141355e-10,-1.0863680894141457e-10,-1.0863680894141431e-10,-1.0863680894141432e-10,-1.0863680894141434e-10,-1.0863680894141434e-10,-1.0863680894141434e-10,-1.0863680894141435e-10,-1.0863680894141434e-10,-1.0863680894141434e-10,-1.0863680894141438e-10,-1.0863680894141438e-10,-1.0863680894141355e-10,-1.0863680894141458e-10,-1.086368089414144e-10,-1.0863680894141438e-10,-1.0863680894141355e-10,-1.0863680894141273e-10,-1.0863680894141355e-10,-1.0863680894141272e-10,-1.0863680894141273e-10,-1.0863680894141273e-10,-1.0863680894141272e-10,-1.0863680894141272e-10,-1.086368089414143e-10,-1.086368089414143e-10,9.082077911749199e-09,9.082077911749199e-09,9.082077911749199e-09,9.082077911749199e-09,9.082077911749199e-09,9.082077911749199e-09,-1.086368089414143e-10,-1.086368089414143e-10,-1.0863680894141431e-10,-1.0863680894141431e-10,-1.0863680894141432e-10,-1.0863680894141432e-10,-1.0863680894141431e-10,-1.0863680894141431e-10,-1.0863680894141432e-10,-1.0863680894141435e-10,-1.0863680894141434e-10,-1.0863680894141434e-10,-1.0863680894141432e-10,-1.0863680894141434e-10,-1.0863680894141434e-10,-1.0863680894141434e-10,-1.0863680894141436e-10,-1.0863680894141435e-10,-1.0863680894141436e-10,-1.0863680894141436e-10,-1.0863680894141438e-10,-1.0863680894141438e-10,-1.0863680894141355e-10,-1.0863680894141438e-10,-1.0863680894141439e-10,-1.0863680894141439e-10,-1.0863680894141273e-10,-1.0863680894141272e-10,-1.0863680894141272e-10,-1.0863680894141272e-10,-1.0863680894141431e-10,-1.0863680894141431e-10,-1.0863680894141431e-10,-1.0863680894141431e-10,-1.0863680894141432e-10,-1.0863680894141434e-10,-1.0863680894141431e-10,-1.0863680894141432e-10,-1.0863680894141432e-10,-1.0863680894141432e-10,-1.0863680894141434e-10,-1.0863680894141434e-10,-1.0863680894141434e-10,-1.0863680894141434e-10,-1.0863680894141435e-10,-1.0863680894141434e-10,-1.0863680894141434e-10,-1.0863680894141434e-10,-1.0863680894141435e-10,-1.0863680894141436e-10,-1.0863680894141435e-10,-1.0863680894141435e-10,-1.0863680894141435e-10,-1.0863680894141438e-10,-1.0863680894141355e-10,-1.0863680894141355e-10,-1.0863680894141458e-10,-1.0863680894141272e-10,-1.0863680894141355e-10,-1.0863680894141272e-10,6.000033614077702,6.000009109303376,2.144306190262324e-20,-1.0863680894141272e-10,-1.0863680894141273e-10,-1.0863680894141272e-10,-1.0863680894141272e-10,-1.0863680894141272e-10
L2WM,9.078548244001265e-09,9.078548244001265e-09,9.078548244001265e-09,9.078548244001265e-09,9.078548244001265e-09,9.078548244001265e-09,9.078548244001265e-09,9.078548244001265e-09,9.078548244001265e-09,9.078548244001265e-09,9.078548244001265e-09,9.078548244001265e-09,9.078548244001265e-09,9.078548244001265e-09,9.999992816558542,818.0012792889681,580.0008204988679,496.00090829522,1675.0001860335315,271.0000632891636,1638.0020676957351,144.00022049215767,1850.0037292255645,702.0013204257649,152.0001973288966,527.0006299963889,-4.635760023184511e-10,-4.6357600231845117e-10,-4.635760023184511e-10,-4.635760023184511e-10,-4.6357600231845117e-10,-4.6357600231845117e-10,-4.635760023184511e-10,-4.635760023184511e-10,-4.6357600231845117e-10,-4.635760023184511e-10,-4.635760023184511e-10,-4.635760023184511e-10,-4.635760023184511e-10,-4.635760023184511e-10,-4.635760023184511e-10,-4.635760023184511e-10,-4.635760023184511e-10,-4.635760023184511e-10,-4.635760023184511e-10,-4.635760023184511e-10,-4.635760023184511e-10,-4.635760023184511e-10,-4.635760023184511e-10,-4.635760023184511e-10,-4.635760023184511e-10,-4.635760023184511e-10,9.078548244001265e-09,9.078548244001265e-09,9.078548244001265e-09,9.078548244001265e-09,9.078548244001265e-09,9.078548244001265e-09,-4.6357600231845117e-10,-4.635760023184511e-10,-4.6357600231845117e-10,-4.6357600231845117e-10,-4.6357600231845117e-10,-4.6357600231845117e-10,-4.6357600231845117e-10,-4.6357600231845117e-10,-4.6357600231845106e-10,-4.6357600231845106e-10,-4.6357600231845117e-10,-4.6357600231845117e-10,-4.635760023184511e-10,-4.6357600231845117e-10,-4.6357600231845117e-10,-4.6357600231845117e-10,-4.6357600231845117e-10,-4.635760023184511e-10,-4.635760023184511e-10,-4.635760023184511e-10,-4.6357600231845117e-10,-4.635760023184511e-10,-4.635760023184511e-10,-4.635760023184511e-10,-4.635760023184511e-10,-4.635760023184511e-10,-4.635760023184514e-10,-4.635760023184511e-10,-4.6357600231845117e-10,-4.6357600231845117e-10,-4.635760023184511e-10,-4.635760023184511e-10,-4.6357600231845117e-10,-4.635760023184511e-10,-4.6357600231845117e-10,-4.6357600231845117e-10,-4.6357600231845117e-10,-4.6357600231845117e-10,-4.6357600231845117e-10,-4.6357600231845117e-10,-4.6357600231845106e-10,-4.6357600231845117e-10,-4.6357600231845117e-10,-4.6357600231845117e-10,-4.635760023184511e-10,-4.6357600231845117e-10,-4.6357600231845117e-10,-4.635760023184511e-10,-4.635760023184511e-10,-4.635760023184511e-10,-4.635760023184511e-10,-4.6357600231845117e-10,-4.635760023184511e-10,-4.635760023184511e-10,-4.635760023184511e-10,-4.6357600231845117e-10,-4.635760023184511e-10,-4.635760023184511e-10,-4.635760023184511e-10,-4.635760023184511e-10,89.00057365766818,82.00019363966085,6.00004852932596,-4.635760023184511e-10,-4.635760023184511e-10,-4.635760023184511e-10,-4.635760023184511e-10,-4.6357600231845117e-10
L3WM,9.064791237373345e-09,9.064791237373345e-09,9.064791237373345e-09,9.064791237373345e-09,9.064791237373345e-09,9.064791237373345e-09,9.064791237373345e-09,9.064791237373345e-09,9.064791237373345e-09,9.064791237373345e-09,9.064791237373345e-09,9.064791237373345e-09,9.064791237373345e-09,178.00047009632968,135.0000384802486,889.0022823370418,1717.0041517719073,401.00113668500404,590.000657524704,252.00031170467878,3469.007859763672,218.00055253861885,5438.016418319169,2268.006541669544,106.00024396975617,532.0011697743759,-1.2814714288449968e-09,-1.2814714288449983e-09,-1.2814714288449983e-09,-1.2814714288449983e-09,-1.2814714288449983e-09,-1.2814714288449983e-09,-1.2814714288449983e-09,-1.2814714288449983e-09,-1.2814714288449983e-09,-1.2814714288449983e-09,-1.2814714288449983e-09,-1.2814714288449983e-09,-1.2814714288449983e-09,-1.2814714288449983e-09,-1.2814714288449983e-09,-1.2814714288449983e-09,-1.2814714288449983e-09,-1.2814714288449983e-09,-1.2814714288449968e-09,-1.2814714288449968e-09,-1.2814714288449983e-09,-1.2814714288449983e-09,-1.2814714288449968e-09,-1.2814714288449968e-09,-1.2814714288449968e-09,-1.2814714288449968e-09,9.064791237373345e-09,9.064791237373345e-09,9.064791237373345e-09,9.064791237373345e-09,9.064791237373345e-09,9.064791237373345e-09,-1.2814714288449968e-09,-1.2814714288449968e-09,-1.2814714288449968e-09,-1.2814714288449968e-09,-1.2814714288449968e-09,-1.2814714288449983e-09,-1.2814714288449983e-09,-1.2814714288449983e-09,-1.2814714288449983e-09,-1.2814714288449983e-09,-1.2814714288449983e-09,-1.2814714288449983e-09,-1.2814714288449983e-09,-1.2814714288449983e-09,-1.2814714288449983e-09,-1.2814714288449983e-09,-1.2814714288449983e-09,-1.2814714288449983e-09,-1.2814714288449983e-09,-1.2814714288449983e-09,-1.2814714288449983e-09,-1.2814714288449983e-09,-1.2814714288449983e-09,-1.2814714288449983e-09,-1.2814714288449968e-09,-1.2814714288449968e-09,-1.2814714288449968e-09,-1.2814714288449983e-09,-1.2814714288449968e-09,-1.2814714288449968e-09,-1.2814714288449983e-09,-1.2814714288449968e-09,-1.2814714288449968e-09,-1.2814714288449968e-09,-1.2814714288449968e-09,-1.2814714288449968e-09,-1.2814714288449983e-09,-1.2814714288449968e-09,-1.2814714288449983e-09,-1.2814714288449983e-09,-1.2814714288449983e-09,-1.2814714288449983e-09,-1.2814714288449983e-09,-1.2814714288449983e-09,-1.2814714288449983e-09,-1.2814714288449983e-09,-1.2814714288449983e-09,-1.2814714288449983e-09,-1.2814714288449983e-09,-1.2814714288449968e-09,-1.2814714288449983e-09,-1.2814714288449983e-09,-1.2814714288449968e-09,-1.2814714288449968e-09,-1.2814714288449983e-09,-1.2814714288449968e-09,-1.2814714288449983e-09,-1.2814714288449968e-09,-1.2814714288449968e-09,-1.2814714288449968e-09,313.002486218307,290.00111912475074,22.00021088806545,-1.2814714288449968e-09,-1.2814714288449968e-09,-1.2814714288449968e-09,-1.2814714288449968e-09,-1.2814714288449968e-09
L4WM,9.031994202167919e-09,9.031994202167919e-09,9.031994202167919e-09,9.031994202167919e-09,9.031994202167919e-09,9.031994202167919e-09,9.031994202167919e-09,9.031994202167919e-09,9.031994202167919e-09,9.031994202167919e-09,9.031994202167919e-09,9.031994202167919e-09,9.031994202167919e-09,223.00052962154885,90.00000171300715,662.001523462047,1963.0042244395067,513.0013177019581,468.0003970713074,93.00009029533767,2128.0042553797502,146.00033121191427,1227.003378148384,818.002141792191,9.031994202167919e-09,12.000023193816496,-2.6696847541007203e-09,-2.6696847541007203e-09,-2.6696847541007203e-09,-2.6696847541007203e-09,-2.6696847541007203e-09,-2.6696847541007203e-09,-2.6696847541007203e-09,-2.6696847541007203e-09,-2.6696847541007203e-09,-2.6696847541007203e-09,-2.6696847541007203e-09,-2.6696847541007203e-09,-2.6696847541007203e-09,-2.6696847541007203e-09,-2.6696847541007203e-09,-2.6696847541007203e-09,-2.6696847541007203e-09,-2.6696847541007203e-09,-2.6696847541007203e-09,-2.6696847541007203e-09,-2.6696847541007203e-09,-2.6696847541007203e-09,-2.6696847541007203e-09,-2.6696847541007203e-09,-2.6696847541007203e-09,-2.6696847541007203e-09,9.031994202167919e-09,9.031994202167919e-09,9.031994202167919e-09,9.031994202167919e-09,9.031994202167919e-09,9.031994202167919e-09,-2.6696847541007203e-09,-2.6696847541007203e-09,-2.6696847541007203e-09,-2.6696847541007203e-09,-2.6696847541007203e-09,-2.6696847541007203e-09,-2.6696847541007203e-09,-2.6696847541007203e-09,-2.6696847541007203e-09,-2.6696847541007203e-09,-2.6696847541007203e-09,-2.6696847541007203e-09,-2.6696847541007203e-09,-2.6696847541007203e-09,-2.6696847541007203e-09,-2.6696847541007203e-09,-2.6696847541007203e-09,-2.6696847541007203e-09,-2.6696847541007203e-09,-2.6696847541007203e-09,-2.6696847541007203e-09,-2.6696847541007203e-09,-2.6696847541007203e-09,-2.6696847541007203e-09,-2.6696847541007203e-09,-2.6696847541007203e-09,-2.6696847541007203e-09,-2.6696847541007203e-09,-2.6696847541007203e-09,-2.6696847541007203e-09,-2.6696847541007203e-09,-2.6696847541007203e-09,-2.6696847541007203e-09,-2.6696847541007203e-09,-2.6696847541007203e-09,-2.6696847541007203e-09,-2.6696847541007203e-09,-2.6696847541007203e-09,-2.6696847541007203e-09,-2.6696847541007203e-09,-2.6696847541007203e-09,-2.6696847541007203e-09,-2.6696847541007203e-09,-2.6696847541007203e-09,-2.6696847541007203e-09,-2.6696847541007203e-09,-2.6696847541007203e-09,-2.6696847541007203e-09,-2.6696847541007203e-09,-2.6696847541007203e-09,-2.6696847541007203e-09,-2.6696847541007203e-09,-2.6696847541007203e-09,-2.6696847541007203e-09,-2.6696847541007203e-09,-2.6696847541007203e-09,-2.6696847541007203e-09,-2.6696847541007203e-09,-2.6696847541007203e-09,-2.6696847541007203e-09,131.00098854740307,121.00041890519304,9.0000826991497,-2.6696847541007203e-09,-2.6696847541007203e-09,-2.6696847541007203e-09,-2.6696847541007203e-09,-2.6696847541007203e-09
L1BM,9.104171523568075e-09,9.104171523568075e-09,9.104171523568075e-09,9.104171523568075e-09,9.104171523568075e-09,9.104171523568075e-09,9.104171523568075e-09,9.104171523568075e-09,9.104171523568075e-09,9.104171523568075e-09,9.104171523568075e-09,9.104171523568075e-09,9.104171523568075e-09,17.000038208189938,9.104171523568075e-09,9.104171523568075e-09,9.104171523568075e-09,9.104171523568075e-09,326.0002350457465,19.000016026003134,536.0010035338463,9.104171523568075e-09,253.00066431049592,363.0009041908506,9.104171523568075e-09,569.0010272578896,-2.142992749932648e-11,-2.1429927499327186e-11,-2.1429927499326485e-11,-2.142992749932648e-11,-2.142992749932718e-11,-2.14299274993265e-11,-2.1429927499327154e-11,-2.14299274993265e-11,-2.1429927499326524e-11,-2.1429927499327173e-11,-2.1429927499326524e-11,-2.142992749932655e-11,-2.1429927499326524e-11,-2.1429927499326524e-11,-2.1429927499327144e-11,-2.1429927499327173e-11,-2.1429927499327173e-11,-2.1429927499327154e-11,-2.14299274993265e-11,-2.14299274993265e-11,-2.1429927499327164e-11,-2.142992749932718e-11,-2.1429927499327167e-11,-2.1429927499327167e-11,-2.142992749932717e-11,-2.1429927499327154e-11,9.104171523568075e-09,9.104171523568075e-09,9.104171523568075e-09,9.104171523568075e-09,9.104171523568075e-09,9.104171523568075e-09,-2.142992749932716e-11,-2.1429927499327154e-11,-2.1429927499327157e-11,-2.142992749932716e-11,-2.142992749932716e-11,-2.14299274993265e-11,-2.1429927499327154e-11,-2.142992749932648e-11,-2.142992749932715e-11,-2.1429927499326508e-11,-2.142992749932716e-11,-2.14299274993265e-11,-2.1429927499326485e-11,-2.142992749932716e-11,-2.1429927499327186e-11,-2.142992749932718e-11,-2.1429927499327173e-11,-2.1429927499326534e-11,-2.142992749932652e-11,-2.1429927499326524e-11,-2.142992749932654e-11,-2.142992749932716e-11,-2.1429927499327167e-11,-2.14299274993265e-11,-2.142992749932716e-11,-2.142992749932653e-11,-2.142992749932716e-11,-2.142992749932716e-11,-2.142992749932716e-11,-2.142992749932718e-11,-2.1429927499327157e-11,-2.1429927499327157e-11,-2.1429927499327154e-11,-2.1429927499327154e-11,-2.14299274993265e-11,-2.1429927499327154e-11,-2.1429927499326485e-11,-2.142992749932718e-11,-2.14299274993265e-11,-2.1429927499326485e-11,-2.1429927499326472e-11,-2.142992749932715e-11,-2.14299274993265e-11,-2.1429927499327154e-11,-2.1429927499326485e-11,-2.142992749932648e-11,-2.1429927499327173e-11,-2.142992749932716e-11,-2.14299274993265e-11,-2.14299274993265e-11,-2.1429927499327167e-11,-2.142992749932716e-11,-2.142992749932716e-11,-2.1429927499326485e-11,-2.14299274993265e-11,-2.14299274993265e-11,-2.1429927499326485e-11,-2.14299274993265e-11,-2.142992749932716e-11,-2.14299274993265e-11,2.3371637913574e-20,2.3371637913574e-20,2.3371637913574e-20,-2.1429927499327154e-11,-2.14299274993265e-11,-2.14299274993265e-11,-2.1429927499326485e-11,-2.1429927499326472e-11
L2BM,9.081195864940036e-09,9.081195864940036e-09,9.081195864940036e-09,9.081195864940036e-09,9.081195864940036e-09,9.081195864940036e-09,9.081195864940036e-09,9.081195864940036e-09,9.081195864940036e-09,9.081195864940036e-09,9.081195864940036e-09,9.081195864940036e-09,9.081195864940036e-09,9.081195864940036e-09,9.081195864940036e-09,149.00023620201503,9.081195864940036e-09,9.081195864940036e-09,1943.0002572342437,75.00001911485995,475.0006097361167,87.00013506932848,609.0012406079578,841.0015998123234,98.00012931510604,635.0007726454819,-4.895171856452849e-10,-4.895171856452849e-10,-4.895171856452849e-10,-4.895171856452849e-10,-4.895171856452849e-10,-4.895171856452849e-10,-4.895171856452849e-10,-4.895171856452849e-10,-4.895171856452849e-10,-4.895171856452849e-10,-4.895171856452849e-10,-4.895171856452849e-10,-4.895171856452849e-10,-4.895171856452853e-10,-4.895171856452849e-10,-4.895171856452849e-10,-4.895171856452849e-10,-4.895171856452849e-10,-4.895171856452849e-10,-4.895171856452849e-10,-4.895171856452849e-10,-4.895171856452849e-10,-4.895171856452849e-10,-4.895171856452849e-10,-4.895171856452853e-10,-4.895171856452849e-10,9.081195864940036e-09,9.081195864940036e-09,9.081195864940036e-09,9.081195864940036e-09,9.081195864940036e-09,9.081195864940036e-09,-4.895171856452849e-10,-4.895171856452849e-10,-4.895171856452849e-10,-4.895171856452849e-10,-4.895171856452849e-10,-4.895171856452849e-10,-4.895171856452849e-10,-4.895171856452849e-10,-4.895171856452849e-10,-4.895171856452849e-10,-4.895171856452849e-10,-4.895171856452849e-10,-4.895171856452849e-10,-4.895171856452849e-10,-4.895171856452849e-10,-4.895171856452849e-10,-4.895171856452849e-10,-4.895171856452849e-10,-4.895171856452853e-10,-4.895171856452853e-10,-4.895171856452849e-10,-4.895171856452849e-10,-4.895171856452853e-10,-4.895171856452849e-10,-4.895171856452849e-10,-4.895171856452849e-10,-4.895171856452849e-10,-4.895171856452849e-10,-4.895171856452849e-10,-4.895171856452849e-10,-4.895171856452849e-10,-4.895171856452849e-10,-4.895171856452849e-10,-4.895171856452849e-10,-4.895171856452849e-10,-4.895171856452849e-10,-4.895171856452849e-10,-4.895171856452849e-10,-4.895171856452849e-10,-4.895171856452849e-10,-4.895171856452849e-10,-4.895171856452849e-10,-4.895171856452849e-10,-4.895171856452849e-10,-4.895171856452849e-10,-4.895171856452849e-10,-4.895171856452849e-10,-4.895171856452849e-10,-4.895171856452849e-10,-4.895171856452849e-10,-4.895171856452849e-10,-4.895171856452849e-10,-4.895171856452849e-10,-4.895171856452849e-10,-4.895171856452849e-10,-4.895171856452849e-10,-4.895171856452849e-10,-4.895171856452849e-10,-4.895171856452849e-10,-4.895171856452849e-10,73.00047285173339,68.00016274360964,5.0000406002513795,-4.895171856452849e-10,-4.895171856452849e-10,-4.895171856452849e-10,-4.895171856452849e-10,-4.895171856452849e-10
L3BM,9.113357894851585e-09,9.113357894851585e-09,9.113357894851585e-09,9.113357894851585e-09,9.113357894851585e-09,9.113357894851585e-09,9.113357894851585e-09,9.113357894851585e-09,9.113357894851585e-09,9.113357894851585e-09,9.113357894851585e-09,9.113357894851585e-09,9.113357894851585e-09,9.113357894851585e-09,36.00013112271738,51.00030215331209,378.00218306505275,245.0015170138661,198.00088539863188,119.00054670805669,524.0029464415189,9.113357894851585e-09,472.0030096850448,567.0035389880907,9.113357894851585e-09,9.113357894851585e-09,-9.008456572544581e-10,-9.008456572544578e-10,-9.008456572544579e-10,-9.008456572544581e-10,-9.008456572544578e-10,-9.008456572544578e-10,-9.008456572544578e-10,-9.008456572544581e-10,-9.008456572544578e-10,-9.008456572544578e-10,-9.008456572544581e-10,-9.008456572544581e-10,-9.008456572544578e-10,-9.008456572544581e-10,-9.008456572544578e-10,-9.00845657254458e-10,-9.008456572544582e-10,-9.008456572544582e-10,-9.008456572544575e-10,-9.008456572544575e-10,-9.008456572544582e-10,-9.008456572544581e-10,-9.008456572544581e-10,-9.008456572544581e-10,-9.008456572544578e-10,-9.008456572544578e-10,9.113357894851585e-09,9.113357894851585e-09,9.113357894851585e-09,9.113357894851585e-09,9.113357894851585e-09,9.113357894851585e-09,-9.008456572544579e-10,-9.008456572544581e-10,-9.008456572544578e-10,-9.008456572544578e-10,-9.008456572544581e-10,-9.008456572544579e-10,-9.008456572544579e-10,-9.008456572544578e-10,-9.008456572544581e-10,-9.008456572544578e-10,-9.008456572544579e-10,-9.008456572544578e-10,-9.008456572544581e-10,-9.008456572544581e-10,-9.008456572544579e-10,-9.008456572544578e-10,-9.008456572544581e-10,-9.008456572544581e-10,-9.008456572544578e-10,-9.00845657254458e-10,-9.008456572544578e-10,-9.008456572544578e-10,-9.008456572544582e-10,-9.008456572544582e-10,-9.008456572544575e-10,-9.008456572544579e-10,-9.008456572544581e-10,-9.008456572544581e-10,-9.008456572544581e-10,-9.008456572544579e-10,-9.008456572544581e-10,-9.008456572544581e-10,-9.008456572544581e-10,-9.008456572544581e-10,-9.008456572544579e-10,-9.008456572544581e-10,-9.008456572544581e-10,-9.008456572544581e-10,-9.008456572544578e-10,-9.008456572544578e-10,-9.008456572544581e-10,-9.008456572544579e-10,-9.008456572544578e-10,-9.008456572544578e-10,-9.008456572544581e-10,-9.008456572544581e-10,-9.008456572544578e-10,-9.008456572544579e-10,-9.008456572544581e-10,-9.008456572544581e-10,-9.008456572544581e-10,-9.008456572544581e-10,-9.008456572544581e-10,-9.008456572544581e-10,-9.008456572544581e-10,-9.008456572544578e-10,-9.008456572544581e-10,-9.008456572544581e-10,-9.008456572544581e-10,-9.008456572544578e-10,77.00099746308703,71.00062976339598,5.000072983529928,-9.008456572544581e-10,-9.008456572544578e-10,-9.008456572544578e-10,-9.00845657254458e-10,-9.008456572544578e-10
L4BM,9.02060541385427e-09,9.02060541385427e-09,9.02060541385427e-09,9.02060541385427e-09,9.02060541385427e-09,9.02060541385427e-09,9.02060541385427e-09,9.02060541385427e-09,9.02060541385427e-09,9.02060541385427e-09,9.02060541385427e-09,9.02060541385427e-09,9.02060541385427e-09,32.00012806131296,9.02060541385427e-09,19.000074636437862,140.00052905488926,9.02060541385427e-09,239.00059161390487,27.000070141864427,288.0010444721543,9.02060541385427e-09,315.00137973442537,127.00053914799001,9.02060541385427e-09,9.02060541385427e-09,-2.94335695165048e-09,-2.9433569516504796e-09,-2.9433569516504796e-09,-2.94335695165048e-09,-2.94335695165048e-09,-2.94335695165048e-09,-2.94335695165048e-09,-2.94335695165048e-09,-2.94335695165048e-09,-2.94335695165048e-09,-2.94335695165048e-09,-2.94335695165048e-09,-2.9433569516504796e-09,-2.94335695165048e-09,-2.9433569516504796e-09,-2.9433569516504796e-09,-2.9433569516504796e-09,-2.94335695165048e-09,-2.9433569516504796e-09,-2.9433569516504796e-09,-2.9433569516504796e-09,-2.9433569516504796e-09,-2.94335695165048e-09,-2.94335695165048e-09,-2.94335695165048e-09,-2.94335695165048e-09,9.02060541385427e-09,9.02060541385427e-09,9.02060541385427e-09,9.02060541385427e-09,9.02060541385427e-09,9.02060541385427e-09,-2.94335695165048e-09,-2.94335695165048e-09,-2.94335695165048e-09,-2.94335695165048e-09,-2.94335695165048e-09,-2.94335695165048e-09,-2.94335695165048e-09,-2.9433569516504796e-09,-2.9433569516504796e-09,-2.94335695165048e-09,-2.94335695165048e-09,-2.94335695165048e-09,-2.9433569516504796e-09,-2.94335695165048e-09,-2.94335695165048e-09,-2.9433569516504796e-09,-2.94335695165048e-09,-2.94335695165048e-09,-2.94335695165048e-09,-2.9433569516504796e-09,-2.94335695165048e-09,-2.94335695165048e-09,-2.94335695165048e-09,-2.94335695165048e-09,-2.9433569516504796e-09,-2.94335695165048e-09,-2.94335695165048e-09,-2.94335695165048e-09,-2.9433569516504796e-09,-2.9433569516504796e-09,-2.94335695165048e-09,-2.94335695165048e-09,-2.94335695165048e-09,-2.94335695165048e-09,-2.94335695165048e-09,-2.94335695165048e-09,-2.94335695165048e-09,-2.94335695165048e-09,-2.94335695165048e-09,-2.94335695165048e-09,-2.94335695165048e-09,-2.9433569516504796e-09,-2.9433569516504796e-09,-2.9433569516504796e-09,-2.94335695165048e-09,-2.94335695165048e-09,-2.94335695165048e-09,-2.94335695165048e-09,-2.94335695165048e-09,-2.94335695165048e-09,-2.94335695165048e-09,-2.94335695165048e-09,-2.94335695165048e-09,-2.94335695165048e-09,-2.94335695165048e-09,-2.94335695165048e-09,-2.9433569516504796e-09,-2.9433569516504796e-09,-2.9433569516504796e-09,-2.94335695165048e-09,48.000478772778735,44.0002591725831,3.000034851203749,-2.94335695165048e-09,-2.94335695165048e-09,-2.94335695165048e-09,-2.94335695165048e-09,-2.94335695165048e-09
L1HM,9.070607444645756e-09,9.070607444645756e-09,9.070607444645756e-09,9.070607444645756e-09,9.070607444645756e-09,9.070607444645756e-09,9.070607444645756e-09,9.070607444645756e-09,9.070607444645756e-09,9.070607444645756e-09,9.070607444645756e-09,9.070607444645756e-09,9.070607444645756e-09,19.000013588151486,14.999975388280005,230.00014754124012,90.00004429926597,9.070607444645756e-09,1307.9989387239207,5.999995866607702,851.0002892468127,25.00001521890692,746.0008156449961,344.0003297270258,380.00014279540227,1954.0005334421464,-8.400831691610197e-11,-8.400831691610081e-11,-8.400831691610077e-11,-8.400831691610077e-11,-8.400831691610077e-11,-8.400831691610077e-11,-8.400831691610076e-11,-8.400831691610076e-11,-8.400831691610076e-11,-8.400831691610076e-11,-8.400831691610074e-11,-8.400831691610076e-11,-8.400831691610076e-11,-8.400831691610074e-11,-8.400831691610202e-11,-8.400831691610078e-11,-8.400831691610195e-11,-8.400831691610078e-11,-8.400831691610202e-11,-8.400831691610201e-11,-8.400831691610205e-11,-8.400831691610205e-11,-8.400831691610205e-11,-8.400831691610205e-11,-8.400831691610081e-11,-8.40083169161008e-11,9.070607444645756e-09,9.070607444645756e-09,9.070607444645756e-09,9.070607444645756e-09,9.070607444645756e-09,9.070607444645756e-09,-8.400831691610078e-11,-8.400831691610081e-11,-8.40083169161008e-11,-8.400831691610078e-11,-8.400831691610077e-11,-8.400831691610077e-11,-8.400831691610077e-11,-8.400831691610078e-11,-8.400831691610077e-11,-8.400831691610077e-11,-8.400831691610077e-11,-8.400831691610076e-11,-8.400831691610076e-11,-8.400831691610108e-11,-8.400831691610076e-11,-8.400831691610074e-11,-8.400831691610074e-11,-8.400831691610108e-11,-8.400831691610108e-11,-8.400831691610108e-11,-8.400831691610107e-11,-8.400831691610078e-11,-8.400831691610107e-11,-8.400831691610078e-11,-8.400831691610202e-11,-8.400831691610202e-11,-8.400831691610205e-11,-8.400831691610205e-11,-8.400831691610205e-11,-8.400831691610205e-11,-8.40083169161008e-11,-8.400831691610078e-11,-8.400831691610078e-11,-8.400831691610078e-11,-8.400831691610078e-11,-8.400831691610078e-11,-8.400831691610077e-11,-8.400831691610077e-11,-8.400831691610078e-11,-8.400831691610077e-11,-8.400831691610076e-11,-8.400831691610076e-11,-8.400831691610076e-11,-8.400831691610076e-11,-8.400831691610076e-11,-8.400831691610076e-11,-8.400831691610107e-11,-8.400831691610108e-11,-8.400831691610108e-11,-8.400831691610105e-11,-8.400831691610108e-11,-8.400831691610108e-11,-8.400831691610195e-11,-8.400831691610196e-11,-8.4008316916102e-11,-8.400831691610206e-11,-8.4008316916102e-11,-8.400831691610205e-11,-8.400831691610195e-11,-8.400831691610201e-11,4.000020275241225,4.000003938733722,2.2207801638344284e-20,-8.4008316916102e-11,-8.400831691610202e-11,-8.400831691610197e-11,-8.400831691610197e-11,-8.400831691610197e-11
L2HM,9.060417037261969e-09,9.060417037261969e-09,9.060417037261969e-09,9.060417037261969e-09,9.060417037261969e-09,9.060417037261969e-09,9.060417037261969e-09,9.060417037261969e-09,9.060417037261969e-09,9.060417037261969e-09,9.060417037261969e-09,9.060417037261969e-09,9.060417037261969e-09,44.00004619420305,218.99971396853732,861.000840496156,385.0003183628044,9.060417037261969e-09,556.9997344940948,41.99998512373428,1152.0007771308528,7.0000066042103635,567.0008097102449,443.0005728925905,21.00001492007261,1799.0010932565172,-4.2814990258142455e-10,-4.281499025814247e-10,-4.281499025814248e-10,-4.281499025814248e-10,-4.281499025814247e-10,-4.281499025814247e-10,-4.281499025814247e-10,-4.281499025814248e-10,-4.281499025814247e-10,-4.281499025814247e-10,-4.281499025814247e-10,-4.281499025814248e-10,-4.2814990258142466e-10,-4.2814990258142466e-10,-4.281499025814248e-10,-4.281499025814248e-10,-4.2814990258142466e-10,-4.2814990258142466e-10,-4.2814990258142455e-10,-4.2814990258142455e-10,-4.2814990258142466e-10,-4.281499025814246e-10,-4.2814990258142455e-10,-4.2814990258142455e-10,-4.281499025814246e-10,-4.281499025814246e-10,9.060417037261969e-09,9.060417037261969e-09,9.060417037261969e-09,9.060417037261969e-09,9.060417037261969e-09,9.060417037261969e-09,-4.281499025814246e-10,-4.2814990258142455e-10,-4.281499025814247e-10,-4.2814990258142466e-10,-4.281499025814248e-10,-4.281499025814248e-10,-4.281499025814247e-10,-4.281499025814247e-10,-4.281499025814248e-10,-4.281499025814248e-10,-4.2814990258142466e-10,-4.281499025814248e-10,-4.281499025814248e-10,-4.2814990258142466e-10,-4.2814990258142466e-10,-4.281499025814247e-10,-4.281499025814248e-10,-4.281499025814248e-10,-4.2814990258142466e-10,-4.281499025814246e-10,-4.2814990258142466e-10,-4.2814990258142466e-10,-4.2814990258142466e-10,-4.2814990258142466e-10,-4.2814990258142455e-10,-4.2814990258142455e-10,-4.281499025814246e-10,-4.281499025814246e-10,-4.2814990258142455e-10,-4.2814990258142455e-10,-4.281499025814246e-10,-4.281499025814246e-10,-4.281499025814246e-10,-4.2814990258142455e-10,-4.281499025814247e-10,-4.2814990258142466e-10,-4.281499025814248e-10,-4.2814990258142466e-10,-4.2814990258142466e-10,-4.2814990258142466e-10,-4.281499025814248e-10,-4.281499025814248e-10,-4.281499025814247e-10,-4.281499025814248e-10,-4.2814990258142466e-10,-4.281499025814248e-10,-4.2814990258142466e-10,-4.281499025814247e-10,-4.281499025814247e-10,-4.281499025814248e-10,-4.281499025814248e-10,-4.2814990258142466e-10,-4.281499025814248e-10,-4.2814990258142455e-10,-4.2814990258142466e-10,-4.2814990258142466e-10,-4.281499025814248e-10,-4.2814990258142455e-10,-4.281499025814246e-10,-4.281499025814246e-10,18.000100230629727,16.00002374783044,1.0000072109961045,-4.2814990258142466e-10,-4.2814990258142466e-10,-4.281499025814246e-10,-4.2814990258142455e-10,-4.281499025814246e-10
L3HM,9.046954647892547e-09,9.046954647892547e-09,9.046954647892547e-09,9.046954647892547e-09,9.046954647892547e-09,9.046954647892547e-09,9.046954647892547e-09,9.046954647892547e-09,9.046954647892547e-09,9.046954647892547e-09,9.046954647892547e-09,9.046954647892547e-09,9.046954647892547e-09,62.00012435644581,86.99996953250297,1606.003102899304,354.0006311101508,200.0004398768664,111.00005319210248,153.00009205745766,399.00065055883476,381.00072364831084,1340.003194481786,612.0013764445323,83.00013830789649,84.00013134095576,-1.2230735799954927e-09,-1.2230735799954923e-09,-1.223073579995493e-09,-1.2230735799954925e-09,-1.2230735799954925e-09,-1.223073579995493e-09,-1.223073579995493e-09,-1.2230735799954923e-09,-1.2230735799954925e-09,-1.2230735799954925e-09,-1.2230735799954927e-09,-1.2230735799954925e-09,-1.2230735799954925e-09,-1.2230735799954927e-09,-1.2230735799954925e-09,-1.2230735799954925e-09,-1.2230735799954925e-09,-1.2230735799954927e-09,-1.2230735799954925e-09,-1.2230735799954925e-09,-1.2230735799954927e-09,-1.2230735799954925e-09,-1.2230735799954925e-09,-1.2230735799954925e-09,-1.2230735799954925e-09,-1.2230735799954925e-09,9.046954647892547e-09,9.046954647892547e-09,9.046954647892547e-09,9.046954647892547e-09,9.046954647892547e-09,9.046954647892547e-09,-1.2230735799954925e-09,-1.2230735799954925e-09,-1.2230735799954925e-09,-1.2230735799954925e-09,-1.2230735799954925e-09,-1.2230735799954925e-09,-1.2230735799954927e-09,-1.2230735799954927e-09,-1.2230735799954927e-09,-1.223073579995493e-09,-1.2230735799954925e-09,-1.2230735799954927e-09,-1.2230735799954927e-09,-1.2230735799954925e-09,-1.2230735799954925e-09,-1.2230735799954927e-09,-1.2230735799954925e-09,-1.2230735799954925e-09,-1.223073579995493e-09,-1.2230735799954927e-09,-1.2230735799954923e-09,-1.2230735799954927e-09,-1.2230735799954925e-09,-1.223073579995493e-09,-1.2230735799954925e-09,-1.2230735799954927e-09,-1.2230735799954925e-09,-1.2230735799954927e-09,-1.2230735799954925e-09,-1.223073579995493e-09,-1.2230735799954923e-09,-1.2230735799954925e-09,-1.2230735799954925e-09,-1.223073579995493e-09,-1.2230735799954925e-09,-1.223073579995493e-09,-1.2230735799954927e-09,-1.223073579995493e-09,-1.2230735799954927e-09,-1.2230735799954925e-09,-1.2230735799954925e-09,-1.2230735799954925e-09,-1.2230735799954923e-09,-1.2230735799954925e-09,-1.2230735799954925e-09,-1.2230735799954925e-09,-1.2230735799954927e-09,-1.2230735799954927e-09,-1.2230735799954925e-09,-1.2230735799954925e-09,-1.2230735799954927e-09,-1.2230735799954925e-09,-1.2230735799954925e-09,-1.2230735799954925e-09,-1.2230735799954925e-09,-1.2230735799954923e-09,-1.2230735799954925e-09,-1.2230735799954925e-09,-1.2230735799954927e-09,-1.2230735799954925e-09,91.00063655073056,84.0002445179714,7.000060463851703,-1.2230735799954925e-09,-1.2230735799954927e-09,-1.2230735799954925e-09,-1.2230735799954927e-09,-1.2230735799954927e-09
L4HM,9.020562435518859e-09,9.020562435518859e-09,9.020562435518859e-09,9.020562435518859e-09,9.020562435518859e-09,9.020562435518859e-09,9.020562435518859e-09,9.020562435518859e-09,9.020562435518859e-09,9.020562435518859e-09,9.020562435518859e-09,9.020562435518859e-09,9.020562435518859e-09,45.00007071102545,9.020562435518859e-09,669.0010019438005,432.0005825105833,9.020562435518859e-09,135.00000605013147,9.020562435518859e-09,536.0006410991094,9.020562435518859e-09,9.020562435518859e-09,328.0005952213586,9.020562435518859e-09,9.020562435518859e-09,-2.056407204998556e-09,-2.056407204998556e-09,-2.0564072049985555e-09,-2.0564072049985555e-09,-2.056407204998556e-09,-2.056407204998556e-09,-2.056407204998556e-09,-2.056407204998556e-09,-2.0564072049985555e-09,-2.0564072049985555e-09,-2.056407204998556e-09,-2.0564072049985555e-09,-2.0564072049985555e-09,-2.056407204998556e-09,-2.0564072049985555e-09,-2.0564072049985555e-09,-2.056407204998556e-09,-2.056407204998556e-09,-2.056407204998556e-09,-2.0564072049985555e-09,-2.056407204998556e-09,-2.056407204998556e-09,-2.0564072049985555e-09,-2.0564072049985555e-09,-2.056407204998556e-09,-2.056407204998556e-09,9.020562435518859e-09,9.020562435518859e-09,9.020562435518859e-09,9.020562435518859e-09,9.020562435518859e-09,9.020562435518859e-09,-2.0564072049985555e-09,-2.056407204998556e-09,-2.056407204998556e-09,-2.056407204998556e-09,-2.056407204998556e-09,-2.0564072049985555e-09,-2.056407204998556e-09,-2.056407204998556e-09,-2.056407204998556e-09,-2.056407204998556e-09,-2.0564072049985555e-09,-2.056407204998556e-09,-2.056407204998556e-09,-2.056407204998556e-09,-2.056407204998556e-09,-2.0564072049985555e-09,-2.056407204998556e-09,-2.056407204998556e-09,-2.056407204998556e-09,-2.0564072049985555e-09,-2.056407204998556e-09,-2.056407204998556e-09,-2.0564072049985555e-09,-2.0564072049985555e-09,-2.056407204998556e-09,-2.056407204998556e-09,-2.0564072049985555e-09,-2.056407204998556e-09,-2.056407204998556e-09,-2.0564072049985555e-09,-2.056407204998556e-09,-2.056407204998556e-09,-2.056407204998556e-09,-2.056407204998556e-09,-2.056407204998556e-09,-2.056407204998556e-09,-2.0564072049985555e-09,-2.056407204998556e-09,-2.0564072049985555e-09,-2.056407204998556e-09,-2.056407204998556e-09,-2.0564072049985555e-09,-2.056407204998556e-09,-2.0564072049985555e-09,-2.056407204998556e-09,-2.0564072049985555e-09,-2.0564072049985555e-09,-2.056407204998556e-09,-2.056407204998556e-09,-2.0564072049985555e-09,-2.0564072049985555e-09,-2.056407204998556e-09,-2.0564072049985555e-09,-2.056407204998556e-09,-2.056407204998556e-09,-2.056407204998556e-09,-2.056407204998556e-09,-2.056407204998556e-09,-2.0564072049985555e-09,-2.0564072049985555e-09,2.9059405065330984e-20,2.905940506533096e-20,2.905940506533096e-20,-2.0564072049985555e-09,-2.0564072049985555e-09,-2.0564072049985555e-09,-2.0564072049985555e-09,-2.056407204998556e-09
