dummy,AG_MIA,UTILA,CONSTA,MANUA,WHOLEA,RETAILA,TRANSA,INFOA,FINANCEA,REALEA,PRO_MANA,ADMINA,EDUA,HEALTHA,ARTA,ACCOA,OTHERA,AG_MIB,UTILB,CONSTB,MANUB,WHOLEB,RETAILB,TRANSB,INFOB,FINANCEB,REALEB,PRO_MANB,ADMINB,EDUB,HEALTHB,ARTB,ACCOB,OTHERB,L1WA,L2WA,L3WA,L4WA,L1BA,L2BA,L3BA,L4BA,L1IA,L2IA,L3IA,L4IA,L1WB,L2WB,L3WB,L4WB,L1BB,L2BB,L3BB,L4BB,L1IB,L2IB,L3IB,L4IB,KAP,INVES,HS1A,HS2A,HS3A,HS4A,HS1B,HS2B,HS3B,HS4B,HH1WA,HH2WA,HH3WA,HH4WA,HH5WA,HH1BA,HH2BA,HH3BA,HH4BA,HH5BA,HH1IA,HH2IA,HH3IA,HH4IA,HH5IA,HH1WB,HH2WB,HH3WB,HH4WB,HH5WB,HH1BB,HH2BB,HH3BB,HH4BB,HH5BB,HH1IB,HH2IB,HH3IB,HH4IB,HH5IB,USSOC1WA,USSOC2WA,USSOC3WA,USSOC4WA,USSOC1BA,USSOC2BA,USSOC3BA,USSOC4BA,USSOC1IA,USSOC2IA,USSOC3IA,USSOC4IA,USSOC1WB,USSOC2WB,USSOC3WB,USSOC4WB,USSOC1BB,USSOC2BB,USSOC3BB,USSOC4BB,USSOC1IB,USSOC2IB,USSOC3IB,USSOC4IB,PROTAX,LOCSTX,NCSTX,COUNTYSTX,NCITX,USPIT,OTX,CYGF,COUNTY,STATE,FED,OUT1,OUT2,OUT3,OUT4,ROW
AG_MIA,5.047664285,0.633281274,0.534327423,5.426592638,0.00177448,0.05466701,0.019805552,0.001071555,0.000837933,0.019393449,0.013724042,0.056980207,0.067472854,0.023152713,0.004764348,0.180888046,0.004964613,0,0,0,0,0,0,0,0,0,0,0,0,0,0,0,0,0,0,0,0,0,0,0,0,0,0,0,0,0,0,0,0,0,0,0,0,0,0,0,0,0,0,5.9262508,0,0,0,0,0,0,0,0,0.025389997,0.031915042,0.145726765,0.179455644,0.148251264,0.020942704,0.023267404,0.052091083,0.034029676,0.016224924,0.005377181,0.007978761,0.015035867,0.020068784,0.012089159,0,0,0,0,0,0,0,0,0,0,0,0,0,0,0,0,0,0,0,0,0,0,0,0,0,0,0,0,0,0,0,0,0,0,0,0,0,0,0,0,0,0,0,0,0,0,0,0.523058108,0.446763463,0.934271766,0,0,0,0,25.04101138
UTILA,0.348882593,15.43896838,0.168088445,2.099575708,0.365610844,3.715444839,0.189521368,0.100304406,0.050602004,0.338526597,0.269145734,0.257715625,2.478683538,1.690806075,0.100616372,2.600258152,0.50749684,0,0,0,0,0,0,0,0,0,0,0,0,0,0,0,0,0,0,0,0,0,0,0,0,0,0,0,0,0,0,0,0,0,0,0,0,0,0,0,0,0,0,43.40170585,0,0,0,0,0,0,0,0,0.194590581,0.276764857,1.048022473,1.095182193,0.717081609,0.160506243,0.201773181,0.374623192,0.207676364,0.078478889,0.041211062,0.069191214,0.10813337,0.122475804,0.058474466,0,0,0,0,0,0,0,0,0,0,0,0,0,0,0,0,0,0,0,0,0,0,0,0,0,0,0,0,0,0,0,0,0,0,0,0,0,0,0,0,0,0,0,0,0,0,0,1.446324025,1.235359359,2.583383526,0,0,0,0,19.25159729
CONSTA,0.506312068,0.450814006,0.024230518,0.896821575,0.157396184,1.262286973,0.217225582,0.148713928,0.340333244,1.012077562,0.084377453,0.103121905,0.233765746,0.605486985,0.028256472,0.936326728,0.751720768,0,0,0,0,0,0,0,0,0,0,0,0,0,0,0,0,0,0,0,0,0,0,0,0,0,0,0,0,0,0,0,0,0,0,0,0,0,0,0,0,0,0,149.765736,5.91503179,22.69218689,57.7155136,106.7525387,0,0,0,0,0,0,0,0,0,0,0,0,0,0,0,0,0,0,0,0,0,0,0,0,0,0,0,0,0,0,0,0,0,0,0,0,0,0,0,0,0,0,0,0,0,0,0,0,0,0,0,0,0,0,0,0,0,0,0,0,0,0,0,0,0,0,0.31635221,0.270208236,0.565059471,0,0,0,0,39.57211914
MANUA,5.57406216,0.231782046,5.792936443,18.0286605,0.541744246,2.412349869,0.347301363,0.618739695,0.191661023,0.231593781,0.52071496,1.531001776,2.705897433,7.068346963,0.126526699,8.540840619,1.369070642,0,0,0,0,0,0,0,0,0,0,0,0,0,0,0,0,0,0,0,0,0,0,0,0,0,0,0,0,0,0,0,0,0,0,0,0,0,0,0,0,0,0,115.1316517,0,0,0,0,0,0,0,0,0.56279006,0.823756248,3.330709116,3.980341017,3.05749708,0.464212184,0.600552833,1.190585997,0.754781036,0.334618779,0.119189615,0.205939062,0.343657518,0.445127277,0.249323796,0,0,0,0,0,0,0,0,0,0,0,0,0,0,0,0,0,0,0,0,0,0,0,0,0,0,0,0,0,0,0,0,0,0,0,0,0,0,0,0,0,0,0,0,0,0,0,2.947584606,2.517642083,5.264893195,0,0,0,0,95.50400672
WHOLEA,2.40412899,0.228222783,2.979095844,13.12917517,1.622434092,3.90210717,1.011217157,0.366712417,0.074709804,0.141981814,0.298448704,1.268260716,1.679063345,5.43195884,0.07859766,3.678494574,1.362957104,0,0,0,0,0,0,0,0,0,0,0,0,0,0,0,0,0,0,0,0,0,0,0,0,0,0,0,0,0,0,0,0,0,0,0,0,0,0,0,0,0,0,39.3165974,0,0,0,0,0,0,0,0,0.425622488,0.622090671,2.739410743,3.59629897,3.148031178,0.351070778,0.453530175,0.979222129,0.681956207,0.344527017,0.090139794,0.155522668,0.282648248,0.402179301,0.256706405,0,0,0,0,0,0,0,0,0,0,0,0,0,0,0,0,0,0,0,0,0,0,0,0,0,0,0,0,0,0,0,0,0,0,0,0,0,0,0,0,0,0,0,0,0,0,0,2.209232489,1.886987967,3.94606929,0,0,0,0,10.96793287
RETAILA,0.018580099,0.023078929,4.40208175,0.530290368,0.022858941,0.910282744,0.216496722,0.007813456,0.016553355,0.096459512,0.018418408,0.224420359,0.126372849,0.141262335,0.02659034,1.378905862,0.995672896,0,0,0,0,0,0,0,0,0,0,0,0,0,0,0,0,0,0,0,0,0,0,0,0,0,0,0,0,0,0,0,0,0,0,0,0,0,0,0,0,0,0,39.3165974,0,0,0,0,0,0,0,0,1.14612274,1.700672142,7.577762573,10.37437772,9.655174461,0.945368757,1.239861277,2.708725888,1.967264495,1.056682183,0.242729816,0.425168036,0.781862055,1.160181625,0.787331823,0,0,0,0,0,0,0,0,0,0,0,0,0,0,0,0,0,0,0,0,0,0,0,0,0,0,0,0,0,0,0,0,0,0,0,0,0,0,0,0,0,0,0,0,0,0,0,2.07627462,1.773423686,3.708583663,0,0,0,0,132.5679838
TRANSA,0.901110783,0.702149593,0.969579484,4.667148198,3.00752756,14.01634052,4.851861968,0.334462352,0.580488175,0.068815822,0.546499304,1.969559614,1.820754844,2.462704972,0.168654208,2.163827683,0.812163252,0,0,0,0,0,0,0,0,0,0,0,0,0,0,0,0,0,0,0,0,0,0,0,0,0,0,0,0,0,0,0,0,0,0,0,0,0,0,0,0,0,0,36.40214328,0,0,0,0,0,0,0,0,0.159467278,0.232363029,1.046868533,1.592098574,1.890587669,0.131535112,0.169402388,0.374210708,0.30190524,0.206909809,0.033772529,0.058090757,0.108014308,0.17804668,0.154168093,0,0,0,0,0,0,0,0,0,0,0,0,0,0,0,0,0,0,0,0,0,0,0,0,0,0,0,0,0,0,0,0,0,0,0,0,0,0,0,0,0,0,0,0,0,0,0,1.903229307,1.625619222,3.399494964,0,0,0,0,25.49926321
INFOA,0.069128975,0.157733749,0.373552702,1.982680033,1.568707877,7.819479516,0.341507372,4.374732427,1.955898055,0.142367808,1.786428371,3.863638656,4.240186319,3.997396262,0.226870643,2.844322024,1.669025841,0,0,0,0,0,0,0,0,0,0,0,0,0,0,0,0,0,0,0,0,0,0,0,0,0,0,0,0,0,0,0,0,0,0,0,0,0,0,0,0,0,0,18.1010225,0,0,0,0,0,0,0,0,0.478493868,0.710000518,3.284808556,3.914204554,2.752536484,0.394681248,0.517620138,1.174178511,0.742239761,0.301243263,0.101337077,0.177500129,0.338921567,0.437731141,0.224455765,0,0,0,0,0,0,0,0,0,0,0,0,0,0,0,0,0,0,0,0,0,0,0,0,0,0,0,0,0,0,0,0,0,0,0,0,0,0,0,0,0,0,0,0,0,0,0,2.159373213,1.844401298,3.857012047,0,0,0,0,12.3313653
FINANCEA,0.647152694,0.535723715,0.458064351,1.992616386,1.519432613,5.789243552,1.236888752,0.305126352,21.8009944,1.320890717,1.511999578,2.981903783,1.867169211,12.4431476,0.368988167,1.996173096,4.696644089,0,0,0,0,0,0,0,0,0,0,0,0,0,0,0,0,0,0,0,0,0,0,0,0,0,0,0,0,0,0,0,0,0,0,0,0,0,0,0,0,0,0,43.36283475,0,0,0,0,0,0,0,0,0.518200104,0.989798121,4.584217702,7.722292737,4.309930604,0.42743257,0.721604319,1.638661682,1.46435697,0.471687684,0.1097462,0.24744953,0.472992633,0.863595136,0.351453569,0,0,0,0,0,0,0,0,0,0,0,0,0,0,0,0,0,0,0,0,0,0,0,0,0,0,0,0,0,0,0,0,0,0,0,0,0,0,0,0,0,0,0,0,0,0,0,3.521201062,3.007589318,6.289470867,0,0,0,0,49.33989774
REALEA,0.759762821,0.200182617,0.997114193,1.136641995,2.932082062,25.51617865,1.633250764,1.289706277,1.332169563,1.220797413,3.439147804,3.458471084,16.47259146,18.9833065,1.144703325,10.42442924,7.706174105,0,0,0,0,0,0,0,0,0,0,0,0,0,0,0,0,0,0,0,0,0,0,0,0,0,0,0,0,0,0,0,0,0,0,0,0,0,0,0,0,0,0,54.83339635,0,0,0,0,0,0,0,0,1.882100761,2.586710451,11.89247463,17.56080435,17.25116032,1.55243343,1.885820344,4.251050834,3.330006659,1.888002525,0.398597773,0.646677613,1.227047505,1.963850081,1.406746979,0,0,0,0,0,0,0,0,0,0,0,0,0,0,0,0,0,0,0,0,0,0,0,0,0,0,0,0,0,0,0,0,0,0,0,0,0,0,0,0,0,0,0,0,0,0,0,6.8646018,5.86331274,12.26135977,0,0,0,0,12.66973575
PRO_MANA,0.697941158,0.737957453,1.829985158,12.5788891,4.569345693,15.38850201,0.979873754,1.847441711,3.266778863,0.545769414,6.754293085,7.604175574,3.450464731,15.22033175,0.760286683,9.657822714,3.067591603,0,0,0,0,0,0,0,0,0,0,0,0,0,0,0,0,0,0,0,0,0,0,0,0,0,0,0,0,0,0,0,0,0,0,0,0,0,0,0,0,0,0,17.8952046,0,0,0,0,0,0,0,0,0.152362124,0.139406553,0.730628645,0.92971452,1.444453368,0.125674491,0.10163322,0.261168479,0.176299188,0.158083952,0.032267775,0.034851638,0.075385156,0.103971316,0.117788043,0,0,0,0,0,0,0,0,0,0,0,0,0,0,0,0,0,0,0,0,0,0,0,0,0,0,0,0,0,0,0,0,0,0,0,0,0,0,0,0,0,0,0,0,0,0,0,3.813755005,3.257470566,6.81202254,0,0,0,0,35.34950543
ADMINA,0.112483921,0.350659121,0.507492338,2.12499884,1.865589206,5.486148432,1.00452739,0.922985812,1.224162363,1.335179488,2.623883566,7.147341894,3.011102932,11.3221378,0.306933146,2.744645035,1.663540297,0,0,0,0,0,0,0,0,0,0,0,0,0,0,0,0,0,0,0,0,0,0,0,0,0,0,0,0,0,0,0,0,0,0,0,0,0,0,0,0,0,0,3.99252701,0,0,0,0,0,0,0,0,0.049124798,0.073600487,0.314808315,0.446303139,0.660582268,0.040520136,0.05365784,0.112530503,0.084631227,0.072295484,0.010403819,0.018400122,0.032481445,0.049910724,0.053867224,0,0,0,0,0,0,0,0,0,0,0,0,0,0,0,0,0,0,0,0,0,0,0,0,0,0,0,0,0,0,0,0,0,0,0,0,0,0,0,0,0,0,0,0,0,0,0,1.86840445,1.595874012,3.33729178,0,0,0,0,77.561182
EDUA,0.013733878,0.003260506,0.000654049,0.000839257,0.02005823,0.421326615,0.002105755,0.003592643,0.001101696,0,0.000676477,0.021725029,1.242868483,0.009053652,0.045722782,0,0.229638182,0,0,0,0,0,0,0,0,0,0,0,0,0,0,0,0,0,0,0,0,0,0,0,0,0,0,0,0,0,0,0,0,0,0,0,0,0,0,0,0,0,0,5.19479367,0,0,0,0,0,0,0,0,0.254713499,0.242885478,0.962142196,1.711379165,3.106473944,0.210098077,0.177073695,0.343924668,0.324524088,0.339978908,0.053944101,0.06072137,0.099272373,0.191386001,0.253317618,0,0,0,0,0,0,0,0,0,0,0,0,0,0,0,0,0,0,0,0,0,0,0,0,0,0,0,0,0,0,0,0,0,0,0,0,0,0,0,0,0,0,0,0,0,0,0,0.421904961,0.360364783,0.753594844,0,0,0,0,137.1046596
HEALTHA,0,0,0,0,0,0,0,0,0,0,0.007080189,0.007432775,0,2.646086505,0.001706677,0,0.003361648,0,0,0,0,0,0,0,0,0,0,0,0,0,0,0,0,0,0,0,0,0,0,0,0,0,0,0,0,0,0,0,0,0,0,0,0,0,0,0,0,0,0,3.61612709,0,0,0,0,0,0,0,0,1.916701605,3.453756077,10.75287675,15.84627404,13.46666889,1.580973617,2.517932949,3.843693352,3.004885029,1.473819986,0.405925658,0.863439019,1.109465523,1.772111684,1.098140381,0,0,0,0,0,0,0,0,0,0,0,0,0,0,0,0,0,0,0,0,0,0,0,0,0,0,0,0,0,0,0,0,0,0,0,0,0,0,0,0,0,0,0,0,0,0,0,2.68159619,2.290451444,4.789792124,0,0,0,0,245.1810426
ARTA,0.021644874,0.010968606,0.018646255,0.098120608,0.08148155,0.37410952,0.017367335,0.37995751,0.11719297,0.009571442,0.201503783,0.422504071,0.47606398,0.323729722,0.742651673,0.428340099,0.157552948,0,0,0,0,0,0,0,0,0,0,0,0,0,0,0,0,0,0,0,0,0,0,0,0,0,0,0,0,0,0,0,0,0,0,0,0,0,0,0,0,0,0,5.18681775,0,0,0,0,0,0,0,0,0.093751413,0.201128826,0.880115795,1.506997079,1.59938004,0.077329987,0.146631344,0.314603739,0.285767679,0.175039446,0.019854997,0.050282206,0.090809014,0.168529657,0.130421548,0,0,0,0,0,0,0,0,0,0,0,0,0,0,0,0,0,0,0,0,0,0,0,0,0,0,0,0,0,0,0,0,0,0,0,0,0,0,0,0,0,0,0,0,0,0,0,0.392299481,0.335077636,0.700714363,0,0,0,0,7.618231763
ACCOA,0.031278906,0.13391137,0.078229361,0.526441623,0.248214573,0.749726971,0.188325741,0.138836039,0.621748588,0.058392001,0.543110916,1.597491707,1.18530857,2.947717533,0.036225764,1.096700959,0.344648531,0,0,0,0,0,0,0,0,0,0,0,0,0,0,0,0,0,0,0,0,0,0,0,0,0,0,0,0,0,0,0,0,0,0,0,0,0,0,0,0,0,0,31.73559145,0,0,0,0,0,0,0,0,0.603094063,0.817503463,4.01026527,6.541621233,5.919856394,0.497456568,0.595994291,1.433498246,1.240469505,0.647881279,0.127725335,0.204375866,0.413773091,0.731558939,0.482735071,0,0,0,0,0,0,0,0,0,0,0,0,0,0,0,0,0,0,0,0,0,0,0,0,0,0,0,0,0,0,0,0,0,0,0,0,0,0,0,0,0,0,0,0,0,0,0,1.418586969,1.211668104,2.533840374,0,0,0,0,125.9850006
OTHERA,0.081489858,0.046696161,0.284622908,0.718984407,0.76902902,2.382102578,0.222959582,0.261946894,0.469050755,0.066313052,0.485448338,1.484637476,1.574271917,3.182331982,0.113943271,1.633625329,0.927891037,0,0,0,0,0,0,0,0,0,0,0,0,0,0,0,0,0,0,0,0,0,0,0,0,0,0,0,0,0,0,0,0,0,0,0,0,0,0,0,0,0,0,1.6444155,0,0,0,0,0,0,0,0,0.517870494,0.72505184,3.293920423,4.406489859,3.747773794,0.427160694,0.528593183,1.177435613,0.835590459,0.410164085,0.109676394,0.18126296,0.339861716,0.492784117,0.305612455,0,0,0,0,0,0,0,0,0,0,0,0,0,0,0,0,0,0,0,0,0,0,0,0,0,0,0,0,0,0,0,0,0,0,0,0,0,0,0,0,0,0,0,0,0,0,0,1.313009739,1.121490649,2.345261278,0,0,0,0,81.73388437
AG_MIB,0,0,0,0,0,0,0,0,0,0,0,0,0,0,0,0,0,29.22153963,1.666182777,0.904132814,11.17257864,0.001726502,0.056430381,0.043014793,0.00052818,0.001151875,0.015265611,0.014101622,0.022577016,0.088858395,0.019846846,0.008508746,0.216725668,0.009233699,0,0,0,0,0,0,0,0,0,0,0,0,0,0,0,0,0,0,0,0,0,0,0,0,0,27.6231276,0,0,0,0,0,0,0,0,0,0,0,0,0,0,0,0,0,0,0,0,0,0,0,0.081567386,0.125629647,0.460126026,0.508990886,0.17402026,0.056601903,0.078688735,0.171807937,0.086528451,0.049311043,0.150318483,0.226606357,0.521267133,0.53662182,0.207742651,0,0,0,0,0,0,0,0,0,0,0,0,0,0,0,0,0,0,0,0,0,0,0,0,0,0,0,0,0,0,0,0,1.912082414,1.633180992,3.415308137,0,0,0,0,163.0861273
UTILB,0,0,0,0,0,0,0,0,0,0,0,0,0,0,0,0,0,2.019723567,40.62040721,0.284421634,4.322726299,0.355725538,3.835292332,0.41161299,0.04944104,0.069560608,0.266472216,0.276550544,0.102113524,3.264302993,1.449383827,0.179692819,3.115422488,0.943894922,0,0,0,0,0,0,0,0,0,0,0,0,0,0,0,0,0,0,0,0,0,0,0,0,0,84.48362865,0,0,0,0,0,0,0,0,0,0,0,0,0,0,0,0,0,0,0,0,0,0,0,0.625137734,1.089450884,3.309086117,3.106270403,0.84172455,0.433800658,0.682382812,1.23559031,0.528065968,0.238514269,1.152050604,1.965113345,3.748794324,3.27489651,1.004837534,0,0,0,0,0,0,0,0,0,0,0,0,0,0,0,0,0,0,0,0,0,0,0,0,0,0,0,0,0,0,0,0,3.457471356,2.953155397,6.175638649,0,0,0,0,50.65155274
CONSTB,0,0,0,0,0,0,0,0,0,0,0,0,0,0,0,0,0,2.931101855,1.186105706,0.041000342,1.846427444,0.153140541,1.303004016,0.471782536,0.073302575,0.467842887,0.796659858,0.086698869,0.040859537,0.307857865,0.519032346,0.050463806,1.121832208,1.39812775,0,0,0,0,0,0,0,0,0,0,0,0,0,0,0,0,0,0,0,0,0,0,0,0,0,288.3319781,0,0,0,0,10.99390712,46.22122298,92.32754674,138.9822938,0,0,0,0,0,0,0,0,0,0,0,0,0,0,0,0,0,0,0,0,0,0,0,0,0,0,0,0,0,0,0,0,0,0,0,0,0,0,0,0,0,0,0,0,0,0,0,0,0,0,0,0,0,0,0,0,0,0,0,0,0,0,0.521673263,0.445580614,0.931798193,0,0,0,0,70.67977709
MANUB,0,0,0,0,0,0,0,0,0,0,0,0,0,0,0,0,0,32.26892066,0.60982579,9.802199359,37.11843521,0.527096684,2.490163992,0.754288312,0.304982952,0.263468961,0.182299732,0.535041012,0.606622072,3.563532396,6.059090943,0.225966598,10.23295587,2.546338664,0,0,0,0,0,0,0,0,0,0,0,0,0,0,0,0,0,0,0,0,0,0,0,0,0,225.4687836,0,0,0,0,0,0,0,0,0,0,0,0,0,0,0,0,0,0,0,0,0,0,0,1.808007877,3.242615349,10.51657152,11.28945993,3.588950435,1.254627523,2.031027754,3.926816469,1.919208189,1.016978643,3.331932237,5.848915992,11.91400351,11.90231633,4.284432604,0,0,0,0,0,0,0,0,0,0,0,0,0,0,0,0,0,0,0,0,0,0,0,0,0,0,0,0,0,0,0,0,7.582042961,6.476106027,13.54283311,0,0,0,0,196.6290998
WHOLEB,0,0,0,0,0,0,0,0,0,0,0,0,0,0,0,0,0,13.91779377,0.600461259,5.040913474,27.03109517,1.578567076,4.027975748,2.196217357,0.180756199,0.102700665,0.111761407,0.306659706,0.502517343,2.211242952,4.656354984,0.140369155,4.407279604,2.534968074,0,0,0,0,0,0,0,0,0,0,0,0,0,0,0,0,0,0,0,0,0,0,0,0,0,74.1751448,0,0,0,0,0,0,0,0,0,0,0,0,0,0,0,0,0,0,0,0,0,0,0,1.367346128,2.448783563,8.649572209,10.20019967,3.695221146,0.94883994,1.533807388,3.22969159,1.734033944,1.047091915,2.519847785,4.41703002,9.798919112,10.7539248,4.411296908,0,0,0,0,0,0,0,0,0,0,0,0,0,0,0,0,0,0,0,0,0,0,0,0,0,0,0,0,0,0,0,0,5.557203707,4.746615207,9.926121856,0,0,0,0,10.67138431
RETAILB,0,0,0,0,0,0,0,0,0,0,0,0,0,0,0,0,0,0.107562444,0.060721382,7.44874095,1.091792076,0.022240886,0.939645339,0.470199556,0.00385133,0.022755254,0.075928391,0.01892514,0.088921088,0.166426759,0.121092151,0.047488227,1.652095323,1.851855057,0,0,0,0,0,0,0,0,0,0,0,0,0,0,0,0,0,0,0,0,0,0,0,0,0,74.1751448,0,0,0,0,0,0,0,0,0,0,0,0,0,0,0,0,0,0,0,0,0,0,0,3.682010554,6.694487123,23.92646109,29.42489629,11.3334344,2.555050694,4.193124279,8.93397827,5.002232369,3.211485067,6.785484629,12.07528139,27.10578641,31.0222478,13.5296758,0,0,0,0,0,0,0,0,0,0,0,0,0,0,0,0,0,0,0,0,0,0,0,0,0,0,0,0,0,0,0,0,8.303638044,7.092447333,14.83172606,0,0,0,0,114.0368098
TRANSB,0,0,0,0,0,0,0,0,0,0,0,0,0,0,0,0,0,5.216639416,1.847377471,1.640620692,9.608991084,2.926210692,14.46845953,10.53754221,0.164859821,0.797974539,0.054168579,0.561534741,0.780389908,2.397843612,2.111066912,0.301202969,2.592526214,1.51054491,0,0,0,0,0,0,0,0,0,0,0,0,0,0,0,0,0,0,0,0,0,0,0,0,0,68.54753172,0,0,0,0,0,0,0,0,0,0,0,0,0,0,0,0,0,0,0,0,0,0,0,0.512301328,0.91466854,3.3054426,4.515676668,2.219209131,0.355500302,0.572907049,1.234229845,0.767665034,0.628843538,0.944107231,1.649847076,3.744666659,4.760813402,2.64925697,0,0,0,0,0,0,0,0,0,0,0,0,0,0,0,0,0,0,0,0,0,0,0,0,0,0,0,0,0,0,0,0,3.518245583,3.005064933,6.284191874,0,0,0,0,55.38071037
INFOB,0,0,0,0,0,0,0,0,0,0,0,0,0,0,0,0,0,0.400196007,0.415002411,0.632086695,4.082054812,1.526293498,8.071709075,0.741704602,2.156349138,2.688697061,0.112065243,1.835577075,1.530872482,5.584114583,3.426626849,0.405172882,3.407840406,3.104226253,0,0,0,0,0,0,0,0,0,0,0,0,0,0,0,0,0,0,0,0,0,0,0,0,0,36.2412294,0,0,0,0,0,0,0,0,0,0,0,0,0,0,0,0,0,0,0,0,0,0,0,1.537199647,2.794829883,10.37164247,11.10187677,3.230981666,1.066706074,1.750555169,3.872700944,1.887319051,0.915543251,2.832866561,5.041216253,11.74981643,11.70455008,3.857095116,0,0,0,0,0,0,0,0,0,0,0,0,0,0,0,0,0,0,0,0,0,0,0,0,0,0,0,0,0,0,0,0,4.641173593,3.964199679,8.289934482,0,0,0,0,6.078252643
FINANCEB,0,0,0,0,0,0,0,0,0,0,0,0,0,0,0,0,0,3.746445294,1.409505798,0.775088443,4.102512341,1.478350529,5.97598467,2.686343413,0.150399815,29.96897993,1.03974305,1.553598122,1.181506567,2.458969026,10.66644907,0.658983449,2.391655824,8.735302667,0,0,0,0,0,0,0,0,0,0,0,0,0,0,0,0,0,0,0,0,0,0,0,0,0,83.53846095,0,0,0,0,0,0,0,0,0,0,0,0,0,0,0,0,0,0,0,0,0,0,0,1.664759093,3.896218802,14.47447125,21.90277519,5.059081632,1.155223163,2.440415428,5.404669379,3.723471781,1.433560609,3.067942656,7.027863007,16.39782518,23.09178298,6.039452113,0,0,0,0,0,0,0,0,0,0,0,0,0,0,0,0,0,0,0,0,0,0,0,0,0,0,0,0,0,0,0,0,7.981281116,6.817110243,14.25594113,0,0,0,0,67.82564035
REALEB,0,0,0,0,0,0,0,0,0,0,0,0,0,0,0,0,0,4.398358951,0.526686706,1.687212038,2.340183412,2.852805073,26.33924296,3.547184355,0.635709055,1.831281738,0.960954308,3.533766575,1.370334724,21.69358403,16.27276945,2.044348879,12.48972193,14.33273672,0,0,0,0,0,0,0,0,0,0,0,0,0,0,0,0,0,0,0,0,0,0,0,0,0,105.8973028,0,0,0,0,0,0,0,0,0,0,0,0,0,0,0,0,0,0,0,0,0,0,0,6.046398542,10.18226816,37.54997981,49.80779191,20.24975257,4.195766027,6.377712743,14.02090775,8.467324625,5.738046889,11.14275578,18.36641866,42.5395853,52.51164347,24.17383625,0,0,0,0,0,0,0,0,0,0,0,0,0,0,0,0,0,0,0,0,0,0,0,0,0,0,0,0,0,0,0,0,17.45919654,14.91255174,31.18512862,0,0,0,0,9.973020109
PRO_MANB,0,0,0,0,0,0,0,0,0,0,0,0,0,0,0,0,0,4.040465859,1.941589068,3.096508915,25.8981348,4.44580073,15.88488225,2.128144023,0.9106224,4.490713974,0.429604015,6.940119035,3.012968906,4.544090512,13.04709217,1.357811403,11.57123497,5.705422979,0,0,0,0,0,0,0,0,0,0,0,0,0,0,0,0,0,0,0,0,0,0,0,0,0,35.8322186,0,0,0,0,0,0,0,0,0,0,0,0,0,0,0,0,0,0,0,0,0,0,0,0.489475454,0.548756782,2.306928685,2.636953664,1.695527881,0.339660786,0.343716456,0.861391522,0.448282123,0.480451228,0.902042001,0.989828263,2.613471168,2.780102577,2.024094527,0,0,0,0,0,0,0,0,0,0,0,0,0,0,0,0,0,0,0,0,0,0,0,0,0,0,0,0,0,0,0,0,5.255607164,4.489010337,9.387418544,0,0,0,0,36.32205065
ADMINB,0,0,0,0,0,0,0,0,0,0,0,0,0,0,0,0,0,0.651183035,0.922595082,0.858725298,4.375068893,1.815147815,5.663112742,2.181688152,0.45494889,1.682808436,1.050990498,2.696072564,2.831959714,3.965472865,9.705502989,0.548158129,3.288415366,3.094023673,0,0,0,0,0,0,0,0,0,0,0,0,0,0,0,0,0,0,0,0,0,0,0,0,0,9.01916213,0,0,0,0,0,0,0,0,0,0,0,0,0,0,0,0,0,0,0,0,0,0,0,0.157817325,0.289719282,0.993993784,1.265851691,0.775404508,0.109513881,0.181467069,0.371150536,0.215194787,0.21972157,0.290837579,0.522585493,1.12607473,1.334569354,0.92566571,0,0,0,0,0,0,0,0,0,0,0,0,0,0,0,0,0,0,0,0,0,0,0,0,0,0,0,0,0,0,0,0,2.224681331,1.9001834,3.97366358,0,0,0,0,30.73172461
EDUB,0,0,0,0,0,0,0,0,0,0,0,0,0,0,0,0,0,0.079507081,0.008578494,0.001106713,0.001727911,0.0195159,0.434917165,0.004573394,0.001770849,0.001514459,0,0.000695088,0.008608012,1.636796004,0.007760924,0.081657243,0,0.427104755,0,0,0,0,0,0,0,0,0,0,0,0,0,0,0,0,0,0,0,0,0,0,0,0,0,11.86655178,0,0,0,0,0,0,0,0,0,0,0,0,0,0,0,0,0,0,0,0,0,0,0,0.818287395,0.95608887,3.037922816,4.853992769,3.646440445,0.567832641,0.598850872,1.134339772,0.825178771,1.03326923,1.508001256,1.724559616,3.441599102,5.117495234,4.353063273,0,0,0,0,0,0,0,0,0,0,0,0,0,0,0,0,0,0,0,0,0,0,0,0,0,0,0,0,0,0,0,0,1.481318614,1.265249545,2.645889884,0,0,0,0,180.5600206
HEALTHB,0,0,0,0,0,0,0,0,0,0,0,0,0,0,0,0,0,0,0,0,0,0,0,0,0,0,0,0.007274981,0.002945056,0,2.268264258,0.003047988,0,0.006252339,0,0,0,0,0,0,0,0,0,0,0,0,0,0,0,0,0,0,0,0,0,0,0,0,0,7.21387293,0,0,0,0,0,0,0,0,0,0,0,0,0,0,0,0,0,0,0,0,0,0,0,6.15755651,13.59528683,33.95174826,44.94486155,15.80744181,4.272901668,8.515473442,12.67735249,7.640626463,4.479256819,11.347606,24.52270221,38.46322417,47.38472546,18.8706755,0,0,0,0,0,0,0,0,0,0,0,0,0,0,0,0,0,0,0,0,0,0,0,0,0,0,0,0,0,0,0,0,12.02411772,10.27024796,21.47714282,0,0,0,0,210.1727946
ARTB,0,0,0,0,0,0,0,0,0,0,0,0,0,0,0,0,0,0.125304797,0.028858743,0.031551236,0.202016308,0.07927847,0.386177009,0.037719339,0.187284837,0.161100622,0.007534189,0.20704761,0.167406922,0.626952594,0.277505878,1.326316681,0.513203035,0.293033209,0,0,0,0,0,0,0,0,0,0,0,0,0,0,0,0,0,0,0,0,0,0,0,0,0,8.17155812,0,0,0,0,0,0,0,0,0,0,0,0,0,0,0,0,0,0,0,0,0,0,0,0.301183877,0.791718933,2.778927966,4.274302898,1.877383867,0.208999964,0.49589697,1.037632852,0.726631493,0.531982631,0.555044191,1.42807488,3.148189263,4.506336484,2.241191344,0,0,0,0,0,0,0,0,0,0,0,0,0,0,0,0,0,0,0,0,0,0,0,0,0,0,0,0,0,0,0,0,1.2052603,1.02945783,2.152802242,0,0,0,0,13.60555458
ACCOB,0,0,0,0,0,0,0,0,0,0,0,0,0,0,0,0,0,0.181077373,0.352324989,0.132371518,1.083868059,0.241503402,0.773910589,0.409016261,0.068433665,0.854693627,0.045963437,0.558053131,0.632967084,1.560992459,2.52682681,0.064696327,1.313979856,0.641012855,0,0,0,0,0,0,0,0,0,0,0,0,0,0,0,0,0,0,0,0,0,0,0,0,0,61.60161327,0,0,0,0,0,0,0,0,0,0,0,0,0,0,0,0,0,0,0,0,0,0,0,1.937487694,3.218002028,12.662241,18.55403105,6.948844308,1.34447721,2.015611082,4.727994897,3.154185279,1.969050946,3.570547335,5.804519346,14.3447875,19.56124988,8.295421084,0,0,0,0,0,0,0,0,0,0,0,0,0,0,0,0,0,0,0,0,0,0,0,0,0,0,0,0,0,0,0,0,4.874165079,4.163206408,8.706097359,0,0,0,0,150.9452066
OTHERB,0,0,0,0,0,0,0,0,0,0,0,0,0,0,0,0,0,0.471754651,0.122859056,0.481609028,1.480286132,0.748236183,2.458941028,0.484235953,0.12911623,0.644785848,0.052198516,0.498804125,0.588251351,2.07323785,2.727941765,0.203493599,1.957279927,1.725787369,0,0,0,0,0,0,0,0,0,0,0,0,0,0,0,0,0,0,0,0,0,0,0,0,0,3.3426239,0,0,0,0,0,0,0,0,0,0,0,0,0,0,0,0,0,0,0,0,0,0,0,1.663700193,2.854077565,10.4004128,12.4981479,4.399210869,1.154488362,1.78766524,3.88344359,2.124685143,1.24657712,3.065991235,5.148085146,11.78240973,13.17661878,5.251708771,0,0,0,0,0,0,0,0,0,0,0,0,0,0,0,0,0,0,0,0,0,0,0,0,0,0,0,0,0,0,0,0,3.966437979,3.387882795,7.084740597,0,0,0,0,152.0171009
L1WA,0,0,0.118690519,0.468168156,0.079127012,1.819921284,0.065939177,0.138472272,0.138472272,0.013187835,0.296726296,0.158254025,1.074808584,1.542976741,0.112096601,3.085953481,0.125284436,0,0,0,0,0,0,0,0,0,0,0,0,0,0,0,0,0,0,0,0,0,0,0,0,0,0,0,0,0,0,0,0,0,0,0,0,0,0,0,0,0,0,0,0,0,0,0,0,0,0,0,0,0,0,0,0,0,0,0,0,0,0,0,0,0,0,0,0,0,0,0,0,0,0,0,0,0,0,0,0,0,0,0,0,0,0,0,0,0,0,0,0,0,0,0,0,0,0,0,0,0,0,0,0,0,0,0,0,0,0,0,0,0,0.037639216,0.015055686,0,0,0,0,0,-2.241875576
L2WA,0.030098973,0,1.264156857,9.180186702,3.852668517,9.089889783,0.692276374,0.842771238,3.491480844,0.75247432,0.601979456,10.11325486,9.571473348,15.98255455,0.090296918,7.374248334,0.842771238,0,0,0,0,0,0,0,0,0,0,0,0,0,0,0,0,0,0,0,0,0,0,0,0,0,0,0,0,0,0,0,0,0,0,0,0,0,0,0,0,0,0,0,0,0,0,0,0,0,0,0,0,0,0,0,0,0,0,0,0,0,0,0,0,0,0,0,0,0,0,0,0,0,0,0,0,0,0,0,0,0,0,0,0,0,0,0,0,0,0,0,0,0,0,0,0,0,0,0,0,0,0,0,0,0,0,0,0,0,0,0,0,0,0.790423527,0.376392156,0.037639216,0,0,0,0,-8.969989879
L3WA,0,0.058917732,3.770734862,11.31220459,3.770734862,14.02242027,0.942683715,0.589177322,6.598786008,0,0.294588661,4.24207672,14.14025573,34.99713294,0.117835464,0,0.53025959,0,0,0,0,0,0,0,0,0,0,0,0,0,0,0,0,0,0,0,0,0,0,0,0,0,0,0,0,0,0,0,0,0,0,0,0,0,0,0,0,0,0,0,0,0,0,0,0,0,0,0,0,0,0,0,0,0,0,0,0,0,0,0,0,0,0,0,0,0,0,0,0,0,0,0,0,0,0,0,0,0,0,0,0,0,0,0,0,0,0,0,0,0,0,0,0,0,0,0,0,0,0,0,0,0,0,0,0,0,0,0,0,0,2.175546661,1.023786664,0.105389804,0,0,0,0,15.25436252
L4WA,0,0,0,15.16220067,0,0,0.204894604,0,0.409789207,0,8.195784148,24.58735244,0,6.556627319,0,0,0,0,0,0,0,0,0,0,0,0,0,0,0,0,0,0,0,0,0,0,0,0,0,0,0,0,0,0,0,0,0,0,0,0,0,0,0,0,0,0,0,0,0,0,0,0,0,0,0,0,0,0,0,0,0,0,0,0,0,0,0,0,0,0,0,0,0,0,0,0,0,0,0,0,0,0,0,0,0,0,0,0,0,0,0,0,0,0,0,0,0,0,0,0,0,0,0,0,0,0,0,0,0,0,0,0,0,0,0,0,0,0,0,0,0.015055686,0.007527843,0,0,0,0,0,-22.56098994
L1BA,0,0,0.223965746,0.987108289,1.368679561,2.778834259,0,0.398161327,0,0.165900553,0.149310498,1.418449726,3.077455254,5.05996686,0.14101547,2.977914923,0.099540332,0,0,0,0,0,0,0,0,0,0,0,0,0,0,0,0,0,0,0,0,0,0,0,0,0,0,0,0,0,0,0,0,0,0,0,0,0,0,0,0,0,0,0,0,0,0,0,0,0,0,0,0,0,0,0,0,0,0,0,0,0,0,0,0,0,0,0,0,0,0,0,0,0,0,0,0,0,0,0,0,0,0,0,0,0,0,0,0,0,0,0,0,0,0,0,0,0,0,0,0,0,0,0,0,0,0,0,0,0,0,0,0,0,0.745256469,0.346280783,0.037639216,0,0,0,0,-7.209431727
L2BA,0,0.025354991,1.876269309,6.871202469,0,7.505077236,0.126774953,0,4.183573459,0,0,6.668362544,9.660251442,14.14808479,0,5.451322992,0.304259888,0,0,0,0,0,0,0,0,0,0,0,0,0,0,0,0,0,0,0,0,0,0,0,0,0,0,0,0,0,0,0,0,0,0,0,0,0,0,0,0,0,0,0,0,0,0,0,0,0,0,0,0,0,0,0,0,0,0,0,0,0,0,0,0,0,0,0,0,0,0,0,0,0,0,0,0,0,0,0,0,0,0,0,0,0,0,0,0,0,0,0,0,0,0,0,0,0,0,0,0,0,0,0,0,0,0,0,0,0,0,0,0,0,1.287261173,0.602227449,0.067750588,0,0,0,0,-14.53331458
L3BA,0,0,0,6.484697244,0,1.671836008,1.773159403,0,1.975806191,0.151985092,3.546318805,0.709263761,1.773159403,10.58829472,0,0.303970183,1.063895642,0,0,0,0,0,0,0,0,0,0,0,0,0,0,0,0,0,0,0,0,0,0,0,0,0,0,0,0,0,0,0,0,0,0,0,0,0,0,0,0,0,0,0,0,0,0,0,0,0,0,0,0,0,0,0,0,0,0,0,0,0,0,0,0,0,0,0,0,0,0,0,0,0,0,0,0,0,0,0,0,0,0,0,0,0,0,0,0,0,0,0,0,0,0,0,0,0,0,0,0,0,0,0,0,0,0,0,0,0,0,0,0,0,0.429087058,0.195723921,0.022583529,0,0,0,0,-0.596732811
L4BA,0,0,0,0.450419924,0,0,0,0,0,0,0.225209962,0,0,0.563024905,0,0,0,0,0,0,0,0,0,0,0,0,0,0,0,0,0,0,0,0,0,0,0,0,0,0,0,0,0,0,0,0,0,0,0,0,0,0,0,0,0,0,0,0,0,0,0,0,0,0,0,0,0,0,0,0,0,0,0,0,0,0,0,0,0,0,0,0,0,0,0,0,0,0,0,0,0,0,0,0,0,0,0,0,0,0,0,0,0,0,0,0,0,0,0,0,0,0,0,0,0,0,0,0,0,0,0,0,0,0,0,0,0,0,0,0,0,0,0,0,0,0,0,-0.225209962
L1IA,0,0,0.324141387,1.810448233,0.047435325,5.58946245,0.292517837,0,0,0,0,3.676237679,0.419012037,3.42324928,0.252988399,5.036050326,0.166023637,0,0,0,0,0,0,0,0,0,0,0,0,0,0,0,0,0,0,0,0,0,0,0,0,0,0,0,0,0,0,0,0,0,0,0,0,0,0,0,0,0,0,0,0,0,0,0,0,0,0,0,0,0,0,0,0,0,0,0,0,0,0,0,0,0,0,0,0,0,0,0,0,0,0,0,0,0,0,0,0,0,0,0,0,0,0,0,0,0,0,0,0,0,0,0,0,0,0,0,0,0,0,0,0,0,0,0,0,0,0,0,0,0,0,0,0,0,0,0,0,-7.486875445
L2IA,0.024367283,0,2.168688176,7.675694108,2.87533938,10.1124224,0.487345658,2.193055459,9.235200212,0.560447506,1.291465993,3.533256018,7.52949041,28.43661912,0,5.238965819,0.999058598,0,0,0,0,0,0,0,0,0,0,0,0,0,0,0,0,0,0,0,0,0,0,0,0,0,0,0,0,0,0,0,0,0,0,0,0,0,0,0,0,0,0,0,0,0,0,0,0,0,0,0,0,0,0,0,0,0,0,0,0,0,0,0,0,0,0,0,0,0,0,0,0,0,0,0,0,0,0,0,0,0,0,0,0,0,0,0,0,0,0,0,0,0,0,0,0,0,0,0,0,0,0,0,0,0,0,0,0,0,0,0,0,0,3.869311363,1.806682348,0.195723921,0,0,0,0,-18.76201028
L3IA,0,0.09827783,2.800918159,19.99953843,8.992421456,5.503558487,0.884500471,0,0,0.933639386,5.552697402,10.95797806,24.22548513,12.43214551,0,11.05625589,1.130195046,0,0,0,0,0,0,0,0,0,0,0,0,0,0,0,0,0,0,0,0,0,0,0,0,0,0,0,0,0,0,0,0,0,0,0,0,0,0,0,0,0,0,0,0,0,0,0,0,0,0,0,0,0,0,0,0,0,0,0,0,0,0,0,0,0,0,0,0,0,0,0,0,0,0,0,0,0,0,0,0,0,0,0,0,0,0,0,0,0,0,0,0,0,0,0,0,0,0,0,0,0,0,0,0,0,0,0,0,0,0,0,0,0,0.70008941,0.323697254,0.037639216,0,0,0,0,-11.97026502
L4IA,0,0,0,2.252099621,0,0,0,0,0,0,0,0,3.941174337,0,0,0,0,0,0,0,0,0,0,0,0,0,0,0,0,0,0,0,0,0,0,0,0,0,0,0,0,0,0,0,0,0,0,0,0,0,0,0,0,0,0,0,0,0,0,0,0,0,0,0,0,0,0,0,0,0,0,0,0,0,0,0,0,0,0,0,0,0,0,0,0,0,0,0,0,0,0,0,0,0,0,0,0,0,0,0,0,0,0,0,0,0,0,0,0,0,0,0,0,0,0,0,0,0,0,0,0,0,0,0,0,0,0,0,0,0,0,0,0,0,0,0,0,-0.337814943
L1WB,0,0,0,0,0,0,0,0,0,0,0,0,0,0,0,0,0,0.069575541,0,0.394261398,0.695755408,0.028989809,1.443692471,0.13335312,0,0.03478777,0.005797962,0.284100125,0.081171464,1.078420882,1.026239226,0.040585732,1.385712854,0.139151082,0,0,0,0,0,0,0,0,0,0,0,0,0,0,0,0,0,0,0,0,0,0,0,0,0,0,0,0,0,0,0,0,0,0,0,0,0,0,0,0,0,0,0,0,0,0,0,0,0,0,0,0,0,0,0,0,0,0,0,0,0,0,0,0,0,0,0,0,0,0,0,0,0,0,0,0,0,0,0,0,0,0,0,0,0,0,0,0,0,0,0,0,0,0,0,0,0.007527843,0,0,0,0,0,0,-4.657493151
L2WB,0,0,0,0,0,0,0,0,0,0,0,0,0,0,0,0,0,1.612429931,0.078020803,3.120832124,18.41290953,2.444651831,6.969858411,1.352360587,0.026006934,0.754201097,0.286076278,0.624166425,3.406908402,9.46652411,10.40277375,0.052013869,3.27687373,0.910242703,0,0,0,0,0,0,0,0,0,0,0,0,0,0,0,0,0,0,0,0,0,0,0,0,0,0,0,0,0,0,0,0,0,0,0,0,0,0,0,0,0,0,0,0,0,0,0,0,0,0,0,0,0,0,0,0,0,0,0,0,0,0,0,0,0,0,0,0,0,0,0,0,0,0,0,0,0,0,0,0,0,0,0,0,0,0,0,0,0,0,0,0,0,0,0,0,0.127973333,0.060222745,0.007527843,0,0,0,0,-43.1591795
L3WB,0,0,0,0,0,0,0,0,0,0,0,0,0,0,0,0,0,0.485631832,2.266281883,5.449868337,27.78893261,4.85631832,9.442841178,1.99648642,0,1.510854588,0.053959092,0.593550017,1.726690958,14.83875042,24.17367342,0.053959092,0,0.539590924,0,0,0,0,0,0,0,0,0,0,0,0,0,0,0,0,0,0,0,0,0,0,0,0,0,0,0,0,0,0,0,0,0,0,0,0,0,0,0,0,0,0,0,0,0,0,0,0,0,0,0,0,0,0,0,0,0,0,0,0,0,0,0,0,0,0,0,0,0,0,0,0,0,0,0,0,0,0,0,0,0,0,0,0,0,0,0,0,0,0,0,0,0,0,0,0,0.368864313,0.173140392,0.015055686,0,0,0,0,-59.31851206
L4WB,0,0,0,0,0,0,0,0,0,0,0,0,0,0,0,0,0,4.25547607,0,0,23.31260803,0,0,0.370041397,0,0,0,7.770869345,8.325931441,0,4.625517467,0,0,0,0,0,0,0,0,0,0,0,0,0,0,0,0,0,0,0,0,0,0,0,0,0,0,0,0,0,0,0,0,0,0,0,0,0,0,0,0,0,0,0,0,0,0,0,0,0,0,0,0,0,0,0,0,0,0,0,0,0,0,0,0,0,0,0,0,0,0,0,0,0,0,0,0,0,0,0,0,0,0,0,0,0,0,0,0,0,0,0,0,0,0,0,0,0,0,0,0,0,0,0,0,0,0,-38.29928463
L1BB,0,0,0,0,0,0,0,0,0,0,0,0,0,0,0,0,0,0.440616302,0,0.490497393,2.003557148,1.047502907,2.086692299,0,0.008313515,0,0.074821636,0.224464909,0.498810908,3.100941146,2.776714056,0,1.363416482,0.108075697,0,0,0,0,0,0,0,0,0,0,0,0,0,0,0,0,0,0,0,0,0,0,0,0,0,0,0,0,0,0,0,0,0,0,0,0,0,0,0,0,0,0,0,0,0,0,0,0,0,0,0,0,0,0,0,0,0,0,0,0,0,0,0,0,0,0,0,0,0,0,0,0,0,0,0,0,0,0,0,0,0,0,0,0,0,0,0,0,0,0,0,0,0,0,0,0,0.105389804,0.052694902,0.007527843,0,0,0,0,-9.850857682
L2BB,0,0,0,0,0,0,0,0,0,0,0,0,0,0,0,0,0,0.608041388,0.810721851,3.749588561,13.90894676,0.278685636,5.599047784,0.253350578,0,0.912062082,0,0,2.406830495,10.31136854,7.87920299,0.177345405,2.457500611,0.35469081,0,0,0,0,0,0,0,0,0,0,0,0,0,0,0,0,0,0,0,0,0,0,0,0,0,0,0,0,0,0,0,0,0,0,0,0,0,0,0,0,0,0,0,0,0,0,0,0,0,0,0,0,0,0,0,0,0,0,0,0,0,0,0,0,0,0,0,0,0,0,0,0,0,0,0,0,0,0,0,0,0,0,0,0,0,0,0,0,0,0,0,0,0,0,0,0,0.188196078,0.090334117,0.007527843,0,0,0,0,-34.36171084
L3BB,0,0,0,0,0,0,0,0,0,0,0,0,0,0,0,0,0,0,0,0.050574409,13.19992076,0,1.314934636,3.641357452,0,0.505744091,0.050574409,3.23676218,0.252872045,0.758616136,5.563184996,0,0.151723227,1.112636999,0,0,0,0,0,0,0,0,0,0,0,0,0,0,0,0,0,0,0,0,0,0,0,0,0,0,0,0,0,0,0,0,0,0,0,0,0,0,0,0,0,0,0,0,0,0,0,0,0,0,0,0,0,0,0,0,0,0,0,0,0,0,0,0,0,0,0,0,0,0,0,0,0,0,0,0,0,0,0,0,0,0,0,0,0,0,0,0,0,0,0,0,0,0,0,0,0.067750588,0.030111372,0,0,0,0,0,-19.3161374
L4BB,0,0,0,0,0,0,0,0,0,0,0,0,0,0,0,0,0,0,0,0,1.143964022,0,0,0,0,0,0,0,0,0,0.285991006,0,0,0,0,0,0,0,0,0,0,0,0,0,0,0,0,0,0,0,0,0,0,0,0,0,0,0,0,0,0,0,0,0,0,0,0,0,0,0,0,0,0,0,0,0,0,0,0,0,0,0,0,0,0,0,0,0,0,0,0,0,0,0,0,0,0,0,0,0,0,0,0,0,0,0,0,0,0,0,0,0,0,0,0,0,0,0,0,0,0,0,0,0,0,0,0,0,0,0,0,0,0,0,0,0,0,-0.285991006
L1IB,0,0,0,0,0,0,0,0,0,0,0,0,0,0,0,0,0,0.187205919,0,0.629692638,3.990889827,1.974171514,4.322754866,0.578636478,0,0,0,0,1.284913356,0.399939919,2.552807992,0,2.246471033,0.178696559,0,0,0,0,0,0,0,0,0,0,0,0,0,0,0,0,0,0,0,0,0,0,0,0,0,0,0,0,0,0,0,0,0,0,0,0,0,0,0,0,0,0,0,0,0,0,0,0,0,0,0,0,0,0,0,0,0,0,0,0,0,0,0,0,0,0,0,0,0,0,0,0,0,0,0,0,0,0,0,0,0,0,0,0,0,0,0,0,0,0,0,0,0,0,0,0,0,0,0,0,0,0,0,-13.1809986
L2IB,0,0,0,0,0,0,0,0,0,0,0,0,0,0,0,0,0,2.005952901,0.216859773,4.093228217,17.53853415,0,6.722652965,1.00297645,0.054214943,2.087275316,0.271074716,1.32826611,1.274051167,7.644307001,21.92994455,0.32528966,2.412564975,1.084298865,0,0,0,0,0,0,0,0,0,0,0,0,0,0,0,0,0,0,0,0,0,0,0,0,0,0,0,0,0,0,0,0,0,0,0,0,0,0,0,0,0,0,0,0,0,0,0,0,0,0,0,0,0,0,0,0,0,0,0,0,0,0,0,0,0,0,0,0,0,0,0,0,0,0,0,0,0,0,0,0,0,0,0,0,0,0,0,0,0,0,0,0,0,0,0,0,0.519421175,0.24089098,0.022583529,0,0,0,0,-43.34162615
L3IB,0,0,0,0,0,0,0,0,0,0,0,0,0,0,0,0,0,1.802455479,2.491629633,6.838728142,33.87556033,0,4.771205681,1.855468876,0,0,0.371093775,5.566406628,3.869977941,23.75000161,9.330357776,0,5.036272663,1.219308118,0,0,0,0,0,0,0,0,0,0,0,0,0,0,0,0,0,0,0,0,0,0,0,0,0,0,0,0,0,0,0,0,0,0,0,0,0,0,0,0,0,0,0,0,0,0,0,0,0,0,0,0,0,0,0,0,0,0,0,0,0,0,0,0,0,0,0,0,0,0,0,0,0,0,0,0,0,0,0,0,0,0,0,0,0,0,0,0,0,0,0,0,0,0,0,0,0.097861961,0.037639216,0.007527843,0,0,0,0,-64.92539949
L4IB,0,0,0,0,0,0,0,0,0,0,0,0,0,0,0,0,0,0,0,0,6.613492601,0,0,0,0,0,0,0,0,5.075471066,0,0,0,0,0,0,0,0,0,0,0,0,0,0,0,0,0,0,0,0,0,0,0,0,0,0,0,0,0,0,0,0,0,0,0,0,0,0,0,0,0,0,0,0,0,0,0,0,0,0,0,0,0,0,0,0,0,0,0,0,0,0,0,0,0,0,0,0,0,0,0,0,0,0,0,0,0,0,0,0,0,0,0,0,0,0,0,0,0,0,0,0,0,0,0,0,0,0,0,0,0,0,0,0,0,0,0,-8.76672275
KAP,13.61407,17.90113,10.38927,32.83917,12.01557,64.70503,12.97731,1.862852,9.409998,8.402082,8.887079,3.708617,25.65494,35.20501,3.298701,43.65151,57.09037,66.83757,41.31753,13.72915,75.87977,22.20249,85.36339,28.93249,3.025995,45.13223,7.596958,10.2774,4.742921,58.36755,56.0355,6.563859,84.75539,110.6271,0,0,0,0,0,0,0,0,0,0,0,0,0,0,0,0,0,0,0,0,0,0,0,0,0,0,7.757334,29.75992,75.69165,140.0018,18.44769,77.55885,154.9249,233.2112,0,0,0,0,0,0,0,0,0,0,0,0,0,0,0,0,0,0,0,0,0,0,0,0,0,0,0,0,0,0,0,0,0,0,0,0,0,0,0,0,0,0,0,0,0,0,0,0,0,0,0,0,0,0,0,0,0,0,0,0,0,0,0,0,0,0,0,0,0,-1712.053346
INVES,0,0,0,0,0,0,0,0,0,0,0,0,0,0,0,0,0,0,0,0,0,0,0,0,0,0,0,0,0,0,0,0,0,0,0,0,0,0,0,0,0,0,0,0,0,0,0,0,0,0,0,0,0,0,0,0,0,0,0,0,0,0,0,0,0,0,0,0,0,0,3.631131483,46.26591991,19.96744647,0,0,2.698293034,13.61162692,2.213016738,0,0,3.384430405,41.89658767,19.61537563,0,0,6.282204388,79.99553143,34.75442195,0,0,4.667083272,23.61617271,3.822483456,0,0,5.863005292,72.63164127,34.2514636,0,0,0,0,0,0,0,0,0,0,0,0,0,0,0,0,0,0,0,0,0,0,0,0,0,0,0,0,0,0,0,0,0,0,0,0,0,0,0,1401.18551
HS1A,0,0,0,0,0,0,0,0,0,0,0,0,0,0,0,0,0,0,0,0,0,0,0,0,0,0,0,0,0,0,0,0,0,0,0,0,0,0,0,0,0,0,0,0,0,0,0,0,0,0,0,0,0,0,0,0,0,0,0,0,0,0,0,0,0,0,0,0,0.125817355,0.409905218,1.899165863,2.419167852,0.494246667,0.243789287,0.483910557,1.411269749,0.711729289,0.054777968,0.175795612,0.796420148,1.770135486,2.19070275,0.48553199,0,0,0,0,0,0,0,0,0,0,0,0,0,0,0,0,0,0,0,0,0,0,0,0,0,0,0,0,0,0,0,0,0,0,0,0,0,0,0,0,0,0,0,0,0,0,0,0,0,0,0,0,0,0,0
HS2A,0,0,0,0,0,0,0,0,0,0,0,0,0,0,0,0,0,0,0,0,0,0,0,0,0,0,0,0,0,0,0,0,0,0,0,0,0,0,0,0,0,0,0,0,0,0,0,0,0,0,0,0,0,0,0,0,0,0,0,0,0,0,0,0,0,0,0,0,0.482680574,1.572543672,7.285882514,9.280796951,1.89610777,0.935263283,1.856454738,5.414137749,2.730449235,0.210147964,0.674415121,3.055353796,6.790875634,8.404322746,1.86267514,0,0,0,0,0,0,0,0,0,0,0,0,0,0,0,0,0,0,0,0,0,0,0,0,0,0,0,0,0,0,0,0,0,0,0,0,0,0,0,0,0,0,0,0,0,0,0,0,0,0,0,0,0,0,0
HS3A,0,0,0,0,0,0,0,0,0,0,0,0,0,0,0,0,0,0,0,0,0,0,0,0,0,0,0,0,0,0,0,0,0,0,0,0,0,0,0,0,0,0,0,0,0,0,0,0,0,0,0,0,0,0,0,0,0,0,0,0,0,0,0,0,0,0,0,0,1.227654143,3.999621815,18.53097956,23.604863,4.822577672,2.378757103,4.72172379,13.77036698,6.944649309,0.534492236,1.715313525,7.771014509,17.27197458,21.37563057,4.737544817,0,0,0,0,0,0,0,0,0,0,0,0,0,0,0,0,0,0,0,0,0,0,0,0,0,0,0,0,0,0,0,0,0,0,0,0,0,0,0,0,0,0,0,0,0,0,0,0,0,0,0,0,0,0,0
HS4A,0,0,0,0,0,0,0,0,0,0,0,0,0,0,0,0,0,0,0,0,0,0,0,0,0,0,0,0,0,0,0,0,0,0,0,0,0,0,0,0,0,0,0,0,0,0,0,0,0,0,0,0,0,0,0,0,0,0,0,0,0,0,0,0,0,0,0,0,2.270710042,7.397833889,34.27551776,43.66034178,8.920000486,4.399828465,8.733457781,25.47012997,12.84505495,0.988614663,3.172701098,14.37352758,31.94682016,39.53707914,8.76272088,0,0,0,0,0,0,0,0,0,0,0,0,0,0,0,0,0,0,0,0,0,0,0,0,0,0,0,0,0,0,0,0,0,0,0,0,0,0,0,0,0,0,0,0,0,0,0,0,0,0,0,0,0,0,0
HS1B,0,0,0,0,0,0,0,0,0,0,0,0,0,0,0,0,0,0,0,0,0,0,0,0,0,0,0,0,0,0,0,0,0,0,0,0,0,0,0,0,0,0,0,0,0,0,0,0,0,0,0,0,0,0,0,0,0,0,0,0,0,0,0,0,0,0,0,0,0,0,0,0,0,0,0,0,0,0,0,0,0,0,0,0.270328903,0.878006554,4.086685436,5.202460081,1.069964868,0.524394703,1.039204933,3.036020489,1.535863236,0.117680651,0.377303976,1.711659709,3.813988985,4.723554023,1.054480572,0,0,0,0,0,0,0,0,0,0,0,0,0,0,0,0,0,0,0,0,0,0,0,0,0,0,0,0,0,0,0,0,0,0,0,0,0,0,0,0
HS2B,0,0,0,0,0,0,0,0,0,0,0,0,0,0,0,0,0,0,0,0,0,0,0,0,0,0,0,0,0,0,0,0,0,0,0,0,0,0,0,0,0,0,0,0,0,0,0,0,0,0,0,0,0,0,0,0,0,0,0,0,0,0,0,0,0,0,0,0,0,0,0,0,0,0,0,0,0,0,0,0,0,0,0,1.136532477,3.691366163,17.18148032,21.8724849,4.498408456,2.204690674,4.369085752,12.76421371,6.457165443,0.49475983,1.586283296,7.196259185,16.03499406,19.85904023,4.433308478,0,0,0,0,0,0,0,0,0,0,0,0,0,0,0,0,0,0,0,0,0,0,0,0,0,0,0,0,0,0,0,0,0,0,0,0,0,0,0,0
HS3B,0,0,0,0,0,0,0,0,0,0,0,0,0,0,0,0,0,0,0,0,0,0,0,0,0,0,0,0,0,0,0,0,0,0,0,0,0,0,0,0,0,0,0,0,0,0,0,0,0,0,0,0,0,0,0,0,0,0,0,0,0,0,0,0,0,0,0,0,0,0,0,0,0,0,0,0,0,0,0,0,0,0,0,2.270239699,7.373556128,34.32024999,43.690598,8.985634524,4.403900807,8.727310593,25.49669745,12.89827931,0.988289759,3.168623324,14.37462952,32.03012746,39.66871379,8.855596397,0,0,0,0,0,0,0,0,0,0,0,0,0,0,0,0,0,0,0,0,0,0,0,0,0,0,0,0,0,0,0,0,0,0,0,0,0,0,0,0
HS4B,0,0,0,0,0,0,0,0,0,0,0,0,0,0,0,0,0,0,0,0,0,0,0,0,0,0,0,0,0,0,0,0,0,0,0,0,0,0,0,0,0,0,0,0,0,0,0,0,0,0,0,0,0,0,0,0,0,0,0,0,0,0,0,0,0,0,0,0,0,0,0,0,0,0,0,0,0,0,0,0,0,0,0,3.417432089,11.09954483,51.66288107,65.76823214,13.52623503,6.629270001,13.13737544,38.38063093,19.41600864,1.487690105,4.769784894,21.63838479,48.21551901,59.7140185,13.33048634,0,0,0,0,0,0,0,0,0,0,0,0,0,0,0,0,0,0,0,0,0,0,0,0,0,0,0,0,0,0,0,0,0,0,0,0,0,0,0,0
HH1WA,0,0,0,0,0,0,0,0,0,0,0,0,0,0,0,0,0,0,0,0,0,0,0,0,0,0,0,0,0,0,0,0,0,0,0.30925474,0,0,0,0,0,0,0,0.05932578,0,0,0,0.369817191,0,0,0,0,0,0,0,0.087799576,0,0,0,0.158574618,0,0,0,0,0,0,0,0,0,0,0,0,0,0,0,0,0,0,0,0,0,0,0,0,0,0,0,0,0,0,0,0,0,0,0,0,0,0,0,0.142513393,0,0,0,0,0,0,0,0,0,0,0,0.193818215,0,0,0,0,0,0,0,0,0,0,0,0,0,0,0,0,0,0,0,0,0,0,0.976436898,0,0,0,11.20710112
HH2WA,0,0,0,0,0,0,0,0,0,0,0,0,0,0,0,0,0,0,0,0,0,0,0,0,0,0,0,0,0,0,0,0,0,0,0.315439835,2.456256774,0,0,0,0,0,0,0.037078612,0,0,0,0.380694167,2.927340532,0,0,0,0,0,0,0.047890678,0,0,0,1.075034831,0,0,0,0,0,0,0,0,0,0,0,0,0,0,0,0,0,0,0,0,0,0,0,0,0,0,0,0,0,0,0,0,0,0,0,0,0,0,0,0.244099537,0.121254885,0,0,0,0,0,0,0,0,0,0,0.335038581,0.167248117,0,0,0,0,0,0,0,0,0,0,0,0,0,0,0,0,0,0,0,0,0,0.938590506,5.117419629,0,0,15.48718296
HH3WA,0,0,0,0,0,0,0,0,0,0,0,0,0,0,0,0,0,0,0,0,0,0,0,0,0,0,0,0,0,0,0,0,0,0,0.235033602,7.312304648,8.068665592,0,0,0.261612794,0,0,0.111235837,0.50284325,0.553107628,0,0.28823987,8.68444358,10.17333937,0,0,0.356464264,0,0,0.159635593,0.762804252,0.84535162,0,6.59884328,0,0,0,0,0,0,0,0,0,0,0,0,0,0,0,0,0,0,0,0,0,0,0,0,0,0,0,0,0,0,0,0,0,0,0,0,0,0,0,0.107421853,0.591763696,0,0,0,0,0,0,0.1503125,0,0,0,0.149825217,0.813389481,0,0,0,0,0,0,0.200416666,0,0,0,0,0,0,0,0,0,0,0,0,0,0,0.893174837,17.1459936,18.6596493,0,43.58544384
HH4WA,0,0,0,0,0,0,0,0,0,0,0,0,0,0,0,0,0,0,0,0,0,0,0,0,0,0,0,0,0,0,0,0,0,0,0.439141731,2.992680667,13.65041371,2.114102521,0,0,0,0,0.044494335,0.114282557,0.368738419,0,0.527533346,3.561597648,17.15802013,2.603241231,0,0.023764284,0,0,0.063854237,0.15256085,0.59671879,0,7.555377415,0,0,0,0,0,0,0,0,0,0,0,0,0,0,0,0,0,0,0,0,0,0,0,0,0,0,0,0,0,0,0,0,0,0,0,0,0,0,0,0.129923912,0.028595793,0,0,0,0,0,0,0.087092308,0,0,0,0.177501682,0.039386658,0,0,0,0,0,0,0.116123077,0,0,0,0,0,0,0,0,0,0,0,0,0,0,1.294346585,6.541856021,29.99248716,3.647691683,118.1026589
HH5WA,0,0,0,0,0,0,0,0,0,0,0,0,0,0,0,0,0,0,0,0,0,0,0,0,0,0,0,0,0,0,0,0,0,0,0.086591327,0.169397019,0.607913161,4.228205042,0,0,0,0,0,0,0,0,0.103331274,0.195156035,0.759204431,5.380031877,0,0,0,0,0,0,0,0,1.847170902,0,0,0,0,0,0,0,0,0,0,0,0,0,0,0,0,0,0,0,0,0,0,0,0,0,0,0,0,0,0,0,0,0,0,0,0,0,0,0,0.040362921,0.010242567,0,0,0,0,0,0,0,0,0,0,0.05477825,0.013656756,0,0,0,0,0,0,0,0,0,0,0,0,0,0,0,0,0,0,0,0,0,0.234647627,0.31654142,1.317771844,7.599357674,106.3579107
HH1BA,0,0,0,0,0,0,0,0,0,0,0,0,0,0,0,0,0,0,0,0,0,0,0,0,0,0,0,0,0,0,0,0,0,0,0,0,0,0,0.871442424,0,0,0,0,0,0,0,0,0,0,0,1.200903888,0,0,0,0,0,0,0,0.348764815,0,0,0,0,0,0,0,0,0,0,0,0,0,0,0,0,0,0,0,0,0,0,0,0,0,0,0,0,0,0,0,0,0,0,0,0,0,0,0,0,0,0,0,0.005446684,0,0,0,0,0,0,0,0,0,0,0,0.00748919,0,0,0,0,0,0,0,0,0,0,0,0,0,0,0,0,0,0,1.892319569,0,0,0,12.04480472
HH2BA,0,0,0,0,0,0,0,0,0,0,0,0,0,0,0,0,0,0,0,0,0,0,0,0,0,0,0,0,0,0,0,0,0,0,0,0,0,0,0.342352381,2.972872655,0,0,0,0,0,0,0,0,0,0,0.467884632,4.063692608,0,0,0,0,0,0,1.402267974,0,0,0,0,0,0,0,0,0,0,0,0,0,0,0,0,0,0,0,0,0,0,0,0,0,0,0,0,0,0,0,0,0,0,0,0,0,0,0,0,0,0,0,0.106797937,0.094446161,0,0,0,0,0,0,0,0,0,0,0.145633551,0.129202348,0,0,0,0,0,0,0,0,0,0,0,0,0,0,0,0,0,0.734219993,7.359588023,0,0,11.25454363
HH3BA,0,0,0,0,0,0,0,0,0,0,0,0,0,0,0,0,0,0,0,0,0,0,0,0,0,0,0,0,0,0,0,0,0,0,0,0,0,0,0.910346103,4.637681342,2.851240319,0.211246944,0,0,0,0,0,0,0,0,1.255490429,6.368828181,4.032297634,0,0,0,0,0,3.605946196,0,0,0,0,0,0,0,0,0,0,0,0,0,0,0,0,0,0,0,0,0,0,0,0,0,0,0,0,0,0,0,0,0,0,0,0,0,0,0,0,0,0,0,0.366354912,0.064126481,0,0,0,0,0,0,0,0,0,0,0.504129408,0.088132805,0,0,0,0,0,0,0,0,0,0,0,0,0,0,0,0,0,1.97558163,11.47462649,7.274100576,0,26.24685093
HH4BA,0,0,0,0,0,0,0,0,0,0,0,0,0,0,0,0,0,0,0,0,0,0,0,0,0,0,0,0,0,0,0,0,0,0,0,0,0,0,0.365694589,0.7610554,2.518595615,0.211246944,0,0,0,0,0,0,0,0,0.499076941,1.045628507,3.41559329,0.402389345,0,0,0,0,1.613026799,0,0,0,0,0,0,0,0,0,0,0,0,0,0,0,0,0,0,0,0,0,0,0,0,0,0,0,0,0,0,0,0,0,0,0,0,0,0,0,0,0,0,0,0.029782178,0,0,0,0,0,0,0,0,0,0,0,0.040554455,0,0,0,0,0,0,0,0,0,0,0,0,0,0,0,0,0,0,0.787204941,1.899248522,6.430726597,0,33.51860726
HH5BA,0,0,0,0,0,0,0,0,0,0,0,0,0,0,0,0,0,0,0,0,0,0,0,0,0,0,0,0,0,0,0,0,0,0,0,0,0,0,0.015561472,0.023782981,0.047520672,0.105623472,0,0,0,0,0,0,0,0,0.023394232,0.047528569,0.189755183,0,0,0,0,0,0.08207255,0,0,0,0,0,0,0,0,0,0,0,0,0,0,0,0,0,0,0,0,0,0,0,0,0,0,0,0,0,0,0,0,0,0,0,0,0,0,0,0,0,0,0,0.00108,0,0,0,0,0,0,0,0,0,0,0,0.00162,0,0,0,0,0,0,0,0,0,0,0,0,0,0,0,0,0,0,0.037846391,0.079135355,0.210843495,0.151987153,11.77871158
HH1IA,0,0,0,0,0,0,0,0,0,0,0,0,0,0,0,0,0,0,0,0,0,0,0,0,0,0,0,0,0,0,0,0,0,0,0,0,0,0,0,0,0,0,0.600673519,0,0,0,0,0,0,0,0,0,0,0,0.885977542,0,0,0,0.25063227,0,0,0,0,0,0,0,0,0,0,0,0,0,0,0,0,0,0,0,0,0,0,0,0,0,0,0,0,0,0,0,0,0,0,0,0,0,0,0,0,0,0,0,0,0,0,0,0.023045507,0,0,0,0,0,0,0,0,0,0,0,0.03158088,0,0,0,0,0,0,0,0,0,0,0,0,0,0,1.36247009,0,0,0,5.208037938
HH2IA,0,0,0,0,0,0,0,0,0,0,0,0,0,0,0,0,0,0,0,0,0,0,0,0,0,0,0,0,0,0,0,0,0,0,0,0,0,0,0,0,0,0,0.993706809,3.268481122,0,0,0,0,0,0,0,0,0,0,1.476629236,5.009081254,0,0,1.885459908,0,0,0,0,0,0,0,0,0,0,0,0,0,0,0,0,0,0,0,0,0,0,0,0,0,0,0,0,0,0,0,0,0,0,0,0,0,0,0,0,0,0,0,0,0,0,0,0.590799147,0,0,0,0,0,0,0,0,0,0,0,0.815655539,0,0,0,0,0,0,0,0,0,0,0,0,0,0,2.270783483,8.414726091,0,0,9.33270782
HH3IA,0,0,0,0,0,0,0,0,0,0,0,0,0,0,0,0,0,0,0,0,0,0,0,0,0,0,0,0,0,0,0,0,0,0,0,0,0,0,0,0,0,0,0.45235907,6.46839271,5.761537791,0,0,0,0,0,0,0,0,0,0.670469491,9.891028465,8.55296933,0,5.643913066,0,0,0,0,0,0,0,0,0,0,0,0,0,0,0,0,0,0,0,0,0,0,0,0,0,0,0,0,0,0,0,0,0,0,0,0,0,0,0,0,0,0,0,0,0,0,0,0.149434679,0.011261206,0,0,0,0,0,0,0,0,0,0,0.205778903,0.015479184,0,0,0,0,0,0,0,0,0,0,0,0,0,1.036991124,16.61842457,14.70633377,0,1.073761664
HH4IA,0,0,0,0,0,0,0,0,0,0,0,0,0,0,0,0,0,0,0,0,0,0,0,0,0,0,0,0,0,0,0,0,0,0,0,0,0,0,0,0,0.380165376,0,0.318876066,3.291337633,10.00202961,0,0,0,0,0,0,0,0.521826753,0,0.470925,5.009081254,14.81851663,0,6.194289515,0,0,0,0,0,0,0,0,0,0,0,0,0,0,0,0,0,0,0,0,0,0,0,0,0,0,0,0,0,0,0,0,0,0,0,0,0,0,0,0,0,0,0,0,0,0,0,0,0.682719748,0,0,0,0,0,0,0,0,0,0,0,0.933998545,0,0,0,0,0,0,0,0,0,0,0,0,0,0.726650714,8.467482995,26.40814774,0,48.75189564
HH5IA,0,0,0,0,0,0,0,0,0,0,0,0,0,0,0,0,0,0,0,0,0,0,0,0,0,0,0,0,0,0,0,0,0,0,0,0,0,0,0,0,0,0,0.037078612,0,1.659322884,1.161858195,0,0,0,0,0,0,0,0,0.055872458,0,2.486328294,2.1639963,1.369225416,0,0,0,0,0,0,0,0,0,0,0,0,0,0,0,0,0,0,0,0,0,0,0,0,0,0,0,0,0,0,0,0,0,0,0,0,0,0,0,0,0,0,0,0,0,0,0,0.007147059,0,0,0,0,0,0,0,0,0,0,0,0.010005882,0,0,0,0,0,0,0,0,0,0,0,0,0,0,0.083262061,0,4.269580773,3.647691683,37.89555892
HH1WB,0,0,0,0,0,0,0,0,0,0,0,0,0,0,0,0,0,0,0,0,0,0,0,0,0,0,0,0,0,0,0,0,0,0,1.162797822,0,0,0,0,0,0,0,0.222471674,0,0,0,0.08701581,0,0,0,0,0,0,0,0.023945339,0,0,0,0.280106792,0,0,0,0,0,0,0,0,0,0,0,0,0,0,0,0,0,0,0,0,0,0,0,0,0,0,0,0,0,0,0,0,0,0,0,0,0,0,0,0.535850359,0,0,0,0,0,0,0,0,0,0,0,0.045604286,0,0,0,0,0,0,0,0,0,0,0,0,0,0,0,0,0,0,0,0,0,0,1.687949056,0,0,0,32.63682316
HH2WB,0,0,0,0,0,0,0,0,0,0,0,0,0,0,0,0,0,0,0,0,0,0,0,0,0,0,0,0,0,0,0,0,0,0,1.187538201,9.316836038,0,0,0,0,0,0,0.126067282,0,0,0,0.08701581,0.683046124,0,0,0,0,0,0,0.00798178,0,0,0,1.925089025,0,0,0,0,0,0,0,0,0,0,0,0,0,0,0,0,0,0,0,0,0,0,0,0,0,0,0,0,0,0,0,0,0,0,0,0,0,0,0,0.918962964,0.459932323,0,0,0,0,0,0,0,0,0,0,0.076580247,0.039024561,0,0,0,0,0,0,0,0,0,0,0,0,0,0,0,0,0,0,0,0,0,1.612256273,8.86315977,0,0,56.2460844
HH3WB,0,0,0,0,0,0,0,0,0,0,0,0,0,0,0,0,0,0,0,0,0,0,0,0,0,0,0,0,0,0,0,0,0,0,0.896838746,27.72464542,30.67198222,0,0,0.95131925,0,0,0.415280458,1.87423393,2.074153605,0,0.065261857,2.049138373,2.37884055,0,0,0.071292853,0,0,0.039908898,0.177987659,0.198906263,0,11.70582701,0,0,0,0,0,0,0,0,0,0,0,0,0,0,0,0,0,0,0,0,0,0,0,0,0,0,0,0,0,0,0,0,0,0,0,0,0,0,0,0.409899177,2.24367548,0,0,0,0,0,0,0.561166665,0,0,0,0.033922691,0.191923361,0,0,0,0,0,0,0.050104167,0,0,0,0,0,0,0,0,0,0,0,0,0,0,1.544132768,29.67575816,32.25905473,0,152.7748938
HH4WB,0,0,0,0,0,0,0,0,0,0,0,0,0,0,0,0,0,0,0,0,0,0,0,0,0,0,0,0,0,0,0,0,0,0,1.657605406,11.32136743,51.50682419,7.879836669,0,0.071348944,0,0,0.170561617,0.411417204,1.428861372,0,0.125085226,0.829413151,4.049090297,0.520648246,0,0,0,0,0.015963559,0.050853617,0.149179698,0,13.36849872,0,0,0,0,0,0,0,0,0,0,0,0,0,0,0,0,0,0,0,0,0,0,0,0,0,0,0,0,0,0,0,0,0,0,0,0,0,0,0,0.49041702,0.108178423,0,0,0,0,0,0,0.333853847,0,0,0,0.042088028,0.009172235,0,0,0,0,0,0,0.029030769,0,0,0,0,0,0,0,0,0,0,0,0,0,0,2.24050637,11.34273423,51.81478889,6.383460446,290.2141997
HH5WB,0,0,0,0,0,0,0,0,0,0,0,0,0,0,0,0,0,0,0,0,0,0,0,0,0,0,0,0,0,0,0,0,0,0,0.321624929,0.621122403,2.376387811,16.33624675,0,0,0,0,0,0,0,0,0.021753952,0.048789009,0.202454515,1.214845908,0,0,0,0,0,0,0,0,3.302441172,0,0,0,0,0,0,0,0,0,0,0,0,0,0,0,0,0,0,0,0,0,0,0,0,0,0,0,0,0,0,0,0,0,0,0,0,0,0,0,0.149919421,0.037556078,0,0,0,0,0,0,0,0,0,0,0.011532263,0.003414189,0,0,0,0,0,0,0,0,0,0,0,0,0,0,0,0,0,0,0,0,0,0.401171749,0.606704389,2.319278445,13.0708952,128.4823489
HH1BB,0,0,0,0,0,0,0,0,0,0,0,0,0,0,0,0,0,0,0,0,0,0,0,0,0,0,0,0,0,0,0,0,0,0,0,0,0,0,3.299032033,0,0,0,0,0,0,0,0,0,0,0,0.280730779,0,0,0,0,0,0,0,0.602555497,0,0,0,0,0,0,0,0,0,0,0,0,0,0,0,0,0,0,0,0,0,0,0,0,0,0,0,0,0,0,0,0,0,0,0,0,0,0,0,0,0,0,0,0.020619589,0,0,0,0,0,0,0,0,0,0,0,0.00175072,0,0,0,0,0,0,0,0,0,0,0,0,0,0,0,0,0,0,3.269928215,0,0,0,28.01692906
HH2BB,0,0,0,0,0,0,0,0,0,0,0,0,0,0,0,0,0,0,0,0,0,0,0,0,0,0,0,0,0,0,0,0,0,0,0,0,0,0,1.283821428,11.22556715,0,0,0,0,0,0,0,0,0,0,0.109173081,0.95057137,0,0,0,0,0,0,2.421661642,0,0,0,0,0,0,0,0,0,0,0,0,0,0,0,0,0,0,0,0,0,0,0,0,0,0,0,0,0,0,0,0,0,0,0,0,0,0,0,0,0,0,0,0.400492265,0.356628704,0,0,0,0,0,0,0,0,0,0,0.033981162,0.030222772,0,0,0,0,0,0,0,0,0,0,0,0,0,0,0,0,0,1.27163875,12.68803527,0,0,35.88394645
HH3BB,0,0,0,0,0,0,0,0,0,0,0,0,0,0,0,0,0,0,0,0,0,0,0,0,0,0,0,0,0,0,0,0,0,0,0,0,0,0,3.439085279,17.57562314,10.92975456,0.105623472,0,0,0,0,0,0,0,0,0.296326934,1.497149908,0.853898323,0.268259563,0,0,0,0,6.224079114,0,0,0,0,0,0,0,0,0,0,0,0,0,0,0,0,0,0,0,0,0,0,0,0,0,0,0,0,0,0,0,0,0,0,0,0,0,0,0,0,0,0,0,1.384007444,0.243022921,0,0,0,0,0,0,0,0,0,0,0.118987065,0.020717786,0,0,0,0,0,0,0,0,0,0,0,0,0,0,0,0,0,3.406175224,19.83659568,12.54518795,0,77.19982692
HH4BB,0,0,0,0,0,0,0,0,0,0,0,0,0,0,0,0,0,0,0,0,0,0,0,0,0,0,0,0,0,0,0,0,0,0,0,0,0,0,1.377190259,2.901523711,9.741737758,0.211246944,0,0,0,0,0,0,0,0,0.116971158,0.237642843,0.806459527,0.268259563,0,0,0,0,2.768951356,0,0,0,0,0,0,0,0,0,0,0,0,0,0,0,0,0,0,0,0,0,0,0,0,0,0,0,0,0,0,0,0,0,0,0,0,0,0,0,0,0,0,0,0.112158415,0,0,0,0,0,0,0,0,0,0,0,0.00950495,0,0,0,0,0,0,0,0,0,0,0,0,0,0,0,0,0,0,1.370039368,3.27092801,11.17470523,0,70.8311569
HH5BB,0,0,0,0,0,0,0,0,0,0,0,0,0,0,0,0,0,0,0,0,0,0,0,0,0,0,0,0,0,0,0,0,0,0,0,0,0,0,0.070026623,0.118914906,0.332644704,0.105623472,0,0,0,0,0,0,0,0,0.007798077,0,0,0.134129782,0,0,0,0,0.13571987,0,0,0,0,0,0,0,0,0,0,0,0,0,0,0,0,0,0,0,0,0,0,0,0,0,0,0,0,0,0,0,0,0,0,0,0,0,0,0,0,0,0,0,0.00486,0,0,0,0,0,0,0,0,0,0,0,0.00054,0,0,0,0,0,0,0,0,0,0,0,0,0,0,0,0,0,0,0.068123504,0.131892258,0.42168699,0.151987153,30.27203857
HH1IB,0,0,0,0,0,0,0,0,0,0,0,0,0,0,0,0,0,0,0,0,0,0,0,0,0,0,0,0,0,0,0,0,0,0,0,0,0,0,0,0,0,0,2.26179535,0,0,0,0,0,0,0,0,0,0,0,0.207526271,0,0,0,0.424303285,0,0,0,0,0,0,0,0,0,0,0,0,0,0,0,0,0,0,0,0,0,0,0,0,0,0,0,0,0,0,0,0,0,0,0,0,0,0,0,0,0,0,0,0,0,0,0,0.086776293,0,0,0,0,0,0,0,0,0,0,0,0.007397323,0,0,0,0,0,0,0,0,0,0,0,0,0,0,2.354045544,0,0,0,58.9137159
HH2IB,0,0,0,0,0,0,0,0,0,0,0,0,0,0,0,0,0,0,0,0,0,0,0,0,0,0,0,0,0,0,0,0,0,0,0,0,0,0,0,0,0,0,3.767187009,12.36537264,0,0,0,0,0,0,0,0,0,0,0.343216525,1.169633186,0,0,3.175727037,0,0,0,0,0,0,0,0,0,0,0,0,0,0,0,0,0,0,0,0,0,0,0,0,0,0,0,0,0,0,0,0,0,0,0,0,0,0,0,0,0,0,0,0,0,0,0,2.239746021,0,0,0,0,0,0,0,0,0,0,0,0.189584801,0,0,0,0,0,0,0,0,0,0,0,0,0,0,3.920886147,14.53452689,0,0,107.6590991
HH3IB,0,0,0,0,0,0,0,0,0,0,0,0,0,0,0,0,0,0,0,0,0,0,0,0,0,0,0,0,0,0,0,0,0,0,0,0,0,0,0,0,0,0,1.727863333,24.43361062,21.89384361,0,0,0,0,0,0,0,0,0,0.159635593,2.313839564,2.038789201,0,9.556314287,0,0,0,0,0,0,0,0,0,0,0,0,0,0,0,0,0,0,0,0,0,0,0,0,0,0,0,0,0,0,0,0,0,0,0,0,0,0,0,0,0,0,0,0,0,0,0,0.57079148,0.042537913,0,0,0,0,0,0,0,0,0,0,0.048994977,0.003621095,0,0,0,0,0,0,0,0,0,0,0,0,0,1.80148823,28.75251235,25.51206289,0,196.5300029
HH4IB,0,0,0,0,0,0,0,0,0,0,0,0,0,0,0,0,0,0,0,0,0,0,0,0,0,0,0,0,0,0,0,0,0,0,0,0,0,0,0,0,1.42562016,0,1.216178483,12.43394217,37.79568791,0,0,0,0,0,0,0,0.142316387,0,0.111744915,1.195059994,3.480859611,0,10.5039263,0,0,0,0,0,0,0,0,0,0,0,0,0,0,0,0,0,0,0,0,0,0,0,0,0,0,0,0,0,0,0,0,0,0,0,0,0,0,0,0,0,0,0,0,0,0,0,0,2.579163494,0,0,0,0,0,0,0,0,0,0,0,0.22283214,0,0,0,0,0,0,0,0,0,0,0,0,0,1.264069472,14.64004069,45.70032753,0,314.3449487
HH5IB,0,0,0,0,0,0,0,0,0,0,0,0,0,0,0,0,0,0,0,0,0,0,0,0,0,0,0,0,0,0,0,0,0,0,0,0,0,0,0,0,0,0,0.148314449,0,6.314645419,4.330562361,0,0,0,0,0,0,0,0,0.015963559,0,0.59671879,0.57706568,2.274199541,0,0,0,0,0,0,0,0,0,0,0,0,0,0,0,0,0,0,0,0,0,0,0,0,0,0,0,0,0,0,0,0,0,0,0,0,0,0,0,0,0,0,0,0,0,0,0,0.028588235,0,0,0,0,0,0,0,0,0,0,0,0.002858823,0,0,0,0,0,0,0,0,0,0,0,0,0,0,0.158954844,0,7.32681145,6.383460446,148.0790597
USSOC1WA,0,0,0.007358812,0.029026426,0.004905875,0.11283512,0.004088229,0.008585281,0.008585281,0.000817646,0.01839703,0.00981175,0.066638132,0.095664558,0.006949989,0.191329116,0.007767635,0,0,0,0,0,0,0,0,0,0,0,0,0,0,0,0,0,0.437031677,0,0,0,0,0,0,0,0,0,0,0,0,0,0,0,0,0,0,0,0,0,0,0,0,0,0,0,0,0,0,0,0,0,0,0,0,0,0,0,0,0,0,0,0,0,0,0,0,0,0,0,0,0,0,0,0,0,0,0,0,0,0,0,0,0,0,0,0,0,0,0,0,0,0,0,0,0,0,0,0,0,0,0,0,0,0,0,0,0,0,0,0,0,0,0,0.002333631,0.000933453,0,0,0,0,0,0
USSOC2WA,0.001866136,0,0.078377725,0.569171576,0.238865448,0.563573167,0.042921135,0.052251817,0.216471812,0.046653408,0.037322726,0.627021801,0.593431348,0.990918382,0.005598409,0.457203397,0.052251817,0,0,0,0,0,0,0,0,0,0,0,0,0,0,0,0,0,0,4.092436935,0,0,0,0,0,0,0,0,0,0,0,0,0,0,0,0,0,0,0,0,0,0,0,0,0,0,0,0,0,0,0,0,0,0,0,0,0,0,0,0,0,0,0,0,0,0,0,0,0,0,0,0,0,0,0,0,0,0,0,0,0,0,0,0,0,0,0,0,0,0,0,0,0,0,0,0,0,0,0,0,0,0,0,0,0,0,0,0,0,0,0,0,0,0,0.049006259,0.023336314,0.002333631,0,0,0,0,0
USSOC3WA,0,0.003652899,0.233785561,0.701356684,0.233785561,0.869390057,0.05844639,0.036528994,0.409124733,0,0.018264497,0.263008757,0.876695855,2.169822242,0.007305799,0,0.032876095,0,0,0,0,0,0,0,0,0,0,0,0,0,0,0,0,0,0,0,7.064707435,0,0,0,0,0,0,0,0,0,0,0,0,0,0,0,0,0,0,0,0,0,0,0,0,0,0,0,0,0,0,0,0,0,0,0,0,0,0,0,0,0,0,0,0,0,0,0,0,0,0,0,0,0,0,0,0,0,0,0,0,0,0,0,0,0,0,0,0,0,0,0,0,0,0,0,0,0,0,0,0,0,0,0,0,0,0,0,0,0,0,0,0,0,0.134883893,0.063474773,0.006534168,0,0,0,0,0
USSOC4WA,0,0,0,0.940056442,0,0,0.012703465,0,0.025406931,0,0.508138617,1.524415852,0,0.406510894,0,0,0,0,0,0,0,0,0,0,0,0,0,0,0,0,0,0,0,0,0,0,0,2.019851003,0,0,0,0,0,0,0,0,0,0,0,0,0,0,0,0,0,0,0,0,0,0,0,0,0,0,0,0,0,0,0,0,0,0,0,0,0,0,0,0,0,0,0,0,0,0,0,0,0,0,0,0,0,0,0,0,0,0,0,0,0,0,0,0,0,0,0,0,0,0,0,0,0,0,0,0,0,0,0,0,0,0,0,0,0,0,0,0,0,0,0,0,0.000933453,0.000466726,0,0,0,0,0,0
USSOC1BA,0,0,0.013885876,0.061200714,0.084858133,0.172287724,0,0.024686002,0,0.010285834,0.009257251,0.087943883,0.190802226,0.313717945,0.008742959,0.184630725,0.006171501,0,0,0,0,0,0,0,0,0,0,0,0,0,0,0,0,0,0,0,0,0,0.791494947,0,0,0,0,0,0,0,0,0,0,0,0,0,0,0,0,0,0,0,0,0,0,0,0,0,0,0,0,0,0,0,0,0,0,0,0,0,0,0,0,0,0,0,0,0,0,0,0,0,0,0,0,0,0,0,0,0,0,0,0,0,0,0,0,0,0,0,0,0,0,0,0,0,0,0,0,0,0,0,0,0,0,0,0,0,0,0,0,0,0,0,0.046205901,0.021469409,0.002333631,0,0,0,0,0
USSOC2BA,0,0.001572009,0.116328697,0.426014553,0,0.465314789,0.007860047,0,0.259381554,0,0,0.413438478,0.598935589,0.877181257,0,0.337982026,0.018864113,0,0,0,0,0,0,0,0,0,0,0,0,0,0,0,0,0,0,0,0,0,0,2.74315644,0,0,0,0,0,0,0,0,0,0,0,0,0,0,0,0,0,0,0,0,0,0,0,0,0,0,0,0,0,0,0,0,0,0,0,0,0,0,0,0,0,0,0,0,0,0,0,0,0,0,0,0,0,0,0,0,0,0,0,0,0,0,0,0,0,0,0,0,0,0,0,0,0,0,0,0,0,0,0,0,0,0,0,0,0,0,0,0,0,0,0.079810193,0.037338102,0.004200536,0,0,0,0,0
USSOC3BA,0,0,0,0.402051229,0,0.103653833,0.109935883,0,0.122499984,0.009423076,0.219871766,0.043974353,0.109935883,0.656474273,0,0.018846151,0.06596153,0,0,0,0,0,0,0,0,0,0,0,0,0,0,0,0,0,0,0,0,0,0,0,1.865768985,0,0,0,0,0,0,0,0,0,0,0,0,0,0,0,0,0,0,0,0,0,0,0,0,0,0,0,0,0,0,0,0,0,0,0,0,0,0,0,0,0,0,0,0,0,0,0,0,0,0,0,0,0,0,0,0,0,0,0,0,0,0,0,0,0,0,0,0,0,0,0,0,0,0,0,0,0,0,0,0,0,0,0,0,0,0,0,0,0,0.026603398,0.012134883,0.001400179,0,0,0,0,0
USSOC4BA,0,0,0,0,0,0,0,0,0,0,0,0,0,0,0,0,0,0,0,0,0,0,0,0,0,0,0,0,0,0,0,0,0,0,0,0,0,0,0,0,0,0.062833579,0,0,0,0,0,0,0,0,0,0,0,0,0,0,0,0,0,0,0,0,0,0,0,0,0,0,0,0,0,0,0,0,0,0,0,0,0,0,0,0,0,0,0,0,0,0,0,0,0,0,0,0,0,0,0,0,0,0,0,0,0,0,0,0,0,0,0,0,0,0,0,0,0,0,0,0,0,0,0,0,0,0,0,0,0,0,0,0,0,0,0,0,0,0,0,0
USSOC1IA,0,0,0.020096766,0.11224779,0.00294099,0.346546672,0.018136106,0,0,0,0,0.227926736,0.025978746,0.212241455,0.015685281,0.31223512,0.010293466,0,0,0,0,0,0,0,0,0,0,0,0,0,0,0,0,0,0,0,0,0,0,0,0,0,0.840142851,0,0,0,0,0,0,0,0,0,0,0,0,0,0,0,0,0,0,0,0,0,0,0,0,0,0,0,0,0,0,0,0,0,0,0,0,0,0,0,0,0,0,0,0,0,0,0,0,0,0,0,0,0,0,0,0,0,0,0,0,0,0,0,0,0,0,0,0,0,0,0,0,0,0,0,0,0,0,0,0,0,0,0,0,0,0,0,0,0,0,0,0,0,0,0
USSOC2IA,0.001510772,0,0.134458667,0.475893035,0.178271042,0.626970189,0.030215431,0.135969438,0.572582413,0.034747745,0.080070892,0.219061873,0.466828405,1.763070386,0,0.324815881,0.061941633,0,0,0,0,0,0,0,0,0,0,0,0,0,0,0,0,0,0,0,0,0,0,0,0,0,0,4.307209657,0,0,0,0,0,0,0,0,0,0,0,0,0,0,0,0,0,0,0,0,0,0,0,0,0,0,0,0,0,0,0,0,0,0,0,0,0,0,0,0,0,0,0,0,0,0,0,0,0,0,0,0,0,0,0,0,0,0,0,0,0,0,0,0,0,0,0,0,0,0,0,0,0,0,0,0,0,0,0,0,0,0,0,0,0,0,0.239897304,0.112014306,0.012134883,0,0,0,0,0
USSOC3IA,0,0.006093225,0.173656926,1.239971383,0.55753013,0.341220626,0.054839029,0,0,0.057885642,0.344267239,0.67939464,1.501980078,0.770793022,0,0.685487865,0.070072093,0,0,0,0,0,0,0,0,0,0,0,0,0,0,0,0,0,0,0,0,0,0,0,0,0,0,0,5.806843871,0,0,0,0,0,0,0,0,0,0,0,0,0,0,0,0,0,0,0,0,0,0,0,0,0,0,0,0,0,0,0,0,0,0,0,0,0,0,0,0,0,0,0,0,0,0,0,0,0,0,0,0,0,0,0,0,0,0,0,0,0,0,0,0,0,0,0,0,0,0,0,0,0,0,0,0,0,0,0,0,0,0,0,0,0,0.043405543,0.02006923,0.002333631,0,0,0,0,0
USSOC4IA,0,0,0,0.139630177,0,0,0,0,0,0,0,0,0.244352809,0,0,0,0,0,0,0,0,0,0,0,0,0,0,0,0,0,0,0,0,0,0,0,0,0,0,0,0,0,0,0,0,0.363038459,0,0,0,0,0,0,0,0,0,0,0,0,0,0,0,0,0,0,0,0,0,0,0,0,0,0,0,0,0,0,0,0,0,0,0,0,0,0,0,0,0,0,0,0,0,0,0,0,0,0,0,0,0,0,0,0,0,0,0,0,0,0,0,0,0,0,0,0,0,0,0,0,0,0,0,0,0,0,0,0,0,0,0,0,0,0,0,0,0,0,0,0
USSOC1WB,0,0,0,0,0,0,0,0,0,0,0,0,0,0,0,0,0,0.004313684,0,0.024444207,0.043136835,0.001797368,0.089508933,0.008267893,0,0.002156842,0.000359474,0.017614208,0.005032631,0.066862095,0.063626832,0.002516315,0.085914197,0.008627367,0,0,0,0,0,0,0,0,0,0,0,0,0.135881031,0,0,0,0,0,0,0,0,0,0,0,0,0,0,0,0,0,0,0,0,0,0,0,0,0,0,0,0,0,0,0,0,0,0,0,0,0,0,0,0,0,0,0,0,0,0,0,0,0,0,0,0,0,0,0,0,0,0,0,0,0,0,0,0,0,0,0,0,0,0,0,0,0,0,0,0,0,0,0,0,0,0,0,0.000466726,0,0,0,0,0,0,0
USSOC2WB,0,0,0,0,0,0,0,0,0,0,0,0,0,0,0,0,0,0.099970656,0.00483729,0.193491592,1.141600391,0.151568413,0.432131221,0.083846356,0.00161243,0.046760468,0.017736729,0.038698318,0.211228321,0.586924495,0.644971972,0.00322486,0.203166171,0.056435048,0,0,0,0,0,0,0,0,0,0,0,0,0,1.254470486,0,0,0,0,0,0,0,0,0,0,0,0,0,0,0,0,0,0,0,0,0,0,0,0,0,0,0,0,0,0,0,0,0,0,0,0,0,0,0,0,0,0,0,0,0,0,0,0,0,0,0,0,0,0,0,0,0,0,0,0,0,0,0,0,0,0,0,0,0,0,0,0,0,0,0,0,0,0,0,0,0,0,0.007934347,0.00373381,0.000466726,0,0,0,0,0
USSOC3WB,0,0,0,0,0,0,0,0,0,0,0,0,0,0,0,0,0,0.030109174,0.140509477,0.337891837,1.722913822,0.301091736,0.585456153,0.123782158,0,0.093672984,0.003345464,0.036800101,0.107054839,0.920002526,1.498767752,0.003345464,0,0.033454637,0,0,0,0,0,0,0,0,0,0,0,0,0,0,2.29498812,0,0,0,0,0,0,0,0,0,0,0,0,0,0,0,0,0,0,0,0,0,0,0,0,0,0,0,0,0,0,0,0,0,0,0,0,0,0,0,0,0,0,0,0,0,0,0,0,0,0,0,0,0,0,0,0,0,0,0,0,0,0,0,0,0,0,0,0,0,0,0,0,0,0,0,0,0,0,0,0,0,0.022869587,0.010734704,0.000933453,0,0,0,0,0
USSOC4WB,0,0,0,0,0,0,0,0,0,0,0,0,0,0,0,0,0,0.263839516,0,0,1.445381698,0,0,0.022942567,0,0,0,0.481793899,0.516207749,0,0.286782083,0,0,0,0,0,0,0,0,0,0,0,0,0,0,0,0,0,0,0.642391866,0,0,0,0,0,0,0,0,0,0,0,0,0,0,0,0,0,0,0,0,0,0,0,0,0,0,0,0,0,0,0,0,0,0,0,0,0,0,0,0,0,0,0,0,0,0,0,0,0,0,0,0,0,0,0,0,0,0,0,0,0,0,0,0,0,0,0,0,0,0,0,0,0,0,0,0,0,0,0,0,0,0,0,0,0,0,0,0
USSOC1BB,0,0,0,0,0,0,0,0,0,0,0,0,0,0,0,0,0,0.027318211,0,0.030410838,0.124220543,0.06494518,0.129374923,0,0.000515438,0,0.004638941,0.013916824,0.030926276,0.192258351,0.172156271,0,0.084531822,0.006700693,0,0,0,0,0,0,0,0,0,0,0,0,0,0,0,0,0.281429114,0,0,0,0,0,0,0,0,0,0,0,0,0,0,0,0,0,0,0,0,0,0,0,0,0,0,0,0,0,0,0,0,0,0,0,0,0,0,0,0,0,0,0,0,0,0,0,0,0,0,0,0,0,0,0,0,0,0,0,0,0,0,0,0,0,0,0,0,0,0,0,0,0,0,0,0,0,0,0,0.006534168,0.003267084,0.000466726,0,0,0,0,0
USSOC2BB,0,0,0,0,0,0,0,0,0,0,0,0,0,0,0,0,0,0.037698566,0.050264755,0.232474491,0.862354699,0.017278509,0.347140963,0.015707736,0,0.056547849,0,0,0.149223491,0.63930485,0.488510585,0.010995415,0.152365038,0.02199083,0,0,0,0,0,0,0,0,0,0,0,0,0,0,0,0,0,0.969167303,0,0,0,0,0,0,0,0,0,0,0,0,0,0,0,0,0,0,0,0,0,0,0,0,0,0,0,0,0,0,0,0,0,0,0,0,0,0,0,0,0,0,0,0,0,0,0,0,0,0,0,0,0,0,0,0,0,0,0,0,0,0,0,0,0,0,0,0,0,0,0,0,0,0,0,0,0,0,0.011668157,0.005600715,0.000466726,0,0,0,0,0
USSOC3BB,0,0,0,0,0,0,0,0,0,0,0,0,0,0,0,0,0,0,0,0.003135613,0.818395087,0,0.081525947,0.225764162,0,0.031356134,0.003135613,0.200679255,0.015678067,0.0470342,0.34491747,0,0.00940684,0.068983494,0,0,0,0,0,0,0,0,0,0,0,0,0,0,0,0,0,0,0.658478806,0,0,0,0,0,0,0,0,0,0,0,0,0,0,0,0,0,0,0,0,0,0,0,0,0,0,0,0,0,0,0,0,0,0,0,0,0,0,0,0,0,0,0,0,0,0,0,0,0,0,0,0,0,0,0,0,0,0,0,0,0,0,0,0,0,0,0,0,0,0,0,0,0,0,0,0,0,0.004200536,0.001866905,0,0,0,0,0,0
USSOC4BB,0,0,0,0,0,0,0,0,0,0,0,0,0,0,0,0,0,0,0,0,0,0,0,0,0,0,0,0,0,0,0,0,0,0,0,0,0,0,0,0,0,0,0,0,0,0,0,0,0,0,0,0,0,0.070925769,0,0,0,0,0,0,0,0,0,0,0,0,0,0,0,0,0,0,0,0,0,0,0,0,0,0,0,0,0,0,0,0,0,0,0,0,0,0,0,0,0,0,0,0,0,0,0,0,0,0,0,0,0,0,0,0,0,0,0,0,0,0,0,0,0,0,0,0,0,0,0,0,0,0,0,0,0,0,0,0,0,0,0,0
USSOC1IB,0,0,0,0,0,0,0,0,0,0,0,0,0,0,0,0,0,0.011606767,0,0.039040944,0.247435169,0.122398634,0.268010802,0.035875462,0,0,0,0,0.079664628,0.024796275,0.158274095,0,0.139281204,0.011079187,0,0,0,0,0,0,0,0,0,0,0,0,0,0,0,0,0,0,0,0,0.320241253,0,0,0,0,0,0,0,0,0,0,0,0,0,0,0,0,0,0,0,0,0,0,0,0,0,0,0,0,0,0,0,0,0,0,0,0,0,0,0,0,0,0,0,0,0,0,0,0,0,0,0,0,0,0,0,0,0,0,0,0,0,0,0,0,0,0,0,0,0,0,0,0,0,0,0,0,0,0,0,0,0,0,0
USSOC2IB,0,0,0,0,0,0,0,0,0,0,0,0,0,0,0,0,0,0.12436908,0.013445306,0.253780149,1.087389117,0,0.416804484,0.06218454,0.003361326,0.12941107,0.016806632,0.082352499,0.078991172,0.473947034,1.359656562,0.020167959,0.149579028,0.06722653,0,0,0,0,0,0,0,0,0,0,0,0,0,0,0,0,0,0,0,0,0,1.7008312,0,0,0,0,0,0,0,0,0,0,0,0,0,0,0,0,0,0,0,0,0,0,0,0,0,0,0,0,0,0,0,0,0,0,0,0,0,0,0,0,0,0,0,0,0,0,0,0,0,0,0,0,0,0,0,0,0,0,0,0,0,0,0,0,0,0,0,0,0,0,0,0,0,0,0.032204113,0.014935241,0.001400179,0,0,0,0,0
USSOC3IB,0,0,0,0,0,0,0,0,0,0,0,0,0,0,0,0,0,0.11175224,0.154481037,0.424001145,2.100284741,0,0.295814752,0.11503907,0,0,0.023007814,0.345117211,0.239938632,1.4725001,0.578482182,0,0.312248905,0.075597103,0,0,0,0,0,0,0,0,0,0,0,0,0,0,0,0,0,0,0,0,0,0,2.231757964,0,0,0,0,0,0,0,0,0,0,0,0,0,0,0,0,0,0,0,0,0,0,0,0,0,0,0,0,0,0,0,0,0,0,0,0,0,0,0,0,0,0,0,0,0,0,0,0,0,0,0,0,0,0,0,0,0,0,0,0,0,0,0,0,0,0,0,0,0,0,0,0,0,0.006067442,0.002333631,0.000466726,0,0,0,0,0
USSOC4IB,0,0,0,0,0,0,0,0,0,0,0,0,0,0,0,0,0,0,0,0,0.410036541,0,0,0,0,0,0,0,0,0.314679206,0,0,0,0,0,0,0,0,0,0,0,0,0,0,0,0,0,0,0,0,0,0,0,0,0,0,0,0.181178937,0,0,0,0,0,0,0,0,0,0,0,0,0,0,0,0,0,0,0,0,0,0,0,0,0,0,0,0,0,0,0,0,0,0,0,0,0,0,0,0,0,0,0,0,0,0,0,0,0,0,0,0,0,0,0,0,0,0,0,0,0,0,0,0,0,0,0,0,0,0,0,0,0,0,0,0,0,0,0,0
PROTAX,0.391663536,0.514998077,0.29888918,0.94475094,0.345676247,1.8615007,0.373344571,0.053592438,0.270716478,0.241719717,0.255672608,0.106693299,0.73806764,1.012813853,0.094900415,1.255811432,1.642434347,1.922851799,1.188665101,0.394974275,2.182987087,0.638744015,2.455821599,0.832359561,0.087054929,1.298410305,0.218557083,0.295670789,0.136449218,1.679177572,1.612086764,0.188835831,2.438330031,3.182633932,0,0,0,0,0,0,0,0,0,0,0,0,0,0,0,0,0,0,0,0,0,0,0,0,0,0,0,0,0,0,0,0,0,0,0.071469998,0.232844864,1.078812851,1.374197703,0.280754655,0.138483437,0.274883272,0.8016656,0.404294705,0.031116385,0.099859927,0.452402977,1.00551771,1.244419103,0.275804321,0.123463183,0.400998498,1.866449303,2.376039982,0.488668681,0.239498768,0.474620167,1.386595179,0.701451314,0.053746483,0.172320271,0.781740146,1.741904826,2.157316547,0.481596775,0,0,0,0,0,0,0,0,0,0,0,0,0,0,0,0,0,0,0,0,0,0,0,0,0,0,0,0,0,0,0,0,0,0,0,0,0,0,0,0
LOCSTX,0.000223657,0.000749614,0.051524522,0.339404995,0.086177242,0.238551131,0.022462038,0.017089084,0.106900698,0.010584635,0.082759436,0.271282999,0.309669359,0.549143139,0.00293288,0.166407974,0.02160462,0.047088941,0.02407756,0.101908063,0.667218354,0.043651669,0.175232484,0.045925394,0.000363556,0.023836974,0.004571986,0.080601575,0.094971997,0.313824049,0.371814003,0.002665808,0.075271345,0.023187216,0,0,0,0,0,0,0,0,0,0,0,0,0,0,0,0,0,0,0,0,0,0,0,0,0,0,0,0,0,0,0,0,0,0,0,0,0,0,0,0,0,0,0,0,0,0,0,0,0,0,0,0,0,0,0,0,0,0,0,0,0,0,0,0,0,0,0,0,0,0,0,0,0,0,0,0,0,0,0,0,0,0,0,0,0,0,0,0,0,0,0,0,0,0,0,0,0,0,0,0,0,0,0,0
NCSTX,0.000692819,0.002322072,0.159607011,1.051371548,0.266950404,0.738957516,0.069580438,0.052936689,0.331145253,0.032787921,0.2563631,0.840350706,0.95925976,1.701075354,0.009085155,0.515480362,0.06692442,0.145866955,0.074584825,0.315679614,2.066835799,0.135219352,0.542815961,0.142262647,0.001126184,0.073839563,0.014162597,0.249678714,0.294193829,0.9721297,1.151764618,0.008257847,0.233167311,0.071826812,0,0,0,0,0,0,0,0,0,0,0,0,0,0,0,0,0,0,0,0,0,0,0,0,0,0,0,0,0,0,0,0,0,0,0,0,0,0,0,0,0,0,0,0,0,0,0,0,0,0,0,0,0,0,0,0,0,0,0,0,0,0,0,0,0,0,0,0,0,0,0,0,0,0,0,0,0,0,0,0,0,0,0,0,0,0,0,0,0,0,0,0,0,0,0,0,0,0,0,0,0,0,0,0
COUNTYSTX,0.001020997,0.003422001,0.235210332,1.54938965,0.393400596,1.088990024,0.102539592,0.078011962,0.48800353,0.048319041,0.377798253,1.238411567,1.413645962,2.506847891,0.013388649,0.759655271,0.098625462,0.214961829,0.109914478,0.465212063,3.045863282,0.199270623,0.799939311,0.209650217,0.00165964,0.108816198,0.020871196,0.367947579,0.433548801,1.43261219,1.697337331,0.012169459,0.343614985,0.105850039,0,0,0,0,0,0,0,0,0,0,0,0,0,0,0,0,0,0,0,0,0,0,0,0,0,0,0,0,0,0,0,0,0,0,0,0,0,0,0,0,0,0,0,0,0,0,0,0,0,0,0,0,0,0,0,0,0,0,0,0,0,0,0,0,0,0,0,0,0,0,0,0,0,0,0,0,0,0,0,0,0,0,0,0,0,0,0,0,0,0,0,0,0,0,0,0,0,0,0,0,0,0,0,0
NCITX,0,0,0,0,0,0,0,0,0,0,0,0,0,0,0,0,0,0,0,0,0,0,0,0,0,0,0,0,0,0,0,0,0,0,0,0,0,0,0,0,0,0,0,0,0,0,0,0,0,0,0,0,0,0,0,0,0,0,0,0,0,0,0,0,0,0,0,0,0.040695711,0.295046319,0.758849064,0.921934943,5.808134431,0.102076838,0.375552728,0.401400509,0.191383876,0.228281976,0.073227451,0.514400953,0.629750427,0.722681181,3.810583593,0.06444727,0.574130985,1.374761049,1.635069099,5.052571942,0.154191429,0.682865389,0.690755231,0.3193352,0.183799909,0.106361301,0.888003626,1.03848372,1.178595701,2.863628149,0,0,0,0,0,0,0,0,0,0,0,0,0,0,0,0,0,0,0,0,0,0,0,0,0,0,0,0,0,0,0,0,0,0,0,0,0,0,0,0
USPIT,0,0,0,0,0,0,0,0,0,0,0,0,0,0,0,0,0,0,0,0,0,0,0,0,0,0,0,0,0,0,0,0,0,0,0,0,0,0,0,0,0,0,0,0,0,0,0,0,0,0,0,0,0,0,0,0,0,0,0,0,0,0,0,0,0,0,0,0,0.305217831,2.115370063,3.156218594,3.193128704,14.25756326,0.765576283,2.692570444,1.669512171,0.662859514,0.560376961,0.549205886,3.688059493,2.619269234,2.503011782,9.354059774,0.549883939,3.889369391,5.569908168,5.138490377,15.6099522,1.315608716,4.625975277,2.798626864,1.003566671,0.567850953,0.907507345,6.015655332,4.207464968,3.703942952,8.847196844,0,0,0,0,0,0,0,0,0,0,0,0,0,0,0,0,0,0,0,0,0,0,0,0,0,0,0,0,0,0,0,0,0,0,0,0,0,0,0,0
OTX,0.000391994,0.001313818,0.090304955,0.594861462,0.151039381,0.418098958,0.03936831,0.029951349,0.187360548,0.018551263,0.14504913,0.475466785,0.542745012,0.962461058,0.005140341,0.291656553,0.037865547,0.082530891,0.04219977,0.178610157,1.169406731,0.076506523,0.307122917,0.080491589,0.00063719,0.041778105,0.008013136,0.141267134,0.166453593,0.550026768,0.651663426,0.004672254,0.131925053,0.040639299,0,0,0,0,0,0,0,0,0,0,0,0,0,0,0,0,0,0,0,0,0,0,0,0,0,0,0,0,0,0,0,0,0,0,0,0,0,0,0,0,0,0,0,0,0,0,0,0,0,0,0,0,0,0,0,0,0,0,0,0,0,0,0,0,0,0,0,0,0,0,0,0,0,0,0,0,0,0,0,0,0,0,0,0,0,0,0,0,0,0,0,0,0,0,0,0,0,0,0,0,0,0,0,0
CYGF,0,0,0,0,0,0,0,0,0,0,0,0,0,0,0,0,0,0,0,0,0,0,0,0,0,0,0,0,0,0,0,0,0,0,0,0,0,0,0,0,0,0,0,0,0,0,0,0,0,0,0,0,0,0,0,0,0,0,0,0,0,0,0,0,0,0,0,0,0,0,0,0,0,0,0,0,0,0,0,0,0,0,0,0,0,0,0,0,0,0,0,0,0,0,0,0,0,0,0,0,0,0,0,0,0,0,0,0,0,0,0,0,0,0,0,0,0,0,0,0,0,0,52.369793,4.373679,0,19.96592,0,0,7.665571,0,0,0,0,0,0,0,0,0
COUNTY,0,0,0,0,0,0,0,0,0,0,0,0,0,0,0,0,0,0,0,0,0,0,0,0,0,0,0,0,0,0,0,0,0,0,0,0,0,0,0,0,0,0,0,0,0,0,0,0,0,0,0,0,0,0,0,0,0,0,0,0,0,0,0,0,0,0,0,0,0,0,0,0,0,0,0,0,0,0,0,0,0,0,0,0,0,0,0,0,0,0,0,0,0,0,0,0,0,0,0,0,0,0,0,0,0,0,0,0,0,0,0,0,0,0,0,0,0,0,0,0,0,0,0,0,0,0,0,0,0,84.374963,0,0,0,0,0,0,0,55.71510231
STATE,0,0,0,0,0,0,0,0,0,0,0,0,0,0,0,0,0,0,0,0,0,0,0,0,0,0,0,0,0,0,0,0,0,0,0,0,0,0,0,0,0,0,0,0,0,0,0,0,0,0,0,0,0,0,0,0,0,0,0,0,0,0,0,0,0,0,0,0,0,0,0,0,0,0,0,0,0,0,0,0,0,0,0,0,0,0,0,0,0,0,0,0,0,0,0,0,0,0,0,0,0,0,0,0,0,0,0,0,0,0,0,0,0,0,0,0,0,0,0,0,0,0,0,0,13.54830286,0,31.681,0,0,0,0,0,0,0,0,0,0,69.68176926
FED,0,0,0,0,0,0,0,0,0,0,0,0,0,0,0,0,0,0,0,0,0,0,0,0,0,0,0,0,0,0,0,0,0,0,0,0,0,0,0,0,0,0,0,0,0,0,0,0,0,0,0,0,0,0,0,0,0,0,0,0,0,0,0,0,0,0,0,0,0,0,0,0,0,0,0,0,0,0,0,0,0,0,0,0,0,0,0,0,0,0,0,0,0,0,0,0,0,0,-2.156310918,5.139813998,13.18364439,5.438483383,-0.401624761,5.629154115,3.768535405,0.062833579,-2.684281762,6.461981589,12.35584417,0.747021444,-0.560162821,3.907594743,8.267723988,3.659339379,0.309420903,3.800484966,2.514558131,0.070925769,-0.249827389,4.912912258,8.488890696,0.905894684,0,0,0,0,0,112.843,0,0,0,0,0,0,0,0,0,32.54023033
OUT1,0,0,0,0,0,0,0,0,0,0,0,0,0,0,0,0,0,0,0,0,0,0,0,0,0,0,0,0,0,0,0,0,0,0,0,0,0,0,0,0,0,0,0,0,0,0,0,0,0,0,0,0,0,0,0,0,0,0,0,0,0,0,0,0,0,0,0,0,0,0,0,0,0,0,0,0,0,0,0,0,0,0,0,0,0,0,0,0,0,0,0,0,0,0,0,0,0,0,0,0,0,0,0,0,0,0,0,0,0,0,0,0,0,0,0,0,0,0,0,0,0,0,0,0,0,0,0,0,0,0,0,0,0,0,0,0,0,41.61589196
OUT2,0,0,0,0,0,0,0,0,0,0,0,0,0,0,0,0,0,0,0,0,0,0,0,0,0,0,0,0,0,0,0,0,0,0,0,0,0,0,0,0,0,0,0,0,0,0,0,0,0,0,0,0,0,0,0,0,0,0,0,0,0,0,0,0,0,0,0,0,0,0,0,0,0,0,0,0,0,0,0,0,0,0,0,0,0,0,0,0,0,0,0,0,0,0,0,0,0,0,0,0,0,0,0,0,0,0,0,0,0,0,0,0,0,0,0,0,0,0,0,0,0,0,0,0,0,0,0,0,0,0,0,0,0,0,0,0,0,227.7779304
OUT3,0,0,0,0,0,0,0,0,0,0,0,0,0,0,0,0,0,0,0,0,0,0,0,0,0,0,0,0,0,0,0,0,0,0,0,0,0,0,0,0,0,0,0,0,0,0,0,0,0,0,0,0,0,0,0,0,0,0,0,0,0,0,0,0,0,0,0,0,0,0,0,0,0,0,0,0,0,0,0,0,0,0,0,0,0,0,0,0,0,0,0,0,0,0,0,0,0,0,0,0,0,0,0,0,0,0,0,0,0,0,0,0,0,0,0,0,0,0,0,0,0,0,0,0,0,0,0,0,0,0,0,0,0,0,0,0,0,298.3435454
OUT4,0,0,0,0,0,0,0,0,0,0,0,0,0,0,0,0,0,0,0,0,0,0,0,0,0,0,0,0,0,0,0,0,0,0,0,0,0,0,0,0,0,0,0,0,0,0,0,0,0,0,0,0,0,0,0,0,0,0,0,0,0,0,0,0,0,0,0,0,0,0,0,0,0,0,0,0,0,0,0,0,0,0,0,0,0,0,0,0,0,0,0,0,0,0,0,0,0,0,0,0,0,0,0,0,0,0,0,0,0,0,0,0,0,0,0,0,0,0,0,0,0,0,0,0,0,0,0,0,0,0,0,0,0,0,0,0,0,41.03653144
ROW,14.39929797,64.88960849,347.3549924,102.6540767,57.67367863,9.421648027,83.63676001,73.64054743,121.4010042,242.7629781,110.1698036,23.38051979,1.844999603,51.90796114,15.39048875,57.69547127,29.54722711,63.36125025,131.2208019,587.8312526,242.4077594,188.0227884,194.032024,153.8029452,164.3670602,279.2839921,593.4070976,168.3035506,58.51239276,33.52954136,322.5520725,40.6091393,182.1235346,98.17693734,0,0,0,0,0,0,0,0,0,0,0,0,0,0,0,0,0,0,0,0,0,0,0,0,0,0,0,0,0,0,0,0,0,0,0,0,0,0,0,0,0,0,0,0,0,0,0,0,0,0,0,0,0,0,0,0,0,0,0,0,0,0,0,0,0,0,0,0,0,0,0,0,0,0,0,0,0,0,0,0,0,0,0,0,0,0,0,0,0,0,0,0,0,0,0,0,0,0,0,0,0,0,0,0